seccio,codi_barri,nom_barri,nom_districte,x,y,d_axis_m,pop,snap_m,snapped,d_axis_net_m,egress_connector,A_car15_pre,A_car15_post,dA_car15,pct_car15,A_car15_drop,dA_car15_drop,pct_car15_drop,A_car15_turn_pre,A_car15_turn_post,pct_car15_turn,A_car30_pre,A_car30_post,dA_car30,pct_car30,H_car_pre,H_car_post,dH_car,pct_H,n_car15_pre,n_car15_post,n_car30_pre,n_car30_post,A_walk15,n_walk15,band_net,band_euclid
1001,1,el Raval,Ciutat Vella,431195.5804945168,4580638.404357757,1851.719332842896,1302.0,24.7,True,2362.983571504459,0.0,1572745.0,1572745.0,0.0,0.0,1571069.0,-1676.0,-0.1065652728191792,1435158.0,1435158.0,0.0,1606885.0,1606885.0,0.0,0.0,1070251.928390509,1069947.5031256108,-304.42526489822194,-0.02844426221740425,1031.0,1025.0,1051.0,1050.0,52530.0,24.0,2-3.5km,1-2km
1002,1,el Raval,Ciutat Vella,430922.8936169541,4581041.14669859,1450.860445978978,1400.0,53.2,True,1688.9944475175905,0.0,1567300.0,1567300.0,0.0,0.0,1565624.0,-1676.0,-0.10693549416193454,1351175.0,1351175.0,0.0,1608285.0,1608285.0,0.0,0.0,1047890.5685758883,1047609.3938193013,-281.1747565870173,-0.026832454172112784,1028.0,1022.0,1052.0,1051.0,95861.0,46.0,1-2km,1-2km
1003,1,el Raval,Ciutat Vella,430759.393323197,4580801.791143963,1388.6902685666464,3467.0,38.8,True,1706.6124174055008,0.0,1578088.0,1578088.0,0.0,0.0,1576412.0,-1676.0,-0.10620447021965822,1428122.0,1428122.0,0.0,1606885.0,1606885.0,0.0,0.0,1078143.1693180874,1077834.4446679375,-308.72465014993213,-0.028634847294464312,1034.0,1028.0,1051.0,1050.0,79988.0,42.0,1-2km,1-2km
1004,1,el Raval,Ciutat Vella,430530.3401864606,4580877.117006836,1151.5925693909785,2945.0,11.9,True,1361.6537865603625,0.0,1588268.0,1588268.0,0.0,0.0,1586592.0,-1676.0,-0.10552375291827323,1512764.0,1512764.0,0.0,1606885.0,1606885.0,0.0,0.0,1110102.6546415996,1109789.8735397102,-312.78110188944265,-0.02817587189631801,1040.0,1034.0,1051.0,1050.0,99534.0,53.0,1-2km,1-2km
1005,1,el Raval,Ciutat Vella,430828.4951299229,4581142.953002838,1333.5984560598772,2338.0,15.4,True,1546.4140794578436,0.0,1581919.0,1581919.0,0.0,0.0,1580243.0,-1676.0,-0.10594727037225041,1495156.0,1495156.0,0.0,1606885.0,1606885.0,0.0,0.0,1056411.7994132962,1056151.8773487732,-259.9220645229798,-0.024604237160862248,1036.0,1030.0,1051.0,1050.0,96091.0,46.0,1-2km,1-2km
1006,1,el Raval,Ciutat Vella,430747.8452135652,4581278.949374563,1181.572130441071,1613.0,37.9,True,1377.3070534412313,0.0,1613.0,1613.0,0.0,0.0,1613.0,0.0,0.0,1613.0,1613.0,0.0,1613.0,1613.0,0.0,0.0,1613.0,1613.0,0.0,0.0,1.0,1.0,1.0,1.0,97077.0,47.0,1-2km,1-2km
1007,1,el Raval,Ciutat Vella,430595.67778380367,4581178.823243969,1098.903843972541,1899.0,27.2,True,1257.452385592305,0.0,1899.0,1899.0,0.0,0.0,1899.0,0.0,0.0,1899.0,1899.0,0.0,1899.0,1899.0,0.0,0.0,1899.0,1899.0,0.0,0.0,1.0,1.0,1.0,1.0,109407.0,54.0,1-2km,1-2km
1008,1,el Raval,Ciutat Vella,430445.2584882112,4581033.939800193,1004.3555751987418,3245.0,38.4,True,1334.1233839046054,0.0,1567615.0,1567615.0,0.0,0.0,1565939.0,-1676.0,-0.10691400630894703,1359142.0,1359142.0,0.0,1606885.0,1606885.0,0.0,0.0,1048194.8994020208,1047900.7192038662,-294.18019815464504,-0.028065410194465776,1028.0,1022.0,1051.0,1050.0,99642.0,53.0,1-2km,1-2km
1009,1,el Raval,Ciutat Vella,430257.8565081526,4580999.638324074,854.6954274463492,2154.0,77.4,True,968.7379557515922,0.0,1589886.0,1589886.0,0.0,0.0,1588210.0,-1676.0,-0.10541636318578816,1562628.0,1562628.0,0.0,1606885.0,1606885.0,0.0,0.0,1148700.5156628618,1148376.7051743628,-323.81048849900253,-0.028189287293228605,1041.0,1036.0,1051.0,1050.0,121568.0,67.0,500m-1km,500m-1km
1010,1,el Raval,Ciutat Vella,430364.8293961928,4581147.633440343,886.996742775784,2278.0,18.0,True,1334.9242864796377,0.0,2278.0,2278.0,0.0,0.0,2278.0,0.0,0.0,2278.0,2278.0,0.0,2278.0,2278.0,0.0,0.0,2278.0,2278.0,0.0,0.0,1.0,1.0,1.0,1.0,111536.0,61.0,1-2km,500m-1km
1011,1,el Raval,Ciutat Vella,430217.7003024019,4581161.406777958,744.8155986157333,3077.0,41.4,True,1028.9229835830972,0.0,1574408.0,1574408.0,0.0,0.0,1572732.0,-1676.0,-0.10645271111427279,1429005.0,1429005.0,0.0,1606885.0,1606885.0,0.0,0.0,1055894.172798602,1055595.5830519265,-298.5897466754541,-0.028278378114736144,1032.0,1026.0,1051.0,1050.0,125703.0,69.0,1-2km,500m-1km
1012,1,el Raval,Ciutat Vella,430102.4405798922,4581235.538319606,610.3750106176873,1902.0,67.4,True,802.7356396378979,0.0,1589886.0,1589886.0,0.0,0.0,1588210.0,-1676.0,-0.10541636318578816,1540063.0,1540063.0,0.0,1606885.0,1606885.0,0.0,0.0,1127653.4052994777,1127333.8511473425,-319.5541521352716,-0.02833797606902146,1041.0,1035.0,1051.0,1050.0,127114.0,70.0,500m-1km,500m-1km
1013,1,el Raval,Ciutat Vella,430252.78015254514,4581286.607229438,740.3311383104198,1433.0,46.7,True,889.1764944188004,0.0,1534405.0,1534405.0,0.0,0.0,1532729.0,-1676.0,-0.10922800694731834,1305478.0,1305478.0,0.0,1606885.0,1606885.0,0.0,0.0,1006449.8411936498,1006183.6507196376,-266.1904740121681,-0.026448459040588266,1007.0,1001.0,1051.0,1050.0,108422.0,58.0,500m-1km,500m-1km
1014,1,el Raval,Ciutat Vella,430300.7917719471,4581381.2552058,773.4049092177901,1984.0,20.8,True,921.763693641983,0.0,1564423.0,1564423.0,0.0,0.0,1562747.0,-1676.0,-0.10713215031995822,1387488.0,1387488.0,0.0,1606885.0,1606885.0,0.0,0.0,1029384.210369464,1029110.5895665437,-273.6208029203117,-0.02658101806536399,1026.0,1020.0,1051.0,1050.0,112253.0,60.0,500m-1km,500m-1km
1015,1,el Raval,Ciutat Vella,430120.7858716635,4581393.308650152,593.0416020616796,2231.0,35.3,True,815.6389621658066,0.0,1478629.0,1478629.0,0.0,0.0,1476953.0,-1676.0,-0.1133482435418215,1167874.0,1167874.0,0.0,1606885.0,1606885.0,0.0,0.0,965249.9555374758,964994.7150542351,-255.24048324069008,-0.02644294172472307,965.0,957.0,1051.0,1050.0,120237.0,66.0,500m-1km,500m-1km
1016,1,el Raval,Ciutat Vella,430125.95503816416,4581595.500737373,518.2432034844659,2064.0,2.8,True,632.9874024385228,0.0,1593522.0,1593522.0,0.0,0.0,1591846.0,-1676.0,-0.10517583064432119,1565246.0,1565246.0,0.0,1606885.0,1606885.0,0.0,0.0,1152346.7846822285,1152038.60915058,-308.1755316485651,-0.026743297742054938,1043.0,1039.0,1051.0,1051.0,106723.0,59.0,500m-1km,500m-1km
1017,1,el Raval,Ciutat Vella,430225.8649741459,4581481.741300184,669.5430500893633,2520.0,21.8,True,774.1175161379416,0.0,1554342.0,1554342.0,0.0,0.0,1552666.0,-1676.0,-0.10782697758923068,1347089.0,1347089.0,0.0,1606885.0,1606885.0,0.0,0.0,1021507.3839073633,1021236.309082944,-271.07482441933826,-0.026536746448415395,1020.0,1014.0,1051.0,1050.0,104668.0,56.0,500m-1km,500m-1km
1018,1,el Raval,Ciutat Vella,430342.5837420301,4581565.990135246,692.0887531822223,1522.0,55.5,True,732.1862934339139,0.0,1562553.0,1562553.0,0.0,0.0,1560877.0,-1676.0,-0.10726036172853017,1357771.0,1357771.0,0.0,1608407.0,1608407.0,0.0,0.0,1028358.4992537448,1028085.6203543303,-272.87889941455796,-0.026535386211382475,1025.0,1019.0,1052.0,1051.0,89310.0,46.0,500m-1km,500m-1km
1019,1,el Raval,Ciutat Vella,430626.027107289,4581415.3574799895,998.9727136700184,2845.0,37.2,True,1173.5925423226176,0.0,2845.0,2845.0,0.0,0.0,2845.0,0.0,0.0,2845.0,2845.0,0.0,2845.0,2845.0,0.0,0.0,2845.0,2845.0,0.0,0.0,1.0,1.0,1.0,1.0,87190.0,41.0,1-2km,500m-1km
1020,1,el Raval,Ciutat Vella,430520.7806557998,4581652.109321257,757.0898871327424,2216.0,69.7,True,1116.1433201846487,0.0,2216.0,2216.0,0.0,0.0,2216.0,0.0,0.0,2216.0,2216.0,0.0,2216.0,2216.0,0.0,0.0,2216.0,2216.0,0.0,0.0,1.0,1.0,1.0,1.0,93531.0,45.0,1-2km,500m-1km
1021,1,el Raval,Ciutat Vella,430341.42104544624,4581820.474882717,511.2155781844389,2085.0,26.2,True,583.2967008719552,0.0,1588268.0,1588268.0,0.0,0.0,1586592.0,-1676.0,-0.10552375291827323,1521330.0,1521330.0,0.0,1606885.0,1606885.0,0.0,0.0,1114739.7540231291,1114442.0271178503,-297.7269052788615,-0.02670819841172401,1040.0,1035.0,1051.0,1050.0,88925.0,48.0,500m-1km,500m-1km
1022,2,el Barri Gòtic,Ciutat Vella,430772.8767273828,4581818.327841457,817.6441202055082,1606.0,33.6,True,878.0769070373807,0.0,1593603.0,1593603.0,0.0,0.0,1591927.0,-1676.0,-0.10517048474431838,1575047.0,1575047.0,0.0,1606885.0,1606885.0,0.0,0.0,1153640.6186384808,1153355.6013253313,-285.01731314952485,-0.024705901347847864,1043.0,1039.0,1051.0,1051.0,87551.0,43.0,500m-1km,500m-1km
1023,2,el Barri Gòtic,Ciutat Vella,430934.7301605037,4581962.843950045,733.5099800299622,1962.0,105.8,True,862.3167098224709,0.0,1597052.0,1597052.0,0.0,0.0,1595376.0,-1676.0,-0.1049433581373681,1581810.0,1581810.0,0.0,1606885.0,1606885.0,0.0,0.0,1170615.4619964715,1170350.8364252409,-264.62557123065926,-0.022605678792192215,1045.0,1041.0,1051.0,1051.0,80597.0,42.0,500m-1km,500m-1km
1025,2,el Barri Gòtic,Ciutat Vella,431133.30515081104,4581670.553537052,1048.5015171201987,1299.0,117.8,True,1475.597183262065,0.0,1588606.0,1588606.0,0.0,0.0,1586930.0,-1676.0,-0.10550130114074856,1562605.0,1562605.0,0.0,1606885.0,1606885.0,0.0,0.0,1110633.373535472,1110384.8954515874,-248.47808388457634,-0.02237264697832712,1040.0,1034.0,1051.0,1051.0,68323.0,34.0,1-2km,1-2km
1026,2,el Barri Gòtic,Ciutat Vella,431396.925457801,4581523.680807862,1267.5708977005677,8923.0,27.1,True,1959.6132489726597,0.0,1490191.0,1490191.0,0.0,0.0,1488515.0,-1676.0,-0.11246880433447792,1052051.0,1052051.0,0.0,1615808.0,1615808.0,0.0,0.0,965191.0839703889,964936.7340688644,-254.3499015244888,-0.026352284614793647,968.0,960.0,1052.0,1051.0,66897.0,35.0,1-2km,1-2km
1027,2,el Barri Gòtic,Ciutat Vella,431272.492008581,4581417.481214692,1327.6283380089317,1485.0,23.1,True,1779.631939295678,0.0,1530029.0,1530029.0,0.0,0.0,1528353.0,-1676.0,-0.10954040740404267,1293350.0,1293350.0,0.0,1606885.0,1606885.0,0.0,0.0,988627.1587032535,988371.1744719379,-255.9842313155532,-0.02589289896216471,1004.0,996.0,1051.0,1050.0,70426.0,33.0,1-2km,1-2km
1028,2,el Barri Gòtic,Ciutat Vella,430919.7047976171,4581523.859021435,1129.7482177687127,1925.0,13.8,True,1339.64502495836,0.0,1925.0,1925.0,0.0,0.0,1925.0,0.0,0.0,1925.0,1925.0,0.0,1925.0,1925.0,0.0,0.0,1925.0,1925.0,0.0,0.0,1.0,1.0,1.0,1.0,94753.0,45.0,1-2km,1-2km
1029,2,el Barri Gòtic,Ciutat Vella,431083.23882112914,4581302.038708196,1402.2585739512276,1410.0,39.1,True,2006.9287406127987,0.0,1487192.0,1487192.0,0.0,0.0,1485516.0,-1676.0,-0.11269560352664619,1149373.0,1149373.0,0.0,1606885.0,1606885.0,0.0,0.0,990940.5524798656,990661.2744178869,-279.2780619787518,-0.028183129783098296,972.0,966.0,1051.0,1050.0,79501.0,38.0,2-3.5km,1-2km
1030,2,el Barri Gòtic,Ciutat Vella,431464.8602091031,4581021.915093964,1762.140781712209,2500.0,39.2,True,2845.7584542347445,0.0,1556412.0,1556412.0,0.0,0.0,1554736.0,-1676.0,-0.10768356964608343,1405172.0,1405172.0,0.0,1606885.0,1606885.0,0.0,0.0,1048396.5731575994,1048099.9950887633,-296.5780688361265,-0.02828872932528592,1021.0,1015.0,1051.0,1050.0,40615.0,20.0,2-3.5km,1-2km
1031,2,el Barri Gòtic,Ciutat Vella,431410.8894814902,4581273.028020853,1506.9673709728215,1638.0,4.1,True,1928.909548151956,0.0,1472951.0,1472951.0,0.0,0.0,1471275.0,-1676.0,-0.11378518362117952,1117542.0,1117542.0,0.0,1606885.0,1606885.0,0.0,0.0,973026.281463932,972754.6142664906,-271.6671974414494,-0.027919821141184614,961.0,954.0,1051.0,1050.0,63956.0,33.0,1-2km,1-2km
1032,3,la Barceloneta,Ciutat Vella,432083.7996313847,4580470.413265121,2513.878477499117,1726.0,37.7,True,3130.8489375099234,0.0,1571017.0,1571017.0,0.0,0.0,1569341.0,-1676.0,-0.1066824865676183,1439791.0,1438489.0,-0.09042979154613412,1606885.0,1606885.0,0.0,0.0,1005685.9367550857,1004342.4386368656,-1343.49811822013,-0.13359022624448924,1029.0,1020.0,1051.0,1050.0,11410.0,9.0,2-3.5km,2-3.5km
1033,3,la Barceloneta,Ciutat Vella,432197.8298132439,4581009.01710496,2119.365087946549,1055.0,38.7,True,2602.606699517917,0.0,1583572.0,1583572.0,0.0,0.0,1581896.0,-1676.0,-0.10583667809231283,1500446.0,1500446.0,0.0,1606885.0,1606885.0,0.0,0.0,1062747.875009529,1061341.8370596222,-1406.037949906895,-0.1323021182135309,1037.0,1029.0,1051.0,1050.0,18126.0,13.0,2-3.5km,2-3.5km
1034,3,la Barceloneta,Ciutat Vella,432389.4626483811,4581050.602351856,2209.40873066272,898.0,52.6,True,2842.688448191737,0.0,1581764.0,1581764.0,0.0,0.0,1580088.0,-1676.0,-0.1059576523425745,1457137.0,1455835.0,-0.08935330034169746,1606885.0,1606885.0,0.0,0.0,1044150.660475227,1042879.1756547459,-1271.484820481157,-0.12177216072462788,1036.0,1028.0,1051.0,1050.0,14342.0,11.0,2-3.5km,2-3.5km
1035,3,la Barceloneta,Ciutat Vella,432428.5195170867,4581212.817639583,2119.115508393046,1179.0,11.9,True,2764.964950187093,0.0,1583572.0,1583572.0,0.0,0.0,1581896.0,-1676.0,-0.10583667809231283,1476035.0,1476035.0,0.0,1606885.0,1606885.0,0.0,0.0,1049465.0126487233,1048201.1523178895,-1263.8603308338206,-0.12042901055309975,1037.0,1029.0,1051.0,1050.0,14342.0,11.0,2-3.5km,2-3.5km
1036,3,la Barceloneta,Ciutat Vella,432610.2201360517,4581663.680949529,1984.799558662559,1182.0,62.4,True,2730.122001266002,0.0,1592234.0,1592234.0,0.0,0.0,1590558.0,-1676.0,-0.10526091014260466,1569324.0,1569324.0,0.0,1606885.0,1606885.0,0.0,0.0,1092519.4538946715,1092336.9126896898,-182.5412049817387,-0.016708279594565213,1042.0,1034.0,1051.0,1050.0,16219.0,12.0,2-3.5km,1-2km
1037,3,la Barceloneta,Ciutat Vella,432260.7822550525,4581374.863716303,1885.8955131994928,1296.0,29.4,True,2432.678448169505,0.0,1585335.0,1585335.0,0.0,0.0,1583659.0,-1676.0,-0.10571898053092879,1489623.0,1489623.0,0.0,1606885.0,1606885.0,0.0,0.0,1064790.1045858648,1063507.6714636146,-1282.4331222502515,-0.12043999251373921,1038.0,1030.0,1051.0,1050.0,34274.0,18.0,2-3.5km,1-2km
1038,3,la Barceloneta,Ciutat Vella,432312.90103457775,4581194.37418496,2051.610195916192,1445.0,0.8,True,2644.0110109554075,0.0,1585335.0,1585335.0,0.0,0.0,1583659.0,-1676.0,-0.10571898053092879,1483005.0,1483005.0,0.0,1606885.0,1606885.0,0.0,0.0,1058326.4337936766,1057052.099476375,-1274.3343173016328,-0.12041032677731146,1038.0,1030.0,1051.0,1050.0,18126.0,13.0,2-3.5km,2-3.5km
1039,3,la Barceloneta,Ciutat Vella,432198.8813217835,4581209.242373935,1964.4103425716603,1315.0,6.2,True,2486.3232718512845,0.0,1585335.0,1585335.0,0.0,0.0,1583659.0,-1676.0,-0.10571898053092879,1492509.0,1492509.0,0.0,1606885.0,1606885.0,0.0,0.0,1057636.6919619492,1056363.2128619116,-1273.479100037599,-0.1204079916776767,1038.0,1030.0,1051.0,1050.0,31187.0,16.0,2-3.5km,1-2km
1040,3,la Barceloneta,Ciutat Vella,432115.9094248079,4581184.9979650425,1930.1382848073367,1062.0,10.8,True,2392.905195704856,0.0,1585335.0,1585335.0,0.0,0.0,1583659.0,-1676.0,-0.10571898053092879,1500037.0,1500037.0,0.0,1606885.0,1606885.0,0.0,0.0,1066287.0378835124,1064885.305447153,-1401.7324363593943,-0.13145920249970514,1038.0,1030.0,1051.0,1050.0,34274.0,18.0,2-3.5km,1-2km
1041,3,la Barceloneta,Ciutat Vella,432121.8515854089,4581382.1708159335,1784.019273276062,1434.0,46.7,True,2229.141690094904,0.0,1590535.0,1590535.0,0.0,0.0,1588859.0,-1676.0,-0.10537334921897348,1544473.0,1544473.0,0.0,1606885.0,1606885.0,0.0,0.0,1101999.751614867,1100550.4235970268,-1449.328017840162,-0.13151799859449342,1041.0,1035.0,1051.0,1050.0,39608.0,21.0,2-3.5km,1-2km
1042,3,la Barceloneta,Ciutat Vella,432129.4179153336,4581533.813888441,1680.9360567356134,1750.0,32.1,True,2206.228921485875,0.0,1590535.0,1590535.0,0.0,0.0,1588859.0,-1676.0,-0.10537334921897348,1554515.0,1554515.0,0.0,1606885.0,1606885.0,0.0,0.0,1100062.9510439143,1098738.0498897922,-1324.9011541220825,-0.12043866697490412,1041.0,1034.0,1051.0,1050.0,39101.0,21.0,2-3.5km,1-2km
1043,4,"Sant Pere, Santa Caterina i la Ribera",Ciutat Vella,432040.096370372,4581965.015920314,1341.7046942223408,1664.0,132.1,True,1519.817760188637,0.0,1594024.0,1594024.0,0.0,0.0,1592348.0,-1676.0,-0.10514270801443391,1580709.0,1580709.0,0.0,1606885.0,1606885.0,0.0,0.0,1146096.8234603233,1144556.8784866226,-1539.9449737006798,-0.13436429995951307,1043.0,1037.0,1051.0,1051.0,45516.0,25.0,1-2km,1-2km
1044,4,"Sant Pere, Santa Caterina i la Ribera",Ciutat Vella,431714.1684540718,4581934.747696864,1103.7269643179827,1423.0,43.8,True,1336.5220029811067,0.0,1423.0,1423.0,0.0,0.0,1423.0,0.0,0.0,1423.0,1423.0,0.0,1423.0,1423.0,0.0,0.0,1423.0,1423.0,0.0,0.0,1.0,1.0,1.0,1.0,63176.0,34.0,1-2km,1-2km
1045,4,"Sant Pere, Santa Caterina i la Ribera",Ciutat Vella,431593.959221052,4581768.520833289,1149.472093775161,1950.0,54.7,True,1564.336017104633,0.0,1590535.0,1590535.0,0.0,0.0,1588859.0,-1676.0,-0.10537334921897348,1508899.0,1507639.0,-0.08350459507230107,1606885.0,1606885.0,0.0,0.0,1086271.6887974092,1084817.0278188672,-1454.6609785419423,-0.13391318153125853,1041.0,1034.0,1051.0,1051.0,61684.0,34.0,1-2km,1-2km
1046,4,"Sant Pere, Santa Caterina i la Ribera",Ciutat Vella,431506.4949270449,4581632.108989717,1217.3120739365058,1834.0,29.8,True,1523.6270569607846,0.0,1586899.0,1586899.0,0.0,0.0,1585223.0,-1676.0,-0.10561478707844671,1549667.0,1549667.0,0.0,1606885.0,1606885.0,0.0,0.0,1114904.245867995,1114647.3155084439,-256.9303595512174,-0.02304506064116631,1039.0,1033.0,1051.0,1051.0,61135.0,33.0,1-2km,1-2km
1047,4,"Sant Pere, Santa Caterina i la Ribera",Ciutat Vella,431321.0294111792,4581864.421155228,925.46354638972,1744.0,72.1,True,1382.7235967928236,0.0,1592279.0,1592279.0,0.0,0.0,1590603.0,-1676.0,-0.1052579353241486,1565889.0,1565889.0,0.0,1608629.0,1608629.0,0.0,0.0,1117280.3614701848,1117030.4801674113,-249.88130277348682,-0.02236513872352307,1042.0,1037.0,1052.0,1052.0,65150.0,34.0,1-2km,500m-1km
1048,4,"Sant Pere, Santa Caterina i la Ribera",Ciutat Vella,431443.8668554011,4581990.416581013,881.8217617181681,2105.0,41.3,True,1064.071961296418,0.0,1586899.0,1586899.0,0.0,0.0,1585223.0,-1676.0,-0.10561478707844671,1449721.0,1449721.0,0.0,1606885.0,1606885.0,0.0,0.0,1080285.82828813,1079969.0025478825,-316.8257402474992,-0.029327954875568038,1039.0,1033.0,1051.0,1050.0,67783.0,36.0,1-2km,500m-1km
1049,4,"Sant Pere, Santa Caterina i la Ribera",Ciutat Vella,431233.6647810888,4582020.03754916,747.3652324385436,1476.0,50.9,True,1106.8871932618054,0.0,1590535.0,1590535.0,0.0,0.0,1588859.0,-1676.0,-0.10537334921897348,1561221.0,1561221.0,0.0,1606885.0,1606885.0,0.0,0.0,1106471.9149109419,1106222.8617423628,-249.0531685790047,-0.022508765493523673,1041.0,1035.0,1051.0,1051.0,70986.0,37.0,1-2km,500m-1km
1050,4,"Sant Pere, Santa Caterina i la Ribera",Ciutat Vella,431141.7258880728,4582078.840686461,657.5510541101671,1569.0,63.8,True,851.5256822878841,0.0,1596941.0,1596941.0,0.0,0.0,1595265.0,-1676.0,-0.1049506525288035,1575349.0,1572250.0,-0.19671831448142602,1610223.0,1610223.0,0.0,0.0,1131708.9914512301,1131376.531206349,-332.460244881222,-0.029376831623021443,1045.0,1040.0,1053.0,1053.0,70996.0,37.0,500m-1km,500m-1km
1051,4,"Sant Pere, Santa Caterina i la Ribera",Ciutat Vella,431284.7312299071,4582219.351890456,603.2699288161522,1769.0,58.1,True,616.0313579753655,0.0,1598821.0,1598821.0,0.0,0.0,1597145.0,-1676.0,-0.10482724457584683,1583579.0,1583579.0,0.0,1608654.0,1608654.0,0.0,0.0,1170774.6923804895,1170430.2783752566,-344.4140052329749,-0.02941761617110903,1046.0,1041.0,1052.0,1052.0,68585.0,37.0,500m-1km,500m-1km
1052,4,"Sant Pere, Santa Caterina i la Ribera",Ciutat Vella,431159.7296505914,4582267.583636728,493.4369622403361,2511.0,40.4,True,581.4603426238914,0.0,1599042.0,1599042.0,0.0,0.0,1597366.0,-1676.0,-0.10481275663803702,1581810.0,1581810.0,0.0,1606885.0,1606885.0,0.0,0.0,1182067.9722125398,1181719.7345508076,-348.2376617321279,-0.02946003697911829,1046.0,1042.0,1051.0,1051.0,75495.0,41.0,500m-1km,250-500m
1053,4,"Sant Pere, Santa Caterina i la Ribera",Ciutat Vella,431445.8496028289,4582229.871943877,706.4663679092259,1873.0,10.3,True,743.9974774992664,0.0,1593603.0,1593603.0,0.0,0.0,1591927.0,-1676.0,-0.10517048474431838,1567327.0,1567327.0,0.0,1606885.0,1606885.0,0.0,0.0,1133980.7573506185,1133646.7838767176,-333.9734739009291,-0.029451423380517466,1043.0,1038.0,1051.0,1051.0,75023.0,41.0,500m-1km,500m-1km
1054,4,"Sant Pere, Santa Caterina i la Ribera",Ciutat Vella,431544.17012753006,4582141.701845812,838.5244369217697,1219.0,36.4,True,1103.2184844129579,0.0,1595683.0,1595683.0,0.0,0.0,1594007.0,-1676.0,-0.10503339322409276,1578901.0,1578901.0,0.0,1606885.0,1606885.0,0.0,0.0,1145282.2696408753,1143746.3981789676,-1535.8714619076345,-0.13410418572089094,1044.0,1038.0,1051.0,1051.0,70163.0,38.0,1-2km,500m-1km
1055,4,"Sant Pere, Santa Caterina i la Ribera",Ciutat Vella,431627.40512533416,4582354.018588233,790.2185968059839,1281.0,40.0,True,922.8639392361148,0.0,1597052.0,1597052.0,0.0,0.0,1595376.0,-1676.0,-0.1049433581373681,1580709.0,1580709.0,0.0,1606885.0,1606885.0,0.0,0.0,1162818.4594881465,1161258.1391006606,-1560.3203874859028,-0.13418434965099627,1045.0,1040.0,1051.0,1051.0,77224.0,43.0,500m-1km,500m-1km
2001,5,el Fort Pienc,Eixample,431711.9247585261,4582788.575849686,802.2116510418226,1339.0,107.4,True,894.9402238604663,0.0,1599042.0,1599042.0,0.0,0.0,1597366.0,-1676.0,-0.10481275663803702,1585170.0,1583517.0,-0.10427903631787126,1606885.0,1606885.0,0.0,0.0,1185749.612748232,1183998.8990655832,-1750.7136826487258,-0.14764615259633668,1046.0,1041.0,1051.0,1051.0,75561.0,46.0,500m-1km,500m-1km
2002,5,el Fort Pienc,Eixample,431513.2867800745,4582859.7763558505,603.3363221895833,3665.0,36.3,True,743.2327715391009,0.0,1601984.0,1601984.0,0.0,0.0,1600308.0,-1676.0,-0.10462027086412848,1587042.0,1585170.0,-0.11795529040819336,1606885.0,1606885.0,0.0,0.0,1195717.6555962272,1193948.6220100857,-1769.0335861414205,-0.1479474337325326,1048.0,1043.0,1051.0,1051.0,81337.0,50.0,500m-1km,500m-1km
2003,5,el Fort Pienc,Eixample,431704.5917852472,4583045.899108369,710.458387235548,1167.0,37.1,True,1013.1417846845393,0.0,1599042.0,1599042.0,0.0,0.0,1597366.0,-1676.0,-0.10481275663803702,1588741.0,1588741.0,0.0,1606885.0,1606885.0,0.0,0.0,1184636.023043653,1182893.31824274,-1742.7048009131104,-0.14710888129466354,1046.0,1041.0,1051.0,1051.0,76609.0,47.0,1-2km,500m-1km
2004,5,el Fort Pienc,Eixample,431563.3645494582,4583095.670613094,562.3855215788152,1492.0,72.2,True,869.7387568241971,0.0,1601984.0,1601984.0,0.0,0.0,1600308.0,-1676.0,-0.10462027086412848,1589204.0,1589204.0,0.0,1606885.0,1606885.0,0.0,0.0,1184905.004763473,1184588.4567862628,-316.54797721025534,-0.026715051074785834,1048.0,1043.0,1051.0,1051.0,84741.0,52.0,500m-1km,500m-1km
2005,5,el Fort Pienc,Eixample,431419.8929006075,4582955.484081382,473.5867335222137,2045.0,37.0,True,610.1100435025572,0.0,1601984.0,1601984.0,0.0,0.0,1600308.0,-1676.0,-0.10462027086412848,1587042.0,1587042.0,0.0,1606885.0,1606885.0,0.0,0.0,1190077.1836434798,1187865.9983838494,-2211.185259630438,-0.18580183621878923,1048.0,1043.0,1051.0,1051.0,81517.0,51.0,500m-1km,250-500m
2006,5,el Fort Pienc,Eixample,431322.4068483696,4582767.511778739,413.5585868362435,1666.0,9.9,True,555.1436835860629,0.0,1601984.0,1601984.0,0.0,0.0,1600308.0,-1676.0,-0.10462027086412848,1590305.0,1590305.0,0.0,1606885.0,1606885.0,0.0,0.0,1192860.485170677,1192194.5936536193,-665.891517057782,-0.05582308453804678,1048.0,1043.0,1051.0,1051.0,82348.0,51.0,500m-1km,250-500m
2007,5,el Fort Pienc,Eixample,431232.0507041976,4582965.623710752,317.15092748387804,1254.0,7.7,True,302.4277633569507,0.0,1603449.0,1601984.0,-1465.0,-0.09136555013598811,1600308.0,-3141.0,-0.19589023411408782,1594024.0,1594024.0,0.0,1606885.0,1606885.0,0.0,0.0,1208339.3582304055,1204097.1953216875,-4242.16290871799,-0.35107380056961585,1049.0,1043.0,1051.0,1051.0,81398.0,51.0,250-500m,250-500m
2008,5,el Fort Pienc,Eixample,431416.49844638,4583150.422702855,409.3793036591584,1940.0,33.6,True,601.1041189398138,0.0,1601984.0,1601984.0,0.0,0.0,1600308.0,-1676.0,-0.10462027086412848,1595683.0,1595683.0,0.0,1606885.0,1606885.0,0.0,0.0,1202943.9214286131,1202836.4349052391,-107.4865233739838,-0.008935289622340256,1048.0,1043.0,1051.0,1051.0,87392.0,55.0,500m-1km,250-500m
2009,5,el Fort Pienc,Eixample,431606.7223397392,4583242.055671166,599.7194060376253,1790.0,41.5,True,800.9387815269911,0.0,1601984.0,1601984.0,0.0,0.0,1600308.0,-1676.0,-0.10462027086412848,1595683.0,1595683.0,0.0,1606885.0,1606885.0,0.0,0.0,1206113.1857056008,1206020.512821115,-92.67288448568434,-0.007683597657666665,1048.0,1043.0,1051.0,1051.0,84745.0,53.0,500m-1km,500m-1km
2010,5,el Fort Pienc,Eixample,431658.92201116745,4583388.310750612,678.9897246105688,1211.0,68.6,True,894.9092900710712,0.0,1603449.0,1603449.0,0.0,0.0,1601773.0,-1676.0,-0.1045246839780997,1597673.0,1597673.0,0.0,1606885.0,1606885.0,0.0,0.0,1211709.3633529888,1211613.547802615,-95.81555037386715,-0.007907469668199194,1049.0,1044.0,1051.0,1051.0,90043.0,55.0,500m-1km,500m-1km
2011,5,el Fort Pienc,Eixample,431757.92110728816,4583285.58648372,754.6818772804316,1097.0,46.5,True,1016.6432960768226,0.0,1600615.0,1600615.0,0.0,0.0,1598939.0,-1676.0,-0.10470975218900236,1595683.0,1595683.0,0.0,1606885.0,1606885.0,0.0,0.0,1202342.6762966767,1202195.494024769,-147.18227190780453,-0.01224129150610699,1047.0,1042.0,1051.0,1051.0,89503.0,55.0,1-2km,500m-1km
2012,5,el Fort Pienc,Eixample,431912.4573860064,4583117.080619802,906.3373233836984,1568.0,40.4,True,1208.5678127870117,0.0,1601984.0,1601984.0,0.0,0.0,1600308.0,-1676.0,-0.10462027086412848,1595683.0,1595683.0,0.0,1606885.0,1606885.0,0.0,0.0,1208764.6373799944,1208600.3467728514,-164.29060714296065,-0.013591612631807436,1048.0,1043.0,1051.0,1051.0,65058.0,40.0,1-2km,500m-1km
2013,5,el Fort Pienc,Eixample,431900.13211833633,4583467.688923978,932.8743694637318,1137.0,48.2,True,1159.2901864775445,0.0,1603449.0,1603449.0,0.0,0.0,1601773.0,-1676.0,-0.1045246839780997,1597673.0,1597673.0,0.0,1606885.0,1606885.0,0.0,0.0,1216449.3466881106,1216342.9060161759,-106.4406719347462,-0.008750111315735441,1049.0,1044.0,1051.0,1051.0,82698.0,50.0,1-2km,500m-1km
2014,5,el Fort Pienc,Eixample,431778.51555341855,4583707.887878874,926.73111292635,1362.0,21.6,True,1043.448409806754,0.0,1600615.0,1600615.0,0.0,0.0,1598939.0,-1676.0,-0.10470975218900236,1594582.0,1594582.0,0.0,1606885.0,1606885.0,0.0,0.0,1158864.7692340466,1158707.3655568373,-157.40367720928043,-0.013582575067263165,1047.0,1040.0,1051.0,1051.0,103502.0,64.0,1-2km,500m-1km
2015,5,el Fort Pienc,Eixample,431622.3399456243,4583617.014681702,746.5063210374385,1574.0,42.6,True,793.6859374148495,0.0,1603449.0,1603449.0,0.0,0.0,1601773.0,-1676.0,-0.1045246839780997,1595683.0,1595683.0,0.0,1606885.0,1606885.0,0.0,0.0,1214913.2610065243,1214760.8543872552,-152.406619269168,-0.012544650236421245,1049.0,1044.0,1051.0,1051.0,102627.0,63.0,500m-1km,500m-1km
2016,5,el Fort Pienc,Eixample,431460.4485896352,4583400.2570755,497.3416413194369,1852.0,56.3,True,666.8279307008726,0.0,1601984.0,1601984.0,0.0,0.0,1600308.0,-1676.0,-0.10462027086412848,1594024.0,1594024.0,0.0,1606885.0,1606885.0,0.0,0.0,1210992.700995281,1210904.0615214522,-88.63947382895276,-0.007319571270421568,1048.0,1043.0,1051.0,1051.0,90670.0,57.0,500m-1km,250-500m
2017,5,el Fort Pienc,Eixample,431218.0300130378,4583257.802501072,219.21921769757523,1980.0,42.3,True,241.11272401957996,0.0,1603449.0,1601984.0,-1465.0,-0.09136555013598811,1600308.0,-3141.0,-0.19589023411408782,1594024.0,1592234.0,-0.11229441965742047,1606885.0,1606885.0,0.0,0.0,1206199.9390288692,1201775.4106742365,-4424.528354632668,-0.3668155014329487,1049.0,1043.0,1051.0,1051.0,97998.0,62.0,0-250m,0-250m
2018,5,el Fort Pienc,Eixample,431040.6674099213,4583434.388588256,245.17831895362383,1833.0,27.8,True,371.05931137698536,0.0,1605067.0,1605067.0,0.0,0.0,1603391.0,-1676.0,-0.10441931707523736,1595683.0,1595683.0,0.0,1606885.0,1606885.0,0.0,0.0,1225475.9628458016,1225242.664221482,-233.29862431972288,-0.019037388850774075,1050.0,1046.0,1051.0,1051.0,112048.0,73.0,250-500m,0-250m
2019,5,el Fort Pienc,Eixample,431207.92930801393,4583455.904195397,330.9907692048279,1990.0,38.3,True,323.8281904752571,0.0,1601984.0,1601984.0,0.0,0.0,1600308.0,-1676.0,-0.10462027086412848,1595683.0,1595683.0,0.0,1606885.0,1606885.0,0.0,0.0,1206248.5645729806,1206114.6061489363,-133.95842404430732,-0.011105374794102195,1048.0,1043.0,1051.0,1051.0,105910.0,68.0,250-500m,250-500m
2020,5,el Fort Pienc,Eixample,431377.89446406224,4583555.734320374,518.4778521973701,1483.0,15.7,True,598.1221391956889,0.0,1603449.0,1603449.0,0.0,0.0,1601773.0,-1676.0,-0.1045246839780997,1597673.0,1597673.0,0.0,1606885.0,1606885.0,0.0,0.0,1233044.0193037118,1232817.7222039914,-226.29709972045384,-0.018352718652189046,1049.0,1044.0,1051.0,1051.0,107927.0,69.0,500m-1km,500m-1km
2021,6,la Sagrada Família,Eixample,431584.0053870805,4583793.902950096,832.8544983852954,1470.0,12.9,True,862.5092263283801,0.0,1600615.0,1600615.0,0.0,0.0,1598939.0,-1676.0,-0.10470975218900236,1599636.0,1599636.0,0.0,1606885.0,1606885.0,0.0,0.0,1189874.3676085686,1189662.3043351436,-212.06327342498116,-0.01782232470905225,1047.0,1041.0,1051.0,1051.0,112465.0,71.0,500m-1km,500m-1km
2022,6,la Sagrada Família,Eixample,431778.8205711405,4583949.612828894,1080.5104011083615,1309.0,37.8,True,1125.7883086443478,0.0,1600615.0,1600615.0,0.0,0.0,1598939.0,-1676.0,-0.10470975218900236,1598535.0,1598535.0,0.0,1606885.0,1606885.0,0.0,0.0,1199631.8133093317,1199420.8168855987,-210.996423732955,-0.017588431833171835,1047.0,1041.0,1051.0,1051.0,101855.0,65.0,1-2km,1-2km
2023,6,la Sagrada Família,Eixample,431647.0122557338,4583967.856653471,1004.9799176185109,1069.0,43.0,True,1095.8690336980271,0.0,1600615.0,1600615.0,0.0,0.0,1598939.0,-1676.0,-0.10470975218900236,1596572.0,1596572.0,0.0,1606885.0,1606885.0,0.0,0.0,1177603.873837633,1177393.9863731298,-209.887464503292,-0.017823265460167048,1047.0,1041.0,1051.0,1051.0,108334.0,69.0,1-2km,1-2km
2024,6,la Sagrada Família,Eixample,431391.1203396463,4583747.516905527,674.7848049538095,1108.0,15.7,True,800.967739730151,0.0,1603449.0,1603449.0,0.0,0.0,1601773.0,-1676.0,-0.1045246839780997,1597673.0,1597673.0,0.0,1606885.0,1606885.0,0.0,0.0,1226505.690433812,1226337.5887790143,-168.10165479779243,-0.01370573786236045,1049.0,1044.0,1051.0,1051.0,112157.0,73.0,500m-1km,500m-1km
2025,6,la Sagrada Família,Eixample,431459.9512055517,4583972.688328282,902.1472462570248,1117.0,67.1,True,1149.9473711258502,0.0,1603449.0,1603449.0,0.0,0.0,1601773.0,-1676.0,-0.1045246839780997,1599636.0,1599636.0,0.0,1606885.0,1606885.0,0.0,0.0,1231438.8587829645,1231219.3359415682,-219.5228413962759,-0.01782653193299675,1049.0,1044.0,1051.0,1051.0,104117.0,68.0,1-2km,500m-1km
2026,6,la Sagrada Família,Eixample,431321.3076404135,4583931.022525588,802.9382872638929,2068.0,36.6,True,1065.901874593932,0.0,1603449.0,1603449.0,0.0,0.0,1601773.0,-1676.0,-0.1045246839780997,1600615.0,1600615.0,0.0,1606885.0,1606885.0,0.0,0.0,1243033.4732364693,1242803.9128644506,-229.56037201872095,-0.018467754647106788,1049.0,1044.0,1051.0,1051.0,120086.0,79.0,1-2km,500m-1km
2027,6,la Sagrada Família,Eixample,431228.7159131439,4584120.096353896,954.449130406462,2114.0,36.0,True,1311.0191197247425,0.0,1605067.0,1605067.0,0.0,0.0,1603391.0,-1676.0,-0.10441931707523736,1602080.0,1602080.0,0.0,1606885.0,1606885.0,0.0,0.0,1241639.1041203048,1241410.8059363482,-228.29818395664915,-0.018386839074176653,1050.0,1044.0,1051.0,1051.0,127435.0,86.0,1-2km,500m-1km
2028,6,la Sagrada Família,Eixample,431414.1670065592,4584114.133644941,1007.8481200596716,2032.0,39.1,True,1210.7793113538578,0.0,1603449.0,1603449.0,0.0,0.0,1601773.0,-1676.0,-0.1045246839780997,1599636.0,1599636.0,0.0,1606885.0,1606885.0,0.0,0.0,1232731.5221467242,1232511.7766848837,-219.74546184041537,-0.0178258978449535,1049.0,1044.0,1051.0,1051.0,118904.0,78.0,1-2km,1-2km
2029,6,la Sagrada Família,Eixample,431553.728511957,4584063.486859105,1028.2822675531788,1213.0,69.9,True,1124.8309143961046,0.0,1603449.0,1603449.0,0.0,0.0,1601773.0,-1676.0,-0.1045246839780997,1597673.0,1597673.0,0.0,1606885.0,1606885.0,0.0,0.0,1229665.9600315394,1229443.8354340186,-222.1245975208003,-0.018063816088322318,1049.0,1044.0,1051.0,1051.0,108640.0,70.0,1-2km,1-2km
2030,6,la Sagrada Família,Eixample,431649.1350816712,4584156.013699004,1157.7352381523294,1370.0,66.6,True,1230.4049278914226,0.0,1603449.0,1603449.0,0.0,0.0,1601773.0,-1676.0,-0.1045246839780997,1599636.0,1599636.0,0.0,1606885.0,1606885.0,0.0,0.0,1233141.4479978264,1232920.7259884253,-220.72200940106995,-0.01789916394096089,1049.0,1044.0,1051.0,1051.0,107209.0,70.0,1-2km,1-2km
2031,6,la Sagrada Família,Eixample,431555.3630208993,4584251.623500406,1192.7886065181533,1036.0,66.7,True,1495.9252030966454,0.0,1603449.0,1603449.0,0.0,0.0,1601773.0,-1676.0,-0.1045246839780997,1598652.0,1598652.0,0.0,1606885.0,1606885.0,0.0,0.0,1233637.368288981,1233410.038094816,-227.33019416499883,-0.01842763521992684,1049.0,1043.0,1051.0,1051.0,117059.0,76.0,1-2km,1-2km
2032,6,la Sagrada Família,Eixample,431415.9424575142,4584301.567018811,1182.4936856475333,1157.0,12.9,True,1513.310182207789,0.0,1603449.0,1603449.0,0.0,0.0,1601773.0,-1676.0,-0.1045246839780997,1599636.0,1599636.0,0.0,1606885.0,1606885.0,0.0,0.0,1227063.1848536134,1226840.470125268,-222.714728345396,-0.01815022495129014,1049.0,1043.0,1051.0,1051.0,120636.0,80.0,1-2km,1-2km
2033,6,la Sagrada Família,Eixample,431274.0410594524,4584351.583193462,1190.1895089746652,1157.0,65.8,True,1652.1430302027438,0.0,1603449.0,1603449.0,0.0,0.0,1601773.0,-1676.0,-0.1045246839780997,1600615.0,1600615.0,0.0,1606885.0,1606885.0,0.0,0.0,1228049.1811357574,1227830.2477406405,-218.9333951168228,-0.01782773837399109,1049.0,1042.0,1051.0,1051.0,111877.0,75.0,1-2km,1-2km
2034,6,la Sagrada Família,Eixample,431180.85454877233,4584261.736236046,1084.174546741864,1193.0,64.7,True,1412.6633149963286,0.0,1605067.0,1605067.0,0.0,0.0,1603391.0,-1676.0,-0.10441931707523736,1603449.0,1603449.0,0.0,1606885.0,1606885.0,0.0,0.0,1238535.3080146203,1238311.4920866685,-223.8159279518295,-0.018071017152559647,1050.0,1044.0,1051.0,1051.0,111505.0,76.0,1-2km,1-2km
2035,6,la Sagrada Família,Eixample,431087.79488757753,4584171.10198902,983.0089928454228,1279.0,65.4,True,1412.6633149963286,0.0,1605067.0,1605067.0,0.0,0.0,1603391.0,-1676.0,-0.10441931707523736,1603449.0,1603449.0,0.0,1606885.0,1606885.0,0.0,0.0,1238535.3080146203,1238311.4920866685,-223.8159279518295,-0.018071017152559647,1050.0,1044.0,1051.0,1051.0,131946.0,91.0,1-2km,500m-1km
2036,6,la Sagrada Família,Eixample,431066.3687255111,4584328.791798513,1138.9862148595105,1198.0,28.8,True,1539.170405183332,0.0,1603449.0,1603449.0,0.0,0.0,1601773.0,-1676.0,-0.1045246839780997,1597673.0,1597673.0,0.0,1606885.0,1606885.0,0.0,0.0,1201254.8591975744,1201036.7916345822,-218.06756299221888,-0.018153313705460115,1049.0,1042.0,1051.0,1051.0,127336.0,88.0,1-2km,1-2km
2037,6,la Sagrada Família,Eixample,431179.64402455016,4584448.692957111,1268.9542001675727,1201.0,65.7,True,1661.8187498694479,0.0,1603449.0,1603449.0,0.0,0.0,1601773.0,-1676.0,-0.1045246839780997,1599636.0,1599636.0,0.0,1606885.0,1606885.0,0.0,0.0,1223480.7937349114,1223258.677197272,-222.11653763940558,-0.018154476864434624,1049.0,1043.0,1051.0,1051.0,125137.0,86.0,1-2km,1-2km
2038,6,la Sagrada Família,Eixample,431275.3537806132,4584538.532942101,1373.3349739051866,1525.0,65.3,True,1900.615725172098,0.0,1603449.0,1603449.0,0.0,0.0,1601773.0,-1676.0,-0.1045246839780997,1599636.0,1599636.0,0.0,1606885.0,1606885.0,0.0,0.0,1222518.8454720436,1222299.914475588,-218.93099645571783,-0.017908189903705195,1049.0,1042.0,1051.0,1051.0,126177.0,85.0,1-2km,1-2km
2039,6,la Sagrada Família,Eixample,431065.842173693,4584514.121932703,1324.0924948690383,1756.0,41.6,True,1743.829467771965,0.0,1605067.0,1605067.0,0.0,0.0,1603391.0,-1676.0,-0.10441931707523736,1600615.0,1600615.0,0.0,1606885.0,1606885.0,0.0,0.0,1237453.1046258453,1237228.997802158,-224.10682368744165,-0.018110328613640862,1050.0,1044.0,1051.0,1051.0,123594.0,85.0,1-2km,1-2km
2040,6,la Sagrada Família,Eixample,431066.945000922,4584701.862802528,1511.7243781874568,1671.0,23.2,True,2261.101462269075,0.0,1605067.0,1605067.0,0.0,0.0,1603391.0,-1676.0,-0.10441931707523736,1598652.0,1598652.0,0.0,1606885.0,1606885.0,0.0,0.0,1210750.4253557841,1210534.6322928483,-215.79306293581612,-0.01782308380130483,1050.0,1042.0,1051.0,1051.0,109516.0,76.0,2-3.5km,1-2km
2041,6,la Sagrada Família,Eixample,430921.4001943557,4584579.684675196,1391.2121543751216,1631.0,31.6,True,1907.032522464496,0.0,1603449.0,1603449.0,0.0,0.0,1601773.0,-1676.0,-0.1045246839780997,1600615.0,1600615.0,0.0,1606885.0,1606885.0,0.0,0.0,1223515.888215098,1223295.4287211667,-220.4594939313829,-0.018018523180193095,1049.0,1043.0,1051.0,1051.0,125418.0,87.0,1-2km,1-2km
2042,6,la Sagrada Família,Eixample,430762.8416497871,4584414.45392379,1238.6872412969346,1603.0,2.4,True,1652.782662006778,0.0,1605067.0,1605067.0,0.0,0.0,1603391.0,-1676.0,-0.10441931707523736,1600615.0,1600615.0,0.0,1606885.0,1606885.0,0.0,0.0,1239070.1290985956,1238844.525512791,-225.60358580457978,-0.01820749128773711,1050.0,1044.0,1051.0,1051.0,122097.0,83.0,1-2km,1-2km
2043,6,la Sagrada Família,Eixample,430616.1587034229,4584271.226576796,1062.4837306760564,1461.0,75.1,True,1524.4223221208224,0.0,1605067.0,1605067.0,0.0,0.0,1603391.0,-1676.0,-0.10441931707523736,1601486.0,1601486.0,0.0,1606885.0,1606885.0,0.0,0.0,1233959.8240442288,1233734.6971873608,-225.12685686792247,-0.018244261480903228,1050.0,1044.0,1051.0,1051.0,127674.0,86.0,1-2km,1-2km
2044,6,la Sagrada Família,Eixample,430708.4410772073,4584176.09404819,995.179900192727,1300.0,76.9,True,1229.640260293637,0.0,1605067.0,1605067.0,0.0,0.0,1603391.0,-1676.0,-0.10441931707523736,1597673.0,1597673.0,0.0,1606885.0,1606885.0,0.0,0.0,1240993.011825368,1240762.0436035523,-230.96822181576863,-0.018611565062404266,1050.0,1045.0,1051.0,1051.0,115011.0,77.0,1-2km,500m-1km
2045,6,la Sagrada Família,Eixample,430808.4638328354,4584273.646939375,1100.8526011940994,1166.0,63.0,True,1518.8418587764322,0.0,1605067.0,1605067.0,0.0,0.0,1603391.0,-1676.0,-0.10441931707523736,1600615.0,1600615.0,0.0,1606885.0,1606885.0,0.0,0.0,1240866.8903969447,1240639.4664548081,-227.42394213657826,-0.018327827416188606,1050.0,1044.0,1051.0,1051.0,132695.0,90.0,1-2km,1-2km
2046,6,la Sagrada Família,Eixample,430921.264447043,4584394.305686571,1206.268933387561,1919.0,28.0,True,1658.5026934819978,0.0,1605067.0,1605067.0,0.0,0.0,1603391.0,-1676.0,-0.10441931707523736,1603449.0,1603449.0,0.0,1606885.0,1606885.0,0.0,0.0,1229766.1333608215,1229545.673128773,-220.46023204852827,-0.017927004661124766,1050.0,1044.0,1051.0,1051.0,126847.0,88.0,1-2km,1-2km
2047,6,la Sagrada Família,Eixample,430922.0194010392,4584209.609755304,1022.087917282704,1967.0,40.9,True,1430.9261844824237,0.0,1603449.0,1603449.0,0.0,0.0,1601773.0,-1676.0,-0.1045246839780997,1600615.0,1600615.0,0.0,1606885.0,1606885.0,0.0,0.0,1238663.1110970548,1238434.763698181,-228.34739887388423,-0.01843498824080119,1049.0,1043.0,1051.0,1051.0,132384.0,92.0,1-2km,1-2km
2048,6,la Sagrada Família,Eixample,430801.3503169532,4584080.257844222,912.979494537428,1285.0,80.1,True,1203.1998535338555,0.0,1605067.0,1605067.0,0.0,0.0,1603391.0,-1676.0,-0.10441931707523736,1597673.0,1597673.0,0.0,1606885.0,1606885.0,0.0,0.0,1242959.037245201,1242727.7023189638,-231.33492623711936,-0.01861162912897213,1050.0,1046.0,1051.0,1051.0,132120.0,89.0,1-2km,500m-1km
2049,6,la Sagrada Família,Eixample,430988.338122288,4583980.655933811,789.6872195000648,2035.0,16.9,True,1204.557200488582,0.0,1605067.0,1605067.0,0.0,0.0,1603391.0,-1676.0,-0.10441931707523736,1602080.0,1602080.0,0.0,1606885.0,1606885.0,0.0,0.0,1236410.5525054166,1236183.9903506415,-226.56215477501974,-0.018324184819995475,1050.0,1044.0,1051.0,1051.0,132622.0,90.0,1-2km,500m-1km
2050,6,la Sagrada Família,Eixample,431229.6106591801,4583841.261614998,686.3837310316059,1610.0,20.6,True,921.5931111949196,0.0,1603449.0,1603449.0,0.0,0.0,1601773.0,-1676.0,-0.1045246839780997,1600615.0,1600615.0,0.0,1606885.0,1606885.0,0.0,0.0,1242451.9478543627,1242227.5918400544,-224.35601430828683,-0.018057520429320083,1049.0,1044.0,1051.0,1051.0,119205.0,79.0,500m-1km,500m-1km
2051,6,la Sagrada Família,Eixample,431128.95903988,4583743.525424222,565.1261351642796,1857.0,18.9,True,755.4604731411895,0.0,1603449.0,1603449.0,0.0,0.0,1601773.0,-1676.0,-0.1045246839780997,1599636.0,1599636.0,0.0,1606885.0,1606885.0,0.0,0.0,1228545.304848316,1228323.4807975378,-221.82405077805743,-0.01805582992362217,1049.0,1044.0,1051.0,1051.0,123286.0,82.0,500m-1km,500m-1km
2052,6,la Sagrada Família,Eixample,430977.3841093609,4583697.852299022,507.60456427150285,1788.0,49.7,True,755.616420296064,0.0,1603449.0,1603449.0,0.0,0.0,1601773.0,-1676.0,-0.1045246839780997,1597673.0,1597673.0,0.0,1606885.0,1606885.0,0.0,0.0,1224107.3840146356,1223882.1345531407,-225.24946149485186,-0.018401119414549562,1049.0,1044.0,1051.0,1051.0,122217.0,82.0,500m-1km,500m-1km
2053,6,la Sagrada Família,Eixample,430859.0825820796,4583628.208759831,462.0193774987036,1856.0,35.1,True,579.0924186106256,0.0,1605067.0,1605067.0,0.0,0.0,1603391.0,-1676.0,-0.10441931707523736,1595683.0,1595683.0,0.0,1606885.0,1606885.0,0.0,0.0,1233610.5691222379,1233372.0660298157,-238.50309242215008,-0.019333742624453545,1050.0,1046.0,1051.0,1051.0,129223.0,85.0,500m-1km,250-500m
2054,6,la Sagrada Família,Eixample,430746.4995300037,4583836.732940538,696.883881170716,1881.0,31.8,True,897.4856233392964,0.0,1605067.0,1605067.0,0.0,0.0,1603391.0,-1676.0,-0.10441931707523736,1597673.0,1597673.0,0.0,1606885.0,1606885.0,0.0,0.0,1237985.5360196554,1237755.264363515,-230.27165614045225,-0.018600512642564206,1050.0,1045.0,1051.0,1051.0,127156.0,86.0,500m-1km,500m-1km
2055,7,la Dreta de l'Eixample,Eixample,430547.79855161096,4583643.605298877,439.6091734958294,1840.0,14.8,True,610.065529911041,0.0,1605067.0,1605067.0,0.0,0.0,1603391.0,-1676.0,-0.10441931707523736,1597673.0,1597673.0,0.0,1606885.0,1606885.0,0.0,0.0,1239535.1698878093,1239282.7882420872,-252.38164572208188,-0.020360991108055854,1050.0,1046.0,1051.0,1051.0,115036.0,76.0,500m-1km,250-500m
2056,7,la Dreta de l'Eixample,Eixample,430682.9628856372,4583525.985039399,413.5902206561372,1499.0,4.4,True,425.3252053337685,0.0,1605067.0,1605067.0,0.0,0.0,1603391.0,-1676.0,-0.10441931707523736,1597673.0,1597673.0,0.0,1606885.0,1606885.0,0.0,0.0,1225989.025606419,1225739.4260174988,-249.59958892012946,-0.02035903941282577,1050.0,1046.0,1051.0,1051.0,112493.0,74.0,250-500m,250-500m
2057,7,la Dreta de l'Eixample,Eixample,430446.6967660801,4583463.41364405,237.16666740304703,1267.0,7.6,True,304.4842634550178,0.0,1606334.0,1606334.0,0.0,0.0,1604658.0,-1676.0,-0.10433695607513754,1598319.0,1598319.0,0.0,1608152.0,1608152.0,0.0,0.0,1229155.3170944196,1228845.0640832614,-310.25301115820184,-0.02524115600716791,1051.0,1047.0,1052.0,1052.0,101741.0,68.0,250-500m,0-250m
2058,7,la Dreta de l'Eixample,Eixample,430262.72145574365,4583552.67953299,344.69797028068706,1372.0,20.1,True,462.43163989411994,0.0,1605067.0,1605067.0,0.0,0.0,1603391.0,-1676.0,-0.10441931707523736,1599042.0,1599042.0,0.0,1606885.0,1606885.0,0.0,0.0,1236891.1695895602,1236583.1039182036,-308.0656713566277,-0.02490644924394227,1050.0,1046.0,1051.0,1051.0,103751.0,70.0,250-500m,250-500m
2059,7,la Dreta de l'Eixample,Eixample,430077.8848018699,4583371.863679636,342.79509275754594,1669.0,16.7,True,413.23744560484033,0.0,1605067.0,1605067.0,0.0,0.0,1603391.0,-1676.0,-0.10441931707523736,1598517.0,1598517.0,0.0,1606885.0,1606885.0,0.0,0.0,1229527.7611289173,1229247.6506371899,-280.1104917274788,-0.022781957478559843,1050.0,1046.0,1051.0,1051.0,96253.0,66.0,250-500m,250-500m
2060,7,la Dreta de l'Eixample,Eixample,430264.6242450803,4583356.713709228,177.12619955287775,1673.0,41.6,True,211.28079768941473,0.0,1605067.0,1605067.0,0.0,0.0,1603391.0,-1676.0,-0.10441931707523736,1597052.0,1597052.0,0.0,1606885.0,1606885.0,0.0,0.0,1233034.1950709654,1232728.0738433935,-306.1212275719736,-0.024826661644558465,1050.0,1046.0,1051.0,1051.0,95635.0,63.0,0-250m,0-250m
2061,7,la Dreta de l'Eixample,Eixample,430804.0513800368,4583370.871563163,260.72407940091847,1344.0,23.5,True,273.4846892475366,0.0,1605067.0,1605067.0,0.0,0.0,1603391.0,-1676.0,-0.10441931707523736,1597673.0,1597673.0,0.0,1606885.0,1606885.0,0.0,0.0,1241582.553196291,1241342.4840450229,-240.06915126810782,-0.019335738139206398,1050.0,1046.0,1051.0,1051.0,112453.0,72.0,250-500m,250-500m
2062,7,la Dreta de l'Eixample,Eixample,430518.4159406407,4583278.925678641,123.22739844381448,1535.0,22.5,True,156.25419583146797,0.0,1605067.0,1605067.0,0.0,0.0,1603391.0,-1676.0,-0.10441931707523736,1595683.0,1595683.0,0.0,1606885.0,1606885.0,0.0,0.0,1230149.9283557797,1229846.7807063914,-303.14764938829467,-0.0246431465303975,1050.0,1046.0,1051.0,1051.0,96501.0,63.0,0-250m,0-250m
2063,7,la Dreta de l'Eixample,Eixample,430234.463484144,4583187.897056173,163.06603768546714,1171.0,16.6,True,206.7921493363425,0.0,1605067.0,1605067.0,0.0,0.0,1603391.0,-1676.0,-0.10441931707523736,1595393.0,1595393.0,0.0,1606885.0,1606885.0,0.0,0.0,1224347.705406933,1224020.2457132998,-327.45969363325275,-0.02674564522701628,1050.0,1046.0,1051.0,1051.0,84904.0,55.0,0-250m,0-250m
2064,7,la Dreta de l'Eixample,Eixample,430359.29390894633,4583084.396107074,126.51925072922768,1300.0,4.7,True,179.9476552979851,0.0,1605067.0,1605067.0,0.0,0.0,1603391.0,-1676.0,-0.10441931707523736,1595683.0,1595683.0,0.0,1606885.0,1606885.0,0.0,0.0,1224961.8416989644,1224581.0061732645,-380.83552569989115,-0.031089582771957225,1050.0,1046.0,1051.0,1051.0,84716.0,54.0,0-250m,0-250m
2065,7,la Dreta de l'Eixample,Eixample,430548.1720139657,4583081.717160155,6.780121431759931,1813.0,67.1,True,6.0155342774493725,1.0,1605067.0,1605067.0,0.0,0.0,1603391.0,-1676.0,-0.10441931707523736,1597673.0,1597673.0,0.0,1606885.0,1606885.0,0.0,0.0,1228149.7216559323,1227861.1829234124,-288.53873251983896,-0.023493775020426495,1050.0,3.0,1051.0,1047.0,82849.0,52.0,0-250m,0-250m
2066,7,la Dreta de l'Eixample,Eixample,430928.6241688437,4583266.619195,106.49146995826317,1766.0,36.1,True,131.78821811751408,0.0,1605067.0,1605067.0,0.0,0.0,1603391.0,-1676.0,-0.10441931707523736,1597673.0,1597673.0,0.0,1606885.0,1606885.0,0.0,0.0,1234522.9888703413,1234311.4558138696,-211.53305647172965,-0.017134800921390247,1050.0,1046.0,1051.0,1051.0,107037.0,68.0,0-250m,0-250m
2067,7,la Dreta de l'Eixample,Eixample,431022.6754634256,4583170.87608027,24.44392926357688,1656.0,75.6,True,34.58968611951513,1.0,1605067.0,1605067.0,0.0,0.0,1603391.0,-1676.0,-0.10441931707523736,1595683.0,1595683.0,0.0,1606885.0,1606885.0,0.0,0.0,1221971.7233782774,1221194.8245971317,-776.89878114569,-0.06357747616269438,1050.0,1014.0,1051.0,1050.0,92682.0,59.0,0-250m,0-250m
2068,7,la Dreta de l'Eixample,Eixample,431123.5714694124,4583076.284503094,162.19012156989857,1624.0,11.5,True,146.88630436100982,0.0,1601984.0,1601984.0,0.0,0.0,1600308.0,-1676.0,-0.10462027086412848,1589204.0,1589204.0,0.0,1606885.0,1606885.0,0.0,0.0,1177154.6219875463,1177065.2762432874,-89.34574425895698,-0.007589975232659131,1048.0,1043.0,1051.0,1051.0,87954.0,55.0,0-250m,0-250m
2069,7,la Dreta de l'Eixample,Eixample,430875.413977197,4583032.187080724,64.76114863192772,1357.0,73.4,True,42.0881626069163,1.0,1602125.0,1602125.0,0.0,0.0,1600449.0,-1676.0,-0.1046110634313802,1588606.0,1588606.0,0.0,1606885.0,1606885.0,0.0,0.0,1191085.2820271351,1190821.2002024641,-264.0818246710114,-0.02217152949968155,1050.0,170.0,1051.0,1047.0,89540.0,56.0,0-250m,0-250m
2070,7,la Dreta de l'Eixample,Eixample,430595.1180289997,4582939.996174515,49.04750442526515,1270.0,78.6,True,20.753397115528035,1.0,1602125.0,1487704.0,-114421.0,-7.141827260669423,1270.0,-1600855.0,-99.92073028009675,1581810.0,1201794.0,-24.024124262711705,1606885.0,1606885.0,0.0,0.0,1200293.868066314,921641.794015116,-278652.07405119797,-23.215320969697977,1049.0,659.0,1051.0,1050.0,78342.0,49.0,0-250m,0-250m
2071,7,la Dreta de l'Eixample,Eixample,430688.5301360808,4582844.327904207,58.579486291210216,1674.0,78.1,True,11.13483955981408,1.0,1602125.0,1602125.0,0.0,0.0,1600449.0,-1676.0,-0.1046110634313802,1587042.0,1587042.0,0.0,1606885.0,1606885.0,0.0,0.0,1196998.3772343362,1196768.250955846,-230.12627849029377,-0.01922527907030253,1048.0,45.0,1051.0,1048.0,76965.0,46.0,0-250m,0-250m
2072,7,la Dreta de l'Eixample,Eixample,430786.5081045725,4582742.47159714,59.60413001953764,1204.0,69.0,True,107.76143006414235,1.0,1604088.0,1604088.0,0.0,0.0,1602412.0,-1676.0,-0.10448304581793517,1588606.0,1588606.0,0.0,1606885.0,1606885.0,0.0,0.0,1210482.865969516,1210301.9160374424,-180.94993207370862,-0.01494857442106624,1050.0,1027.0,1051.0,1050.0,75484.0,45.0,0-250m,0-250m
2073,7,la Dreta de l'Eixample,Eixample,431079.8830110213,4582746.844077094,172.4582730048932,1638.0,11.6,True,238.2695621126342,0.0,1601984.0,1601984.0,0.0,0.0,1600308.0,-1676.0,-0.10462027086412848,1588606.0,1588606.0,0.0,1606885.0,1606885.0,0.0,0.0,1197955.7388501037,1197387.4933334317,-568.245516672032,-0.047434600314823036,1048.0,1043.0,1051.0,1051.0,79419.0,49.0,0-250m,0-250m
2074,7,la Dreta de l'Eixample,Eixample,431270.5355897941,4582545.115774098,386.2053962562853,1282.0,12.8,True,508.3823378972182,0.0,1600507.0,1598517.0,-1990.0,-0.12433560115638358,1596841.0,-3666.0,-0.2290524190147247,1581810.0,1581810.0,0.0,1606885.0,1606885.0,0.0,0.0,1182439.7853022146,1179763.924986873,-2675.8603153415024,-0.22629992229647375,1047.0,1042.0,1051.0,1051.0,78309.0,48.0,500m-1km,250-500m
2075,7,la Dreta de l'Eixample,Eixample,431057.0396182298,4582374.626204102,351.42095497508745,1261.0,4.0,True,472.4106253071673,0.0,1602125.0,1602125.0,0.0,0.0,1600449.0,-1676.0,-0.1046110634313802,1587042.0,1587042.0,0.0,1606885.0,1606885.0,0.0,0.0,1196778.1441608763,1196507.0549032318,-271.0892576444894,-0.022651588263634632,1048.0,1045.0,1051.0,1051.0,82026.0,45.0,250-500m,250-500m
2076,7,la Dreta de l'Eixample,Eixample,430890.09538572544,4582541.930630688,156.16822472771446,1622.0,7.6,True,244.11573964017998,0.0,1602125.0,1602125.0,0.0,0.0,1600449.0,-1676.0,-0.1046110634313802,1587042.0,1587042.0,0.0,1606885.0,1606885.0,0.0,0.0,1193987.9351395885,1190538.1197217852,-3449.8154178033583,-0.2889321840090488,1048.0,1044.0,1051.0,1051.0,72047.0,44.0,0-250m,0-250m
2077,7,la Dreta de l'Eixample,Eixample,430552.0804890597,4582171.420012305,411.78992511272895,1758.0,38.5,True,435.282818375228,0.0,1602125.0,1602125.0,0.0,0.0,1600449.0,-1676.0,-0.1046110634313802,1588411.0,1588411.0,0.0,1606885.0,1606885.0,0.0,0.0,1208016.0816574695,1207727.4790408777,-288.6026165918447,-0.02389062703501967,1048.0,1045.0,1051.0,1051.0,67927.0,38.0,250-500m,250-500m
2078,7,la Dreta de l'Eixample,Eixample,430438.3111212303,4582586.858648703,37.46056595516024,1474.0,22.2,True,54.827344120193516,0.0,1602125.0,1602125.0,0.0,0.0,1600449.0,-1676.0,-0.1046110634313802,1585170.0,1585170.0,0.0,1606885.0,1606885.0,0.0,0.0,1205138.0632769633,1204875.5788384369,-262.48443852644414,-0.02178044545474789,1048.0,1045.0,1051.0,1051.0,64042.0,40.0,0-250m,0-250m
2079,7,la Dreta de l'Eixample,Eixample,430193.64072830987,4582356.958742288,27.20952206538201,1490.0,6.8,True,41.51612904641637,0.0,1600135.0,1600135.0,0.0,0.0,1598459.0,-1676.0,-0.10474116246441706,1581810.0,1581810.0,0.0,1606885.0,1606885.0,0.0,0.0,1187340.5549264573,1187095.5738690866,-244.98105737078004,-0.020632754128907346,1047.0,1044.0,1051.0,1051.0,58718.0,36.0,0-250m,0-250m
2080,7,la Dreta de l'Eixample,Eixample,430157.11973138986,4582883.476625384,370.5003411308097,1596.0,17.7,True,355.57704053811455,0.0,1605067.0,1605067.0,0.0,0.0,1603391.0,-1676.0,-0.10441931707523736,1595393.0,1595393.0,0.0,1606885.0,1606885.0,0.0,0.0,1230404.8954514968,1230105.9157103496,-298.97974114725366,-0.02429929710557134,1050.0,1047.0,1051.0,1051.0,64509.0,42.0,250-500m,250-500m
2081,7,la Dreta de l'Eixample,Eixample,429916.86745077686,4582651.929651878,377.0820135665623,2170.0,38.0,True,400.5661885303228,0.0,1603104.0,1603104.0,0.0,0.0,1601428.0,-1676.0,-0.10454717847376091,1589975.0,1589975.0,0.0,1606885.0,1606885.0,0.0,0.0,1212696.7246955726,1212407.02506638,-289.6996291927062,-0.02388887702038038,1049.0,1046.0,1051.0,1051.0,62226.0,40.0,250-500m,250-500m
2082,7,la Dreta de l'Eixample,Eixample,429924.5214648499,4583127.798638599,478.3682304369688,916.0,1.4,True,524.3953722458583,0.0,1605067.0,1605067.0,0.0,0.0,1603391.0,-1676.0,-0.10441931707523736,1600135.0,1600135.0,0.0,1606885.0,1606885.0,0.0,0.0,1240857.686145112,1240569.041328885,-288.6448162270244,-0.023261718039861413,1050.0,1046.0,1051.0,1051.0,82978.0,55.0,500m-1km,250-500m
2083,7,la Dreta de l'Eixample,Eixample,429643.3606425388,4582916.218272116,757.3569908203755,1915.0,23.5,True,718.5054024722945,0.0,1603104.0,1603104.0,0.0,0.0,1601428.0,-1676.0,-0.10454717847376091,1593603.0,1593603.0,0.0,1606885.0,1606885.0,0.0,0.0,1217334.6432004836,1217053.2666654715,-281.3765350121539,-0.02311414832263291,1049.0,1045.0,1051.0,1051.0,75748.0,49.0,500m-1km,500m-1km
2084,8,l'Antiga Esquerra de l'Eixample,Eixample,429458.2024344328,4582668.986262148,713.2881038746622,2065.0,2.6,True,810.0432525047988,0.0,1603104.0,1603104.0,0.0,0.0,1601428.0,-1676.0,-0.10454717847376091,1591674.0,1591674.0,0.0,1606885.0,1606885.0,0.0,0.0,1198588.4553557034,1198308.3392675854,-280.1160881179385,-0.023370497760618662,1049.0,1046.0,1051.0,1051.0,77022.0,50.0,500m-1km,500m-1km
2085,8,l'Antiga Esquerra de l'Eixample,Eixample,429268.6508336872,4582846.686996976,966.8803635066292,1413.0,11.0,True,1077.7204340314945,0.0,1600135.0,1600135.0,0.0,0.0,1598459.0,-1676.0,-0.10474116246441706,1584832.0,1584832.0,0.0,1606885.0,1606885.0,0.0,0.0,1193197.1717206498,1192920.1288842382,-277.0428364116233,-0.023218529424781798,1047.0,1042.0,1051.0,1051.0,79847.0,50.0,1-2km,500m-1km
2086,8,l'Antiga Esquerra de l'Eixample,Eixample,429098.7192923634,4582746.748939743,946.0631502669256,1404.0,45.4,True,1032.1882074603059,0.0,1599455.0,1599455.0,0.0,0.0,1597779.0,-1676.0,-0.10478569262655092,1586450.0,1586450.0,0.0,1606885.0,1606885.0,0.0,0.0,1192093.8045940995,1191819.1615503393,-274.6430437602103,-0.023038710771064237,1047.0,1042.0,1051.0,1051.0,85828.0,55.0,1-2km,500m-1km
2087,8,l'Antiga Esquerra de l'Eixample,Eixample,429315.007009349,4582528.177551821,656.0036377302324,1425.0,40.5,True,743.7064535620228,0.0,1601114.0,1601114.0,0.0,0.0,1599438.0,-1676.0,-0.10467711855620525,1590029.0,1590029.0,0.0,1606885.0,1606885.0,0.0,0.0,1199489.0041388655,1199172.304840288,-316.699298577616,-0.02640285133793119,1048.0,1043.0,1051.0,1051.0,84264.0,54.0,500m-1km,500m-1km
2088,8,l'Antiga Esquerra de l'Eixample,Eixample,429550.37535961694,4582478.114807203,513.1053421924489,1679.0,67.7,True,496.63593947935607,0.0,1600135.0,1600135.0,0.0,0.0,1598459.0,-1676.0,-0.10474116246441706,1584797.0,1584797.0,0.0,1606885.0,1606885.0,0.0,0.0,1201938.3448626997,1201598.138774148,-340.2060885517858,-0.028304787013900313,1047.0,1044.0,1051.0,1051.0,73642.0,48.0,250-500m,500m-1km
2089,8,l'Antiga Esquerra de l'Eixample,Eixample,429644.0709021472,4582382.991042257,379.5893699661517,1753.0,69.4,True,490.1044829262891,0.0,1600135.0,1600135.0,0.0,0.0,1598459.0,-1676.0,-0.10474116246441706,1587042.0,1587042.0,0.0,1606885.0,1606885.0,0.0,0.0,1183853.1918458582,1183562.9267115782,-290.26513428008184,-0.02451867649463375,1047.0,1044.0,1051.0,1051.0,72343.0,46.0,250-500m,250-500m
2090,8,l'Antiga Esquerra de l'Eixample,Eixample,429738.0246539538,4582287.770625799,245.82253910485016,1739.0,54.4,True,272.3676745006131,0.0,1600135.0,1600135.0,0.0,0.0,1598459.0,-1676.0,-0.10474116246441706,1583179.0,1583179.0,0.0,1606885.0,1606885.0,0.0,0.0,1201764.3482436624,1201422.2432843326,-342.10495932982303,-0.028466892018372634,1047.0,1044.0,1051.0,1051.0,77651.0,47.0,250-500m,0-250m
2091,8,l'Antiga Esquerra de l'Eixample,Eixample,429977.9921953944,4582137.490243137,30.08784411774981,2269.0,97.0,True,177.52654986384744,1.0,1598476.0,1598476.0,0.0,0.0,1596800.0,-1676.0,-0.10484986950069941,1577893.0,1577893.0,0.0,1606885.0,1606885.0,0.0,0.0,1181020.3437685391,1180714.931533974,-305.4122345652431,-0.025860031639310947,1047.0,1.0,1051.0,979.0,79715.0,46.0,0-250m,0-250m
2092,8,l'Antiga Esquerra de l'Eixample,Eixample,429833.888450877,4581997.361558823,27.392804294554526,1759.0,74.0,True,2.1280435488863287,1.0,1600135.0,1600135.0,0.0,0.0,1595010.0,-5125.0,-0.32028547591296985,1588411.0,1588411.0,0.0,1606885.0,1606885.0,0.0,0.0,1202580.6633114095,1202324.0210823987,-256.64222901081666,-0.02134095756239171,1047.0,41.0,1051.0,1047.0,93354.0,54.0,0-250m,0-250m
2093,8,l'Antiga Esquerra de l'Eixample,Eixample,429686.7782244857,4581956.350993267,0.7693654037945239,1676.0,48.8,True,5.411924542848778,1.0,1598476.0,1308809.0,-289667.0,-18.12144817939087,1594987.0,-3489.0,-0.2182704025584369,1583179.0,1003296.0,-36.627759716368146,1606885.0,1606885.0,0.0,0.0,1198680.2459316095,870487.2031610732,-328193.0427705364,-27.379532104949813,1046.0,734.0,1051.0,1050.0,106113.0,64.0,0-250m,0-250m
2094,8,l'Antiga Esquerra de l'Eixample,Eixample,429784.2275885468,4581761.43493303,208.2955688074016,1503.0,43.9,True,263.01555246710956,0.0,1598476.0,1598476.0,0.0,0.0,1596800.0,-1676.0,-0.10484986950069941,1584797.0,1584797.0,0.0,1606885.0,1606885.0,0.0,0.0,1190336.5102308486,1190042.1419555466,-294.3682753019966,-0.024729836711881427,1046.0,1042.0,1051.0,1051.0,105347.0,61.0,250-500m,0-250m
2095,8,l'Antiga Esquerra de l'Eixample,Eixample,429593.8547984511,4581668.673166266,158.26552492046744,1512.0,33.8,True,167.8713536556695,0.0,1596686.0,1596686.0,0.0,0.0,1595010.0,-1676.0,-0.10496741375574158,1579608.0,1579608.0,0.0,1606885.0,1606885.0,0.0,0.0,1182578.718777807,1178552.429739822,-4026.2890379850287,-0.34046689442764466,1045.0,1040.0,1051.0,1051.0,118626.0,73.0,0-250m,0-250m
2096,8,l'Antiga Esquerra de l'Eixample,Eixample,429583.199333985,4581868.910549244,25.315873411464928,1408.0,66.4,True,17.426036633294736,1.0,1594987.0,1594987.0,0.0,0.0,1593311.0,-1676.0,-0.10507922635106116,1576196.0,1576196.0,0.0,1606885.0,1606885.0,0.0,0.0,1175333.8887314463,1175057.0884371197,-276.8002943266183,-0.023550779653377697,1046.0,901.0,1051.0,1050.0,93421.0,58.0,0-250m,0-250m
2097,8,l'Antiga Esquerra de l'Eixample,Eixample,429427.9311504802,4581835.482436947,75.42159684830477,1119.0,39.8,True,176.2710201858482,0.0,1598476.0,1598476.0,0.0,0.0,1596800.0,-1676.0,-0.10484986950069941,1581371.0,1581371.0,0.0,1606885.0,1606885.0,0.0,0.0,1195292.9804951963,1194900.2431910587,-392.737304137554,-0.0328569907584371,1046.0,1042.0,1051.0,1051.0,110954.0,70.0,0-250m,0-250m
2098,8,l'Antiga Esquerra de l'Eixample,Eixample,429499.7239750871,4582147.91210329,233.3313350730816,1446.0,38.0,True,342.2480177263814,0.0,1602125.0,1602125.0,0.0,0.0,1600449.0,-1676.0,-0.1046110634313802,1590110.0,1590110.0,0.0,1606885.0,1606885.0,0.0,0.0,1213081.376694186,1212736.0167580368,-345.3599361490924,-0.028469642909715247,1048.0,1045.0,1051.0,1051.0,92040.0,57.0,250-500m,0-250m
2099,8,l'Antiga Esquerra de l'Eixample,Eixample,429398.7494411547,4582061.885117231,239.155928283104,1615.0,15.5,True,300.6987792721984,0.0,1601114.0,1601114.0,0.0,0.0,1599438.0,-1676.0,-0.10467711855620525,1590029.0,1590029.0,0.0,1606885.0,1606885.0,0.0,0.0,1209059.0011366839,1208716.55486729,-342.44626939389855,-0.028323371239282066,1048.0,1045.0,1051.0,1051.0,103453.0,65.0,250-500m,0-250m
2100,8,l'Antiga Esquerra de l'Eixample,Eixample,429290.9399572392,4581981.053326662,209.2792867712692,1342.0,25.5,True,212.8814734174356,0.0,1600135.0,1600135.0,0.0,0.0,1598459.0,-1676.0,-0.10474116246441706,1590029.0,1590029.0,0.0,1606885.0,1606885.0,0.0,0.0,1206222.2120805224,1205880.9701530102,-341.2419275122229,-0.028290137927707387,1047.0,1044.0,1051.0,1051.0,102081.0,66.0,0-250m,0-250m
2101,8,l'Antiga Esquerra de l'Eixample,Eixample,429263.2615725124,4582197.304920688,402.0808909019356,2181.0,66.8,True,435.23406127909846,0.0,1597665.0,1597665.0,0.0,0.0,1595989.0,-1676.0,-0.10490309295127577,1588014.0,1588014.0,0.0,1606885.0,1606885.0,0.0,0.0,1192951.4967420564,1192628.2569454757,-323.23979658074677,-0.027095803765996587,1046.0,1041.0,1051.0,1051.0,91007.0,59.0,250-500m,250-500m
2102,8,l'Antiga Esquerra de l'Eixample,Eixample,429225.49840572657,4582441.365998378,629.7558086151687,1385.0,6.2,True,691.7648672320371,0.0,1598476.0,1598476.0,0.0,0.0,1596800.0,-1676.0,-0.10484986950069941,1584832.0,1584832.0,0.0,1606885.0,1606885.0,0.0,0.0,1193834.9669423883,1193508.196503513,-326.77043887530454,-0.02737149169890864,1046.0,1042.0,1051.0,1051.0,86397.0,55.0,500m-1km,500m-1km
2103,8,l'Antiga Esquerra de l'Eixample,Eixample,429082.0598406757,4582300.5992380185,505.895719270527,1650.0,9.2,True,643.1079713907491,0.0,1598476.0,1598476.0,0.0,0.0,1596800.0,-1676.0,-0.10484986950069941,1583179.0,1583179.0,0.0,1606885.0,1606885.0,0.0,0.0,1185087.2057539676,1184751.863989637,-335.3417643306311,-0.028296800666013637,1046.0,1042.0,1051.0,1051.0,96471.0,64.0,500m-1km,500m-1km
2104,8,l'Antiga Esquerra de l'Eixample,Eixample,428886.6588432409,4582390.448466178,655.2538685697206,1170.0,66.0,True,981.0403068456227,0.0,1597665.0,1597665.0,0.0,0.0,1595989.0,-1676.0,-0.10490309295127577,1586630.0,1586630.0,0.0,1606885.0,1606885.0,0.0,0.0,1191775.5215356322,1191458.2641176938,-317.2574179384392,-0.026620568404496607,1046.0,1041.0,1051.0,1050.0,96443.0,65.0,500m-1km,500m-1km
2105,8,l'Antiga Esquerra de l'Eixample,Eixample,429031.2650074136,4582531.442739263,742.2174685024564,2083.0,6.7,True,853.9347500620896,0.0,1599455.0,1599455.0,0.0,0.0,1597779.0,-1676.0,-0.10478569262655092,1591351.0,1591351.0,0.0,1606885.0,1606885.0,0.0,0.0,1199392.8138382665,1199073.2049802684,-319.6088579981588,-0.02664755485530671,1047.0,1042.0,1051.0,1051.0,91246.0,60.0,500m-1km,500m-1km
2106,8,l'Antiga Esquerra de l'Eixample,Eixample,428932.7520054111,4582724.468649336,952.775191996457,1442.0,38.7,True,1075.48873977257,0.0,1599455.0,1599455.0,0.0,0.0,1597779.0,-1676.0,-0.10478569262655092,1591351.0,1591351.0,0.0,1606885.0,1606885.0,0.0,0.0,1206909.4272662704,1206587.0299395062,-322.397326764185,-0.026712636381873014,1047.0,1042.0,1051.0,1051.0,90636.0,59.0,1-2km,500m-1km
2107,8,l'Antiga Esquerra de l'Eixample,Eixample,428814.08469031984,4582654.500598991,925.4475556726716,1630.0,48.8,True,1079.5639595500843,0.0,1597665.0,1597665.0,0.0,0.0,1595989.0,-1676.0,-0.10490309295127577,1584797.0,1584797.0,0.0,1606885.0,1606885.0,0.0,0.0,1190041.4355542182,1189724.3814281814,-317.05412603681907,-0.026642276190085995,1046.0,1041.0,1051.0,1050.0,95716.0,64.0,1-2km,500m-1km
2108,8,l'Antiga Esquerra de l'Eixample,Eixample,428697.88990959217,4582582.355408342,915.041614906006,1596.0,66.9,True,1246.0168141139977,0.0,1599455.0,1599455.0,0.0,0.0,1597779.0,-1676.0,-0.10478569262655092,1588014.0,1588014.0,0.0,1606885.0,1606885.0,0.0,0.0,1197618.560814233,1197297.6830251962,-320.8777890368365,-0.026792987311308795,1047.0,1042.0,1051.0,1051.0,88592.0,60.0,1-2km,500m-1km
2109,8,l'Antiga Esquerra de l'Eixample,Eixample,428563.148247218,4582513.984945072,939.9006936818056,2101.0,24.2,True,1289.5051090451464,0.0,1597665.0,1597665.0,0.0,0.0,1595989.0,-1676.0,-0.10490309295127577,1585066.0,1585066.0,0.0,1606885.0,1606885.0,0.0,0.0,1187178.9029681324,1186861.463947007,-317.43902112543583,-0.02673893718392306,1046.0,1041.0,1051.0,1050.0,88300.0,61.0,1-2km,500m-1km
2110,9,la Nova Esquerra de l'Eixample,Eixample,428707.0471659316,4582260.398846643,656.5868544187936,1852.0,31.5,True,906.2301705458829,0.0,1597665.0,1597665.0,0.0,0.0,1595989.0,-1676.0,-0.10490309295127577,1586450.0,1586450.0,0.0,1606885.0,1606885.0,0.0,0.0,1185187.536653655,1184872.184609035,-315.3520446200855,-0.02660777597362131,1046.0,1041.0,1051.0,1050.0,102027.0,70.0,500m-1km,500m-1km
2111,9,la Nova Esquerra de l'Eixample,Eixample,428460.4149546151,4582245.113486046,795.9349445136321,1848.0,4.8,True,942.2322074054376,0.0,1594987.0,1594987.0,0.0,0.0,1593311.0,-1676.0,-0.10507922635106116,1576221.0,1576221.0,0.0,1606885.0,1606885.0,0.0,0.0,1152661.7160063249,1152338.5048319336,-323.2111743912101,-0.02804041896273378,1044.0,1038.0,1051.0,1050.0,107262.0,75.0,500m-1km,500m-1km
2112,9,la Nova Esquerra de l'Eixample,Eixample,428395.4707840874,4582082.042925435,701.1616685447043,1272.0,40.8,True,721.7185232278182,0.0,1594987.0,1594987.0,0.0,0.0,1593311.0,-1676.0,-0.10507922635106116,1576221.0,1576221.0,0.0,1606885.0,1606885.0,0.0,0.0,1162899.9174321403,1162462.924830758,-436.9926013823133,-0.03757783407081663,1044.0,1038.0,1051.0,1050.0,107004.0,76.0,500m-1km,500m-1km
2113,9,la Nova Esquerra de l'Eixample,Eixample,428552.4539794808,4582062.403200946,591.8290177018029,2188.0,26.8,True,735.4007116286373,0.0,1595966.0,1595966.0,0.0,0.0,1594290.0,-1676.0,-0.10501476848504292,1578379.0,1578379.0,0.0,1606885.0,1606885.0,0.0,0.0,1174534.727560927,1174215.9359124757,-318.79164845123887,-0.027141951699738237,1045.0,1039.0,1051.0,1050.0,108910.0,75.0,500m-1km,500m-1km
2114,9,la Nova Esquerra de l'Eixample,Eixample,428646.7792009886,4581966.77505521,462.16664556569833,1671.0,36.6,True,610.8376213432217,0.0,1594987.0,1594987.0,0.0,0.0,1593311.0,-1676.0,-0.10507922635106116,1576221.0,1576221.0,0.0,1606885.0,1606885.0,0.0,0.0,1163745.3892544608,1163292.4028554119,-452.98639904893935,-0.0389248716456045,1044.0,1038.0,1051.0,1050.0,109188.0,75.0,500m-1km,250-500m
2115,9,la Nova Esquerra de l'Eixample,Eixample,428788.0836856406,4581917.939945952,368.38818296385415,1337.0,69.7,True,472.83542951917076,0.0,1594987.0,1594987.0,0.0,0.0,1593311.0,-1676.0,-0.10507922635106116,1581371.0,1581371.0,0.0,1606885.0,1606885.0,0.0,0.0,1160964.3623462091,1160592.6558598394,-371.706486369716,-0.032017045348276596,1044.0,1039.0,1051.0,1050.0,112466.0,77.0,250-500m,250-500m
2116,9,la Nova Esquerra de l'Eixample,Eixample,428883.2602957173,4582011.862938213,361.5641930386188,990.0,65.8,True,338.66934433720274,0.0,1594987.0,1594987.0,0.0,0.0,1593311.0,-1676.0,-0.10507922635106116,1581385.0,1581385.0,0.0,1606885.0,1606885.0,0.0,0.0,1161346.2694804375,1160974.4523783452,-371.81710209231824,-0.03201604137056053,1044.0,1039.0,1051.0,1050.0,96538.0,65.0,250-500m,250-500m
2117,9,la Nova Esquerra de l'Eixample,Eixample,428978.48651268246,4582105.950872201,362.4691743167032,1217.0,64.1,True,359.6051948477135,0.0,1589886.0,1589886.0,0.0,0.0,1588210.0,-1676.0,-0.10541636318578816,1574953.0,1574953.0,0.0,1606885.0,1606885.0,0.0,0.0,1146839.1107046567,1146471.9704370284,-367.14026762824506,-0.03201323221377249,1041.0,1035.0,1051.0,1050.0,104161.0,69.0,250-500m,250-500m
2118,9,la Nova Esquerra de l'Eixample,Eixample,429135.1489965788,4581948.3836284485,150.83977971983245,1444.0,22.9,True,226.82478119253727,0.0,1594987.0,1594987.0,0.0,0.0,1593311.0,-1676.0,-0.10507922635106116,1584797.0,1584797.0,0.0,1606885.0,1606885.0,0.0,0.0,1165880.933211077,1165506.6090680265,-374.3241430504713,-0.03210654985320888,1044.0,1039.0,1051.0,1050.0,105061.0,69.0,0-250m,0-250m
2119,9,la Nova Esquerra de l'Eixample,Eixample,428977.3222013769,4581916.331451191,230.95387488027305,1267.0,71.5,True,338.66934433720274,0.0,1594987.0,1594987.0,0.0,0.0,1593311.0,-1676.0,-0.10507922635106116,1581385.0,1581385.0,0.0,1606885.0,1606885.0,0.0,0.0,1161346.2694804375,1160974.4523783452,-371.81710209231824,-0.03201604137056053,1044.0,1039.0,1051.0,1050.0,107260.0,72.0,250-500m,0-250m
2120,9,la Nova Esquerra de l'Eixample,Eixample,428881.86822905735,4581822.33037361,266.6703004238337,1163.0,67.5,True,296.31681895914164,0.0,1593058.0,1593058.0,0.0,0.0,1591382.0,-1676.0,-0.10520646454805789,1578379.0,1576221.0,-0.1367225488935167,1606885.0,1606885.0,0.0,0.0,1160151.8596576017,1159603.5477958538,-548.3118617478758,-0.04726207670000205,1043.0,1037.0,1051.0,1050.0,110627.0,76.0,250-500m,250-500m
2121,9,la Nova Esquerra de l'Eixample,Eixample,428993.95779297146,4581760.585098788,190.26885813120745,1262.0,30.5,True,188.10561885511896,0.0,1596686.0,1596686.0,0.0,0.0,1595010.0,-1676.0,-0.10496741375574158,1581371.0,1581371.0,0.0,1606885.0,1606885.0,0.0,0.0,1184554.339711468,1184190.7127894228,-363.62692204513587,-0.030697361012050117,1045.0,1041.0,1051.0,1051.0,109776.0,73.0,0-250m,0-250m
2122,9,la Nova Esquerra de l'Eixample,Eixample,428786.5594814432,4581728.915089938,187.21572629898984,1026.0,66.4,True,163.48577827392072,0.0,1594987.0,1594987.0,0.0,0.0,1593311.0,-1676.0,-0.10507922635106116,1578379.0,1578379.0,0.0,1606885.0,1606885.0,0.0,0.0,1168871.2207111227,1168317.9001283294,-553.320582793327,-0.047338027747547376,1044.0,1039.0,1051.0,1050.0,108406.0,74.0,0-250m,0-250m
2123,9,la Nova Esquerra de l'Eixample,Eixample,428693.0454837773,4581824.188439007,315.26242756583235,1093.0,74.8,True,407.6414678346207,0.0,1591351.0,1591351.0,0.0,0.0,1589675.0,-1676.0,-0.10531931673150675,1571626.0,1571626.0,0.0,1606885.0,1606885.0,0.0,0.0,1140441.8478912357,1139997.9731157282,-443.87477550748736,-0.03892129847113606,1042.0,1036.0,1051.0,1050.0,108258.0,75.0,250-500m,250-500m
2124,9,la Nova Esquerra de l'Eixample,Eixample,428504.5240872224,4581825.818798933,445.6970769467932,1083.0,69.2,True,566.7545326704441,0.0,1594259.0,1594259.0,0.0,0.0,1592583.0,-1676.0,-0.10512720956883417,1587809.0,1587809.0,0.0,1606885.0,1606885.0,0.0,0.0,1166538.2369546227,1166177.0221618034,-361.214792819228,-0.030964676628364902,1044.0,1038.0,1051.0,1050.0,105979.0,75.0,500m-1km,250-500m
2125,9,la Nova Esquerra de l'Eixample,Eixample,428387.8535571781,4581888.71775367,577.0296353796075,1670.0,42.4,True,703.8194545160239,0.0,1595966.0,1595966.0,0.0,0.0,1594290.0,-1676.0,-0.10501476848504292,1591351.0,1591351.0,0.0,1606885.0,1606885.0,0.0,0.0,1175600.1030231072,1175240.969830325,-359.13319278205745,-0.03054892491575415,1045.0,1039.0,1051.0,1050.0,107282.0,76.0,500m-1km,500m-1km
2126,9,la Nova Esquerra de l'Eixample,Eixample,428380.112564612,4581695.027130853,499.180708898742,1464.0,62.4,True,784.4069544565255,0.0,1594259.0,1594259.0,0.0,0.0,1592583.0,-1676.0,-0.10512720956883417,1584472.0,1584472.0,0.0,1606885.0,1606885.0,0.0,0.0,1165507.5367607146,1165133.790826013,-373.7459347015247,-0.03206722590059551,1044.0,1038.0,1051.0,1050.0,106478.0,76.0,500m-1km,250-500m
2127,9,la Nova Esquerra de l'Eixample,Eixample,428467.4904869748,4581599.246216141,394.5338025340564,1156.0,64.5,True,454.59188986348363,0.0,1591351.0,1591351.0,0.0,0.0,1589675.0,-1676.0,-0.10531931673150675,1576221.0,1576221.0,0.0,1606885.0,1606885.0,0.0,0.0,1153213.313745451,1152779.4512069938,-433.86253845714964,-0.03762205424493705,1042.0,1036.0,1051.0,1050.0,111742.0,78.0,250-500m,250-500m
2128,9,la Nova Esquerra de l'Eixample,Eixample,428702.7538522174,4581627.071679524,172.05877528194594,1300.0,57.9,True,166.86057798604594,0.0,1591351.0,1591351.0,0.0,0.0,1589675.0,-1676.0,-0.10531931673150675,1579633.0,1579633.0,0.0,1606885.0,1606885.0,0.0,0.0,1151202.482376245,1150771.6621809637,-430.82019528141245,-0.03742349429199792,1042.0,1036.0,1051.0,1050.0,109190.0,76.0,0-250m,0-250m
2129,9,la Nova Esquerra de l'Eixample,Eixample,428534.1453829169,4581505.000887541,329.62617191885226,1523.0,20.2,True,372.61370577127724,0.0,1591351.0,1591351.0,0.0,0.0,1589675.0,-1676.0,-0.10531931673150675,1581385.0,1581385.0,0.0,1606885.0,1606885.0,0.0,0.0,1162488.9185733947,1162050.2238118784,-438.6947615162935,-0.03773754351608438,1042.0,1036.0,1051.0,1050.0,112029.0,78.0,250-500m,250-500m
2130,9,la Nova Esquerra de l'Eixample,Eixample,428455.3299831805,4581294.354319608,449.1466372515566,1104.0,60.2,True,646.6470191929179,0.0,1591351.0,1591351.0,0.0,0.0,1589675.0,-1676.0,-0.10531931673150675,1578383.0,1578383.0,0.0,1606885.0,1606885.0,0.0,0.0,1156097.3157236173,1155680.8037519641,-416.5119716532063,-0.03602741447353899,1042.0,1036.0,1051.0,1050.0,110422.0,78.0,500m-1km,250-500m
2131,9,la Nova Esquerra de l'Eixample,Eixample,428588.6404947374,4581163.329055222,294.1180958379024,1121.0,62.8,True,468.31415908287715,0.0,1586106.0,1586106.0,0.0,0.0,1584430.0,-1676.0,-0.10566759094284997,1516295.0,1516295.0,0.0,1606885.0,1606885.0,0.0,0.0,1107094.9246246258,1106789.2048778245,-305.7197468013037,-0.027614592028317873,1039.0,1033.0,1051.0,1050.0,102201.0,70.0,250-500m,250-500m
2132,9,la Nova Esquerra de l'Eixample,Eixample,428686.5892997233,4581257.6075168485,220.79559121579533,1012.0,74.8,True,174.4072356705926,0.0,1589886.0,1589886.0,0.0,0.0,1588210.0,-1676.0,-0.10541636318578816,1568236.0,1562255.0,-0.38138392435832363,1606885.0,1606885.0,0.0,0.0,1150112.189669438,1149753.473354919,-358.7163145188242,-0.03118968025388249,1041.0,1035.0,1051.0,1050.0,101841.0,71.0,0-250m,0-250m
2133,9,la Nova Esquerra de l'Eixample,Eixample,428572.0865390837,4581370.787125107,342.4141819202808,821.0,68.5,True,472.4148506314762,0.0,1591351.0,1591351.0,0.0,0.0,1589675.0,-1676.0,-0.10531931673150675,1575017.0,1575017.0,0.0,1606885.0,1606885.0,0.0,0.0,1150892.1381890106,1150465.0756632248,-427.06252578576095,-0.03710708515723866,1042.0,1036.0,1051.0,1050.0,102425.0,72.0,250-500m,250-500m
2134,9,la Nova Esquerra de l'Eixample,Eixample,428682.81708665664,4581447.383916796,207.8836648240357,1454.0,58.0,True,263.77982676338365,0.0,1591351.0,1591351.0,0.0,0.0,1589675.0,-1676.0,-0.10531931673150675,1581385.0,1581385.0,0.0,1606885.0,1606885.0,0.0,0.0,1163812.789877083,1163369.248783,-443.5410940828733,-0.038111034518680476,1042.0,1036.0,1051.0,1050.0,111666.0,78.0,250-500m,0-250m
2135,9,la Nova Esquerra de l'Eixample,Eixample,428830.42554754246,4581397.482771545,132.46587674743117,2095.0,19.9,True,180.474436813372,0.0,1594987.0,1594987.0,0.0,0.0,1593311.0,-1676.0,-0.10507922635106116,1586450.0,1586450.0,0.0,1606885.0,1606885.0,0.0,0.0,1179200.1984177134,1178615.0164051938,-585.1820125195663,-0.04962533192453506,1044.0,1039.0,1051.0,1050.0,110958.0,77.0,0-250m,0-250m
2136,9,la Nova Esquerra de l'Eixample,Eixample,428791.253534026,4581527.487314774,74.38344580669089,881.0,61.2,True,64.73645504885388,0.0,1594987.0,1594987.0,0.0,0.0,1593311.0,-1676.0,-0.10507922635106116,1581371.0,1581371.0,0.0,1606885.0,1606885.0,0.0,0.0,1169883.5932990578,1168122.5196412404,-1761.07365781744,-0.15053409312726862,1044.0,1039.0,1051.0,1050.0,113740.0,79.0,0-250m,0-250m
2137,9,la Nova Esquerra de l'Eixample,Eixample,428947.9619227722,4581561.3661540365,66.2580862776641,1438.0,49.5,True,16.94936469373424,0.0,1596686.0,1596686.0,0.0,0.0,1595010.0,-1676.0,-0.10496741375574158,1583179.0,1583179.0,0.0,1606885.0,1606885.0,0.0,0.0,1182980.0666024752,1182633.1095929742,-346.95700950105675,-0.029329066422692906,1045.0,1040.0,1051.0,1051.0,110597.0,76.0,0-250m,0-250m
2138,9,la Nova Esquerra de l'Eixample,Eixample,429102.83613744105,4581677.233970575,143.45086975081608,1921.0,39.8,True,157.30656060029997,0.0,1593522.0,1593522.0,0.0,0.0,1591846.0,-1676.0,-0.10517583064432119,1573361.0,1573361.0,0.0,1606885.0,1606885.0,0.0,0.0,1162448.7087385477,1162184.3825465436,-264.32619200414047,-0.022738740214265352,1043.0,1038.0,1051.0,1050.0,109650.0,73.0,0-250m,0-250m
2139,9,la Nova Esquerra de l'Eixample,Eixample,429319.7588568924,4581755.114092303,65.68043716287268,1711.0,40.6,True,30.44948148394401,0.0,1594987.0,1593522.0,-1465.0,-0.09185027840352304,1591846.0,-3141.0,-0.1969295047545842,1579767.0,1579767.0,0.0,1606885.0,1606885.0,0.0,0.0,1178294.0509573163,1164197.7203622835,-14096.330595032778,-1.19633385092457,1044.0,1038.0,1051.0,1050.0,108457.0,71.0,0-250m,0-250m
2140,9,la Nova Esquerra de l'Eixample,Eixample,429209.9842465407,4581583.115768437,71.65515201906898,1891.0,13.9,True,80.84133885173163,0.0,1589886.0,1589886.0,0.0,0.0,1588210.0,-1676.0,-0.10541636318578816,1554698.0,1554698.0,0.0,1606885.0,1606885.0,0.0,0.0,1154326.1928796344,1138867.222616925,-15458.97026270954,-1.3392202618347324,1041.0,1035.0,1051.0,1050.0,116103.0,77.0,0-250m,0-250m
2141,9,la Nova Esquerra de l'Eixample,Eixample,429066.9265520817,4581442.649004044,67.7840115280172,1179.0,76.7,True,14.735369506839582,1.0,1594987.0,1594987.0,0.0,0.0,1593311.0,-1676.0,-0.10507922635106116,1580001.0,1580001.0,0.0,1606885.0,1606885.0,0.0,0.0,1174334.6799426188,1165516.7941937142,-8817.885748904664,-0.7508835342694239,1044.0,670.0,1051.0,1050.0,114569.0,76.0,0-250m,0-250m
2142,9,la Nova Esquerra de l'Eixample,Eixample,429207.9168640916,4581393.782182949,61.05559013206968,2000.0,38.5,True,14.271300692885053,0.0,1593522.0,1593522.0,0.0,0.0,1591846.0,-1676.0,-0.10517583064432119,1581371.0,1581371.0,0.0,1606885.0,1606885.0,0.0,0.0,1167656.0166041423,1160452.3925937489,-7203.624010393396,-0.6169303209127867,1043.0,1038.0,1051.0,1050.0,110948.0,74.0,0-250m,0-250m
2143,9,la Nova Esquerra de l'Eixample,Eixample,429398.97278241976,4581581.480143407,0.1520983913626227,1466.0,69.7,True,18.043327324611408,1.0,1589886.0,1589886.0,0.0,0.0,1588210.0,-1676.0,-0.10541636318578816,1563459.0,1563459.0,0.0,1606885.0,1606885.0,0.0,0.0,1150459.3631053215,1150133.2857751157,-326.07733020582236,-0.02834322885822529,1044.0,98.0,1051.0,1048.0,116780.0,74.0,0-250m,0-250m
2144,9,la Nova Esquerra de l'Eixample,Eixample,429497.1978483749,4581480.409055069,0.8867769064365932,1494.0,57.7,True,18.486546678885894,1.0,1591593.0,1591593.0,0.0,0.0,1588210.0,-3383.0,-0.212554340211348,1566047.0,1566047.0,0.0,1606885.0,1606885.0,0.0,0.0,1161400.709406334,1161077.6059281453,-323.10347818862647,-0.027820155056886894,1043.0,2.0,1051.0,1041.0,123153.0,76.0,0-250m,0-250m
2145,9,la Nova Esquerra de l'Eixample,Eixample,429305.828309398,4581293.492211236,133.44688304609312,1228.0,8.8,True,184.08492097328931,0.0,1589886.0,1589886.0,0.0,0.0,1588210.0,-1676.0,-0.10541636318578816,1571505.0,1571505.0,0.0,1606885.0,1606885.0,0.0,0.0,1149328.779256281,1141216.7290681647,-8112.050188116264,-0.7058076274193263,1041.0,1035.0,1051.0,1050.0,123387.0,80.0,0-250m,0-250m
2146,9,la Nova Esquerra de l'Eixample,Eixample,429162.6782601244,4581153.087099915,67.06601803446371,1178.0,71.1,True,112.93206370054446,1.0,1591351.0,1591351.0,0.0,0.0,1589675.0,-1676.0,-0.10531931673150675,1578379.0,1578379.0,0.0,1606885.0,1606885.0,0.0,0.0,1149769.5140858085,1147096.6887955489,-2672.8252902596723,-0.23246618191863075,1041.0,1.0,1051.0,1031.0,107043.0,71.0,0-250m,0-250m
2147,9,la Nova Esquerra de l'Eixample,Eixample,429018.1105564576,4581300.751027868,6.940383255548023,2076.0,69.9,True,19.24112503557998,1.0,1594987.0,1594987.0,0.0,0.0,1593311.0,-1676.0,-0.10507922635106116,1584797.0,1584797.0,0.0,1606885.0,1606885.0,0.0,0.0,1169320.72953715,1169011.714428401,-309.0151087488048,-0.02642689049659811,1043.0,869.0,1051.0,1050.0,110710.0,75.0,0-250m,0-250m
2148,9,la Nova Esquerra de l'Eixample,Eixample,428824.0482259516,4581112.647903998,72.97159940081409,1554.0,68.7,True,10.904146342878937,0.0,1591351.0,1589886.0,-1465.0,-0.09206014260838746,1588210.0,-3141.0,-0.1973794593398942,1571591.0,1541154.0,-1.936699815664508,1606885.0,1606885.0,0.0,0.0,1158638.8650847578,1127646.080658401,-30992.7844263569,-2.674930503396301,1042.0,1035.0,1051.0,1050.0,101276.0,69.0,0-250m,0-250m
2149,9,la Nova Esquerra de l'Eixample,Eixample,428970.0460633913,4580963.310363655,211.6688216157289,1864.0,80.1,True,237.42538650534703,0.0,1589886.0,1589886.0,0.0,0.0,1588210.0,-1676.0,-0.10541636318578816,1565742.0,1565742.0,0.0,1606885.0,1606885.0,0.0,0.0,1156185.0039344302,1155873.1325920548,-311.87134237540886,-0.026974172932024622,1041.0,1036.0,1051.0,1050.0,102865.0,69.0,0-250m,0-250m
2150,10,Sant Antoni,Eixample,429075.7782659173,4580814.620187613,375.12282542568425,1508.0,36.2,True,536.3545120939312,0.0,1589886.0,1589886.0,0.0,0.0,1588210.0,-1676.0,-0.10541636318578816,1498485.0,1498485.0,0.0,1606885.0,1606885.0,0.0,0.0,1127636.646108777,1127306.1318930755,-330.5142157014925,-0.029310347162095473,1041.0,1035.0,1051.0,1050.0,103541.0,68.0,500m-1km,250-500m
2151,10,Sant Antoni,Eixample,429202.2409626075,4580926.028796004,217.4808025782129,1489.0,50.3,True,273.99202902354466,0.0,1589886.0,1589886.0,0.0,0.0,1588210.0,-1676.0,-0.10541636318578816,1509983.0,1509983.0,0.0,1606885.0,1606885.0,0.0,0.0,1132750.0436186087,1132423.9275783575,-326.1160402512178,-0.028789761879807918,1041.0,1035.0,1051.0,1050.0,106144.0,69.0,250-500m,0-250m
2152,10,Sant Antoni,Eixample,429266.7306394023,4581046.966113779,83.11251670703412,1270.0,71.5,True,20.237829339566,0.0,1589886.0,1589886.0,0.0,0.0,1588210.0,-1676.0,-0.10541636318578816,1563459.0,1556073.0,-0.472414051151965,1606885.0,1606885.0,0.0,0.0,1165131.0041566452,1150540.089875817,-14590.914280828089,-1.2522981732332672,1041.0,1036.0,1051.0,1050.0,111529.0,74.0,0-250m,0-250m
2153,10,Sant Antoni,Eixample,429365.89312188793,4580945.512670833,202.29219332792843,1352.0,56.7,True,415.7265251682539,0.0,1591238.0,1591238.0,0.0,0.0,1589562.0,-1676.0,-0.10532679586586041,1565331.0,1565331.0,0.0,1608237.0,1608237.0,0.0,0.0,1143070.5456193844,1142740.3605760443,-330.1850433400832,-0.02888579752189915,1042.0,1036.0,1052.0,1051.0,120003.0,72.0,250-500m,0-250m
2154,10,Sant Antoni,Eixample,429333.647878396,4580787.841849892,345.1878679652003,1006.0,42.8,True,414.938039383365,0.0,1589886.0,1589886.0,0.0,0.0,1588210.0,-1676.0,-0.10541636318578816,1569999.0,1569999.0,0.0,1606885.0,1606885.0,0.0,0.0,1156051.7310926132,1155717.4696010821,-334.2614915310405,-0.02891406003216843,1041.0,1036.0,1051.0,1050.0,107453.0,68.0,250-500m,250-500m
2155,10,Sant Antoni,Eixample,429498.9722929147,4580814.662515454,382.70967505307306,1804.0,40.2,True,409.7271427163482,0.0,1589886.0,1589886.0,0.0,0.0,1588210.0,-1676.0,-0.10541636318578816,1553993.0,1553993.0,0.0,1606885.0,1606885.0,0.0,0.0,1137065.696845254,1136736.9363097039,-328.7605355500709,-0.028913064254968264,1041.0,1035.0,1051.0,1050.0,120005.0,70.0,250-500m,250-500m
2156,10,Sant Antoni,Eixample,429647.67024703824,4580848.428453127,462.009821119114,1283.0,66.5,True,590.0646571820943,0.0,1589886.0,1589886.0,0.0,0.0,1588210.0,-1676.0,-0.10541636318578816,1481001.0,1481001.0,0.0,1606885.0,1606885.0,0.0,0.0,1128509.196010577,1128184.0859837395,-325.1100268375594,-0.02880880616541403,1041.0,1035.0,1051.0,1050.0,116120.0,67.0,500m-1km,250-500m
2157,10,Sant Antoni,Eixample,429554.4041793222,4580943.795380364,330.5561656888883,1194.0,11.6,True,367.14727441112575,0.0,1589886.0,1589886.0,0.0,0.0,1588210.0,-1676.0,-0.10541636318578816,1523447.0,1523447.0,0.0,1606885.0,1606885.0,0.0,0.0,1138250.9163672198,1137942.8509202448,-308.06544697494246,-0.02706480992417274,1041.0,1035.0,1051.0,1050.0,117498.0,69.0,250-500m,250-500m
2158,10,Sant Antoni,Eixample,429509.1941323536,4581085.96898516,232.6428621193511,1584.0,2.9,True,315.4907815599258,0.0,1589886.0,1589886.0,0.0,0.0,1588210.0,-1676.0,-0.10541636318578816,1564663.0,1564663.0,0.0,1606885.0,1606885.0,0.0,0.0,1155194.8444102923,1154882.7503152166,-312.0940950757358,-0.027016576172053004,1041.0,1036.0,1051.0,1050.0,118654.0,72.0,250-500m,0-250m
2159,10,Sant Antoni,Eixample,429409.8410298982,4581187.094690761,141.77475212064763,1961.0,39.0,True,148.52701440747234,0.0,1591593.0,1591593.0,0.0,0.0,1589917.0,-1676.0,-0.10530330304292618,1568205.0,1568205.0,0.0,1606885.0,1606885.0,0.0,0.0,1167308.1931112884,1166561.2191237612,-746.9739875271916,-0.06399115434427324,1042.0,1037.0,1051.0,1051.0,127479.0,79.0,0-250m,0-250m
2160,10,Sant Antoni,Eixample,429600.88455310895,4581374.172309734,102.24347464851276,1968.0,3.6,True,361.22984041434626,0.0,1589886.0,1589886.0,0.0,0.0,1588210.0,-1676.0,-0.10541636318578816,1512083.0,1512083.0,0.0,1606885.0,1606885.0,0.0,0.0,1127508.430350372,1127203.8739123596,-304.55643801251426,-0.027011455507953377,1041.0,1035.0,1051.0,1050.0,121997.0,75.0,250-500m,0-250m
2161,10,Sant Antoni,Eixample,429652.79378506646,4581226.557373113,253.18291884077152,1158.0,64.5,True,511.68513041206415,0.0,1589886.0,1589886.0,0.0,0.0,1588210.0,-1676.0,-0.10541636318578816,1550267.0,1550267.0,0.0,1606885.0,1606885.0,0.0,0.0,1149375.4822131905,1149048.845938752,-326.6362744385842,-0.028418587267028415,1041.0,1036.0,1051.0,1051.0,127266.0,77.0,500m-1km,250-500m
2162,10,Sant Antoni,Eixample,429748.02861771366,4581320.405897423,252.4391737422088,1402.0,67.4,True,360.21614123370887,0.0,1594987.0,1594987.0,0.0,0.0,1593311.0,-1676.0,-0.10507922635106116,1577893.0,1577893.0,0.0,1606885.0,1606885.0,0.0,0.0,1177565.2972224895,1177230.7708688541,-334.52635363535956,-0.02840830605524834,1044.0,1040.0,1051.0,1051.0,116816.0,68.0,250-500m,250-500m
2163,10,Sant Antoni,Eixample,429791.9172635216,4581561.515546047,285.14822458458355,1806.0,36.4,True,324.3941933097738,0.0,1593522.0,1593522.0,0.0,0.0,1591846.0,-1676.0,-0.10517583064432119,1561088.0,1561088.0,0.0,1606885.0,1606885.0,0.0,0.0,1161540.393742191,1161210.6806648183,-329.7130773726385,-0.02838584685896165,1043.0,1038.0,1051.0,1051.0,125602.0,72.0,250-500m,250-500m
2164,10,Sant Antoni,Eixample,430007.3741285018,4581735.163499488,335.5038055764474,1445.0,37.7,True,370.6407377543258,0.0,1596686.0,1596686.0,0.0,0.0,1595010.0,-1676.0,-0.10496741375574158,1577893.0,1577893.0,0.0,1606885.0,1606885.0,0.0,0.0,1189689.8793956293,1189372.6484764658,-317.2309191634413,-0.0266650094833619,1045.0,1041.0,1051.0,1051.0,107685.0,60.0,250-500m,250-500m
2165,10,Sant Antoni,Eixample,429891.0962305339,4581461.152974481,361.0480875790719,1694.0,16.3,True,516.2771980371452,0.0,1593522.0,1593522.0,0.0,0.0,1591846.0,-1676.0,-0.10517583064432119,1565231.0,1565231.0,0.0,1606885.0,1606885.0,0.0,0.0,1170353.127755312,1170041.7703307825,-311.35742452950217,-0.026603716190059027,1043.0,1039.0,1051.0,1051.0,121658.0,69.0,500m-1km,250-500m
2166,10,Sant Antoni,Eixample,429921.5442018875,4581310.558836637,414.74080658458655,2145.0,50.3,True,495.72435440453876,0.0,1593522.0,1593522.0,0.0,0.0,1591846.0,-1676.0,-0.10517583064432119,1576416.0,1576416.0,0.0,1606885.0,1606885.0,0.0,0.0,1174013.4321810897,1173679.7932597152,-333.6389213744551,-0.028418663043285507,1043.0,1039.0,1051.0,1051.0,133291.0,76.0,250-500m,250-500m
2167,10,Sant Antoni,Eixample,429697.6294638501,4581084.565907717,400.2260147947336,2111.0,34.3,True,535.7152711031436,0.0,1588233.0,1588233.0,0.0,0.0,1586557.0,-1676.0,-0.10552607835248355,1463967.0,1463967.0,0.0,1606885.0,1606885.0,0.0,0.0,1110788.2586590971,1110483.9925526395,-304.2661064576823,-0.02739190877161244,1040.0,1034.0,1051.0,1050.0,124668.0,72.0,500m-1km,250-500m
2168,10,Sant Antoni,Eixample,429860.1649444999,4581062.345059143,507.5914218370947,2256.0,46.1,True,784.1788356859666,0.0,1585047.0,1585047.0,0.0,0.0,1583371.0,-1676.0,-0.10573818946693694,1442126.0,1442126.0,0.0,1606885.0,1606885.0,0.0,0.0,1100034.2429591727,1099731.1343937928,-303.10856537986547,-0.02755446635592736,1038.0,1032.0,1051.0,1050.0,128183.0,73.0,500m-1km,500m-1km
2169,10,Sant Antoni,Eixample,430073.69671396055,4580986.606409696,712.9507372056596,1548.0,35.6,True,864.0140565516771,0.0,1589886.0,1589886.0,0.0,0.0,1588210.0,-1676.0,-0.10541636318578816,1557744.0,1557744.0,0.0,1606885.0,1606885.0,0.0,0.0,1143352.5506755412,1143028.4574046684,-324.0932708727196,-0.028345873779809346,1041.0,1036.0,1051.0,1050.0,125808.0,70.0,500m-1km,500m-1km
2170,10,Sant Antoni,Eixample,430255.023500056,4580806.437122312,967.9945052171564,1521.0,13.5,True,1167.345370132095,0.0,1589886.0,1589886.0,0.0,0.0,1588210.0,-1676.0,-0.10541636318578816,1540063.0,1540063.0,0.0,1606885.0,1606885.0,0.0,0.0,1132299.287109844,1131980.130925976,-319.15618386794813,-0.028186556990827366,1041.0,1035.0,1051.0,1050.0,113629.0,63.0,1-2km,500m-1km
2171,10,Sant Antoni,Eixample,430022.9925043362,4580765.4029919775,826.6592065140758,1618.0,12.1,True,948.2307381143013,0.0,1588264.0,1588264.0,0.0,0.0,1586588.0,-1676.0,-0.10552401867699576,1454573.0,1454573.0,0.0,1606885.0,1606885.0,0.0,0.0,1119105.9868127124,1118784.7553614872,-321.2314512252342,-0.028704292087662092,1040.0,1034.0,1051.0,1050.0,117316.0,67.0,500m-1km,500m-1km
2172,10,Sant Antoni,Eixample,429977.9106467315,4580892.84683904,713.2359340094062,1508.0,4.8,True,892.9427524540127,0.0,1554420.0,1554420.0,0.0,0.0,1552744.0,-1676.0,-0.10782156688668443,1355288.0,1355288.0,0.0,1606885.0,1606885.0,0.0,0.0,1043660.9353140731,1043361.5028376874,-299.4324763857294,-0.028690589659334135,1020.0,1014.0,1051.0,1050.0,123582.0,70.0,500m-1km,500m-1km
2173,10,Sant Antoni,Eixample,429794.5501395199,4580812.942981229,603.355441878603,1544.0,36.1,True,635.7232948890442,0.0,1589886.0,1589886.0,0.0,0.0,1588210.0,-1676.0,-0.10541636318578816,1531057.0,1531057.0,0.0,1606885.0,1606885.0,0.0,0.0,1136618.6075017145,1136304.4460266652,-314.1614750493318,-0.02764000808854063,1041.0,1035.0,1051.0,1050.0,120144.0,68.0,500m-1km,500m-1km
3001,11,el Poble-sec,Sants-Montjuïc,429595.6010209086,4580652.111955467,571.4928170311246,1685.0,19.9,True,625.6773144789195,0.0,1583033.0,1583033.0,0.0,0.0,1581357.0,-1676.0,-0.10587271396111136,1441096.0,1441096.0,0.0,1606885.0,1606885.0,0.0,0.0,1091811.7059181617,1091498.0549338977,-313.6509842639789,-0.028727571115407063,1037.0,1031.0,1051.0,1050.0,99956.0,59.0,500m-1km,500m-1km
3002,11,el Poble-sec,Sants-Montjuïc,429527.03689043625,4580494.247338886,680.8573676311331,1943.0,29.1,True,808.1092839035941,0.0,1583033.0,1583033.0,0.0,0.0,1581357.0,-1676.0,-0.10587271396111136,1408070.0,1408070.0,0.0,1606885.0,1606885.0,0.0,0.0,1095604.3282668006,1095289.3468797985,-314.9813870021608,-0.0287495566488358,1037.0,1031.0,1051.0,1050.0,78983.0,48.0,500m-1km,500m-1km
3003,11,el Poble-sec,Sants-Montjuïc,429463.750734644,4580636.542252584,525.3566356616517,1662.0,34.9,True,735.23064949765,0.0,1571203.0,1571203.0,0.0,0.0,1569527.0,-1676.0,-0.10666985742771622,1332496.0,1332496.0,0.0,1606885.0,1606885.0,0.0,0.0,1066902.2366566693,1066596.294790772,-305.9418658972718,-0.028675716985653327,1030.0,1024.0,1051.0,1050.0,92993.0,55.0,500m-1km,500m-1km
3004,11,el Poble-sec,Sants-Montjuïc,429343.171231404,4580618.49861966,514.249832109808,1563.0,18.9,True,679.0232276495899,0.0,1589886.0,1589886.0,0.0,0.0,1588210.0,-1676.0,-0.10541636318578816,1553993.0,1553993.0,0.0,1606885.0,1606885.0,0.0,0.0,1139515.1736184757,1139186.6150918712,-328.55852660443634,-0.028833185745224834,1041.0,1035.0,1051.0,1050.0,93189.0,57.0,500m-1km,500m-1km
3005,11,el Poble-sec,Sants-Montjuïc,429432.89760131313,4580339.644733457,803.845412821419,1161.0,16.5,True,969.8571879901732,0.0,1588264.0,1588264.0,0.0,0.0,1586588.0,-1676.0,-0.10552401867699576,1510535.0,1510535.0,0.0,1606885.0,1606885.0,0.0,0.0,1109645.795602959,1109326.3399058965,-319.45569706265815,-0.0287889791795293,1040.0,1034.0,1051.0,1050.0,49003.0,31.0,500m-1km,500m-1km
3006,11,el Poble-sec,Sants-Montjuïc,429681.94603161706,4580352.037820212,874.4520990390727,1399.0,20.8,True,1182.7379532733692,0.0,1576216.0,1576216.0,0.0,0.0,1574540.0,-1676.0,-0.10633060443492516,1379534.0,1379534.0,0.0,1606885.0,1606885.0,0.0,0.0,1081500.4189126894,1081189.968182938,-310.4507297514938,-0.028705557975059533,1033.0,1027.0,1051.0,1050.0,63792.0,38.0,1-2km,500m-1km
3007,11,el Poble-sec,Sants-Montjuïc,429689.2486839736,4580481.458321769,765.6648116502257,1658.0,14.1,True,908.8592601362783,0.0,1583033.0,1583033.0,0.0,0.0,1581357.0,-1676.0,-0.10587271396111136,1443882.0,1443882.0,0.0,1606885.0,1606885.0,0.0,0.0,1095158.0369025546,1094843.8167254692,-314.2201770853717,-0.02869176561714175,1037.0,1031.0,1051.0,1050.0,80065.0,48.0,500m-1km,500m-1km
3008,11,el Poble-sec,Sants-Montjuïc,429752.86332717614,4580571.652812713,730.4981734132111,1207.0,34.7,True,886.6750502545511,0.0,1584453.0,1584453.0,0.0,0.0,1582777.0,-1676.0,-0.1057778299514091,1445115.0,1445115.0,0.0,1606885.0,1606885.0,0.0,0.0,1100405.541704672,1100089.4314511542,-316.1102535177488,-0.02872670497715349,1038.0,1032.0,1051.0,1050.0,91647.0,53.0,500m-1km,500m-1km
3009,11,el Poble-sec,Sants-Montjuïc,429780.5304702358,4580675.639613524,674.8660587017907,1196.0,33.3,True,775.0628273900601,0.0,1584453.0,1584453.0,0.0,0.0,1582777.0,-1676.0,-0.1057778299514091,1391173.0,1391173.0,0.0,1606885.0,1606885.0,0.0,0.0,1099907.1874751332,1099591.2187164908,-315.96875864244066,-0.02872685643301918,1038.0,1032.0,1051.0,1050.0,104362.0,59.0,500m-1km,500m-1km
3010,11,el Poble-sec,Sants-Montjuïc,429942.0600512266,4580646.090293205,818.9752915417271,1895.0,28.4,True,911.8568189588814,0.0,1572377.0,1572377.0,0.0,0.0,1570701.0,-1676.0,-0.10659021341573935,1391173.0,1391173.0,0.0,1606885.0,1606885.0,0.0,0.0,1076403.5580815482,1076095.1647093412,-308.3933722069487,-0.028650348644015246,1031.0,1025.0,1051.0,1050.0,105259.0,60.0,500m-1km,500m-1km
3011,11,el Poble-sec,Sants-Montjuïc,429896.2159278863,4580508.526567628,874.0328939129134,1755.0,18.1,True,1040.038496711586,0.0,1569395.0,1569395.0,0.0,0.0,1567719.0,-1676.0,-0.10679274497497443,1366103.0,1366103.0,0.0,1606885.0,1606885.0,0.0,0.0,1068381.6690961283,1068075.551526945,-306.11756918323226,-0.02865245427153516,1029.0,1023.0,1051.0,1050.0,86278.0,50.0,1-2km,500m-1km
3012,11,el Poble-sec,Sants-Montjuïc,430080.9713557355,4580620.008185011,948.5071946637768,2033.0,15.4,True,1099.397912772546,0.0,1569395.0,1569395.0,0.0,0.0,1567719.0,-1676.0,-0.10679274497497443,1350523.0,1350523.0,0.0,1606885.0,1606885.0,0.0,0.0,1068609.5891484101,1068303.4536065648,-306.13554184534587,-0.028648024961979757,1029.0,1023.0,1051.0,1050.0,103674.0,59.0,1-2km,500m-1km
3013,11,el Poble-sec,Sants-Montjuïc,430074.189280808,4580444.692461229,1047.8699842966353,1717.0,42.5,True,1190.2404433402132,0.0,1577979.0,1577979.0,0.0,0.0,1576303.0,-1676.0,-0.10621180636751186,1422168.0,1422168.0,0.0,1606885.0,1606885.0,0.0,0.0,1086448.1513575627,1086136.7742795986,-311.3770779641345,-0.028660095520900444,1034.0,1028.0,1051.0,1050.0,81768.0,46.0,1-2km,1-2km
3014,11,el Poble-sec,Sants-Montjuïc,430193.6516499164,4580476.428083739,1122.2748807110218,1779.0,29.9,True,1357.6802701527063,0.0,1578088.0,1578088.0,0.0,0.0,1576412.0,-1676.0,-0.10620447021965822,1421951.0,1421951.0,0.0,1606885.0,1606885.0,0.0,0.0,1078615.0111551406,1078306.7487783795,-308.26237676106393,-0.028579462882769538,1034.0,1028.0,1051.0,1050.0,85961.0,48.0,1-2km,1-2km
3015,11,el Poble-sec,Sants-Montjuïc,430274.9632923446,4580619.943842139,1113.7479296024558,2901.0,47.5,True,1257.3088133806068,0.0,1562243.0,1562243.0,0.0,0.0,1560567.0,-1676.0,-0.10728164568508228,1324179.0,1324179.0,0.0,1606885.0,1606885.0,0.0,0.0,1054902.0570935088,1054598.9655573051,-303.09153620363213,-0.028731722927786977,1025.0,1019.0,1051.0,1050.0,93304.0,52.0,1-2km,1-2km
3016,11,el Poble-sec,Sants-Montjuïc,430465.0256101394,4580646.253927586,1231.5610001634882,1254.0,58.5,True,1592.0503193043942,0.0,1586615.0,1586615.0,0.0,0.0,1584939.0,-1676.0,-0.10563369185341119,1488213.0,1488213.0,0.0,1606885.0,1606885.0,0.0,0.0,1110267.161720382,1109949.7917790925,-317.36994128953665,-0.028585006585060604,1039.0,1033.0,1051.0,1050.0,92194.0,50.0,1-2km,1-2km
3017,11,el Poble-sec,Sants-Montjuïc,430335.1928461976,4580456.585669509,1250.72195436753,1629.0,25.9,True,1560.6566944223114,0.0,1629.0,1629.0,0.0,0.0,1629.0,0.0,0.0,1629.0,1629.0,0.0,1629.0,1629.0,0.0,0.0,1629.0,1629.0,0.0,0.0,1.0,1.0,1.0,1.0,85096.0,47.0,1-2km,1-2km
3018,11,el Poble-sec,Sants-Montjuïc,430491.1418410913,4580462.30375559,1376.624570431273,1635.0,50.9,True,1719.3054366837982,0.0,1579508.0,1579508.0,0.0,0.0,1577832.0,-1676.0,-0.1061089909009641,1420812.0,1420812.0,0.0,1606885.0,1606885.0,0.0,0.0,1083385.2764408966,1083075.6577881763,-309.61865272023715,-0.028578813045843365,1035.0,1029.0,1051.0,1050.0,73091.0,40.0,1-2km,1-2km
3019,11,el Poble-sec,Sants-Montjuïc,430664.712043256,4580604.887690558,1413.4991893768204,1511.0,35.1,True,1610.1118486253547,0.0,1574408.0,1574408.0,0.0,0.0,1572732.0,-1676.0,-0.10645271111427279,1398499.0,1398499.0,0.0,1606885.0,1606885.0,0.0,0.0,1070255.8691297586,1069950.1218356462,-305.7472941123415,-0.02856768207783334,1032.0,1026.0,1051.0,1050.0,70685.0,38.0,1-2km,1-2km
3020,11,el Poble-sec,Sants-Montjuïc,430947.3851670062,4580479.275137545,1716.639254704696,1213.0,20.3,True,2055.604590442601,0.0,1574408.0,1574408.0,0.0,0.0,1572732.0,-1676.0,-0.10645271111427279,1407883.0,1407883.0,0.0,1606885.0,1606885.0,0.0,0.0,1076013.2848808456,1075707.0548386562,-306.23004218935966,-0.028459689716867263,1032.0,1026.0,1051.0,1050.0,51373.0,27.0,2-3.5km,1-2km
3021,11,el Poble-sec,Sants-Montjuïc,430752.781547804,4580479.784075516,1559.5475801393222,1074.0,40.8,True,1921.8541144610347,0.0,1579508.0,1579508.0,0.0,0.0,1577832.0,-1676.0,-0.1061089909009641,1457657.0,1457657.0,0.0,1606885.0,1606885.0,0.0,0.0,1088455.4467973162,1088145.0934001715,-310.3533971447032,-0.02851319252964286,1035.0,1029.0,1051.0,1050.0,61156.0,32.0,1-2km,1-2km
3022,11,el Poble-sec,Sants-Montjuïc,430571.0961600302,4580328.664857728,1518.5249852149827,1424.0,38.4,True,1810.0113614034149,0.0,1574408.0,1574408.0,0.0,0.0,1572732.0,-1676.0,-0.10645271111427279,1395667.0,1395667.0,0.0,1606885.0,1606885.0,0.0,0.0,1073499.598450086,1073193.592566522,-306.0058835640084,-0.028505449280634882,1032.0,1026.0,1051.0,1050.0,62684.0,34.0,1-2km,1-2km
3023,11,el Poble-sec,Sants-Montjuïc,430159.5297466415,4580318.2369843,1195.7480821317497,1875.0,8.3,True,1426.44822629212,0.0,1572444.0,1572444.0,0.0,0.0,1570768.0,-1676.0,-0.10658567173139394,1392326.0,1392326.0,0.0,1608760.0,1608760.0,0.0,0.0,1070303.1348402128,1069996.3019170347,-306.83292317809537,-0.028667852423313975,1031.0,1025.0,1052.0,1051.0,74021.0,41.0,1-2km,1-2km
3024,11,el Poble-sec,Sants-Montjuïc,429477.80179561407,4579488.07721449,1652.6578896024791,1974.0,43.9,True,2612.0662354837154,0.0,1380251.0,1380251.0,0.0,0.0,1378575.0,-1676.0,-0.12142718969230959,1137767.0,1137767.0,0.0,1606885.0,1606885.0,0.0,0.0,953741.9247758526,953470.8491901252,-271.07558572734706,-0.028422320408223112,901.0,893.0,1051.0,1050.0,1974.0,1.0,2-3.5km,1-2km
3025,12,la Marina del Prat Vermell,Sants-Montjuïc,428198.5325126097,4576754.601239828,4454.353312961321,1517.0,40.9,True,5278.622090422406,0.0,1101010.0,1101010.0,0.0,0.0,1099334.0,-1676.0,-0.15222386717650158,944616.0,944616.0,0.0,1606885.0,1606885.0,0.0,0.0,819164.8437482392,818945.3337982978,-219.50994994142093,-0.02679679818008459,708.0,696.0,1051.0,1049.0,1517.0,1.0,>3.5km,>3.5km
3026,13,la Marina de Port,Sants-Montjuïc,427618.04080449295,4578597.977863661,2853.645356304402,998.0,54.4,True,3312.597706739604,0.0,1443610.0,1443610.0,0.0,0.0,1441934.0,-1676.0,-0.11609783805875548,1201288.0,1201288.0,0.0,1606885.0,1606885.0,0.0,0.0,971589.3172834778,971322.8401105384,-266.47717293933965,-0.027426935249185165,947.0,939.0,1051.0,1050.0,19909.0,12.0,2-3.5km,2-3.5km
3027,13,la Marina de Port,Sants-Montjuïc,427639.1294756933,4578951.608472852,2531.045163526303,1704.0,58.5,True,3123.312226573922,0.0,1473890.0,1473890.0,0.0,0.0,1472214.0,-1676.0,-0.11371269226333038,1207815.0,1207815.0,0.0,1606885.0,1606885.0,0.0,0.0,987787.3324215346,987515.7631819533,-271.5692395812366,-0.027492682955904263,967.0,960.0,1051.0,1050.0,30693.0,17.0,2-3.5km,2-3.5km
3028,13,la Marina de Port,Sants-Montjuïc,427747.4745815108,4579289.310673957,2184.8529903241,2612.0,42.6,True,2548.1165387509595,0.0,1554605.0,1554605.0,0.0,0.0,1552929.0,-1676.0,-0.10780873598116564,1420753.0,1420753.0,0.0,1606885.0,1606885.0,0.0,0.0,1037670.4029190958,1037384.634549288,-285.76836980786175,-0.027539416080863424,1018.0,1012.0,1051.0,1050.0,43222.0,25.0,2-3.5km,2-3.5km
3029,13,la Marina de Port,Sants-Montjuïc,427807.5191640643,4578932.487421693,2469.902041426806,1267.0,5.4,True,2949.732770930949,0.0,1492079.0,1492079.0,0.0,0.0,1490403.0,-1676.0,-0.11232649209592789,1289394.0,1289394.0,0.0,1606885.0,1606885.0,0.0,0.0,998571.0692925156,998296.8492122687,-274.22008024691604,-0.027461248245575557,977.0,971.0,1051.0,1050.0,32969.0,19.0,2-3.5km,2-3.5km
3030,13,la Marina de Port,Sants-Montjuïc,427967.066519363,4578784.214298509,2542.476430788729,1566.0,49.7,True,3037.1304297466468,0.0,1465197.0,1465197.0,0.0,0.0,1463521.0,-1676.0,-0.11438734859544485,1295027.0,1295027.0,0.0,1606885.0,1606885.0,0.0,0.0,985707.6104384223,985437.4617755553,-270.14866286702454,-0.02740657168578297,962.0,954.0,1051.0,1050.0,28063.0,16.0,2-3.5km,2-3.5km
3031,13,la Marina de Port,Sants-Montjuïc,428236.6685977212,4578854.855859342,2390.200188092744,2360.0,115.9,True,2930.1247157250386,0.0,1487354.0,1487354.0,0.0,0.0,1485678.0,-1676.0,-0.11268332891833417,1340235.0,1340235.0,0.0,1606885.0,1606885.0,0.0,0.0,995402.4098589405,995129.4803047044,-272.9295542361215,-0.027419016825044516,974.0,968.0,1051.0,1050.0,30428.0,17.0,2-3.5km,2-3.5km
3032,13,la Marina de Port,Sants-Montjuïc,428401.79689293314,4578725.570992858,2477.645176964528,1700.0,16.8,True,3116.875943620709,0.0,1392171.0,1392171.0,0.0,0.0,1390495.0,-1676.0,-0.12038750986768149,1266640.0,1266640.0,0.0,1606885.0,1606885.0,0.0,0.0,962111.2357575278,961851.1326694143,-260.1030881134793,-0.027034617042870784,910.0,901.0,1051.0,1050.0,28063.0,16.0,2-3.5km,2-3.5km
3033,13,la Marina de Port,Sants-Montjuïc,428186.9981979893,4579141.306400041,2131.517108091817,1477.0,34.4,True,2669.146451359558,0.0,1476441.0,1476441.0,0.0,0.0,1474765.0,-1676.0,-0.1135162190700475,1218701.0,1218701.0,0.0,1606885.0,1606885.0,0.0,0.0,991498.9018669378,991224.1891084247,-274.7127585130511,-0.027706814197754743,966.0,960.0,1051.0,1050.0,36613.0,21.0,2-3.5km,2-3.5km
3034,13,la Marina de Port,Sants-Montjuïc,428121.8836641109,4578988.3546989495,2297.3744083966308,1496.0,51.5,True,2840.732394148882,0.0,1439922.0,1439922.0,0.0,0.0,1438246.0,-1676.0,-0.11639519362854377,1236429.0,1236429.0,0.0,1606885.0,1606885.0,0.0,0.0,980592.0205844892,980321.2630884424,-270.7574960468337,-0.027611635661225008,945.0,937.0,1051.0,1050.0,34659.0,20.0,2-3.5km,2-3.5km
3035,13,la Marina de Port,Sants-Montjuïc,427995.56101694674,4579273.949848131,2080.736238807832,2225.0,56.7,True,2448.716483383772,0.0,1510568.0,1510568.0,0.0,0.0,1508892.0,-1676.0,-0.11095164203134185,1318042.0,1318042.0,0.0,1606885.0,1606885.0,0.0,0.0,1010997.706084982,1010720.1968517329,-277.50923324911855,-0.02744904677615478,989.0,983.0,1051.0,1050.0,46854.0,28.0,2-3.5km,2-3.5km
3036,13,la Marina de Port,Sants-Montjuïc,427919.72483843286,4579728.623785239,1721.9060761273818,2365.0,15.8,True,2036.1031188528655,0.0,1571001.0,1571001.0,0.0,0.0,1569325.0,-1676.0,-0.1066835730849312,1447254.0,1447254.0,0.0,1606885.0,1606885.0,0.0,0.0,1068617.513092671,1068318.4843272397,-299.02876543137245,-0.027982768555416752,1030.0,1024.0,1051.0,1050.0,61107.0,38.0,2-3.5km,1-2km
3037,13,la Marina de Port,Sants-Montjuïc,428071.7011144501,4579325.286991703,2002.3881383882288,985.0,35.3,True,2343.0781964665125,0.0,1527306.0,1527306.0,0.0,0.0,1525630.0,-1676.0,-0.1097357045673886,1340086.0,1340086.0,0.0,1606885.0,1606885.0,0.0,0.0,1021311.9551729816,1021026.1132889199,-285.84188406169415,-0.027987715468706185,999.0,993.0,1051.0,1050.0,46854.0,28.0,2-3.5km,2-3.5km
3038,13,la Marina de Port,Sants-Montjuïc,428485.7147416107,4579260.433317124,1936.785396185756,937.0,96.9,True,2783.9733894979263,0.0,1363664.0,1363664.0,0.0,0.0,1361988.0,-1676.0,-0.12290417580870361,1108166.0,1108166.0,0.0,1606885.0,1606885.0,0.0,0.0,948126.884917607,947865.3400627576,-261.5448548493441,-0.02758542754244044,891.0,882.0,1051.0,1050.0,29416.0,16.0,2-3.5km,1-2km
3039,13,la Marina de Port,Sants-Montjuïc,428145.8680072676,4579542.545384342,1773.8223583972767,2495.0,13.8,True,2676.26055890096,0.0,1462455.0,1462455.0,0.0,0.0,1460779.0,-1676.0,-0.11460181680803853,1213254.0,1213254.0,0.0,1606885.0,1606885.0,0.0,0.0,988392.0095858907,988115.534539497,-276.47504639369436,-0.02797220573540754,956.0,950.0,1051.0,1050.0,52362.0,31.0,2-3.5km,1-2km
3040,14,la Font de la Guatlla,Sants-Montjuïc,428163.8737807687,4579881.757648137,1463.0872663081277,1690.0,70.3,True,1730.7758694341123,0.0,1577739.0,1577739.0,0.0,0.0,1576063.0,-1676.0,-0.10622796292669447,1468272.0,1468272.0,0.0,1606885.0,1606885.0,0.0,0.0,1078010.329744437,1077706.438758649,-303.890985788079,-0.028189988296320145,1034.0,1028.0,1051.0,1050.0,71886.0,44.0,1-2km,1-2km
3041,14,la Font de la Guatlla,Sants-Montjuïc,428267.0351947087,4580055.235087818,1261.3154273383857,1394.0,50.4,True,1528.4429237131865,0.0,1571845.0,1571845.0,0.0,0.0,1570169.0,-1676.0,-0.10662628948783118,1434962.0,1434962.0,0.0,1606885.0,1606885.0,0.0,0.0,1075492.0432678417,1075185.993463979,-306.04980386258103,-0.028456724136485506,1031.0,1025.0,1051.0,1050.0,69795.0,42.0,1-2km,1-2km
3042,14,la Font de la Guatlla,Sants-Montjuïc,428557.4101754522,4580122.74231047,1083.341396198268,1348.0,32.5,True,1560.2565465992338,0.0,1565420.0,1565420.0,0.0,0.0,1563744.0,-1676.0,-0.10706391894826947,1411072.0,1411072.0,0.0,1606885.0,1606885.0,0.0,0.0,1057027.132687684,1056725.032908045,-302.09977963892743,-0.02858013482310371,1027.0,1021.0,1051.0,1050.0,28702.0,19.0,1-2km,1-2km
3043,14,la Font de la Guatlla,Sants-Montjuïc,428380.7223388067,4580174.469301301,1102.522742949259,1566.0,13.8,True,1407.330634897112,0.0,1579498.0,1579498.0,0.0,0.0,1577822.0,-1676.0,-0.1061096626902978,1476304.0,1476304.0,0.0,1606885.0,1606885.0,0.0,0.0,1088740.4459740925,1088430.5134159497,-309.9325581428129,-0.02846707489272315,1035.0,1029.0,1051.0,1050.0,64316.0,39.0,1-2km,1-2km
3044,14,la Font de la Guatlla,Sants-Montjuïc,428534.5871220449,4580352.326702802,875.9099462315303,1886.0,29.1,True,1102.3215618837041,0.0,1577934.0,1577934.0,0.0,0.0,1576258.0,-1676.0,-0.106214835347993,1430630.0,1430630.0,0.0,1606885.0,1606885.0,0.0,0.0,1085976.2623996874,1085665.9831212498,-310.279278437607,-0.028571460461942443,1034.0,1028.0,1051.0,1050.0,66532.0,42.0,1-2km,500m-1km
3045,14,la Font de la Guatlla,Sants-Montjuïc,428814.0164185185,4580356.49200659,802.5530290644141,1084.0,17.3,True,1130.8554109510696,0.0,1574140.0,1574140.0,0.0,0.0,1572464.0,-1676.0,-0.10647083486856315,1397854.0,1397854.0,0.0,1606885.0,1606885.0,0.0,0.0,1076679.8168174878,1076372.2453288035,-307.5714886842761,-0.028566662426478248,1032.0,1026.0,1051.0,1050.0,53023.0,35.0,1-2km,500m-1km
3046,14,la Font de la Guatlla,Sants-Montjuïc,428685.8923254821,4580474.683587424,709.263055350276,1391.0,17.9,True,1124.5359965473076,0.0,1581161.0,1581161.0,0.0,0.0,1579485.0,-1676.0,-0.10599806091852759,1459767.0,1459767.0,0.0,1606885.0,1606885.0,0.0,0.0,1094541.8644182186,1094228.8389682341,-313.0254499844741,-0.028598764484066255,1036.0,1030.0,1051.0,1050.0,50650.0,35.0,1-2km,500m-1km
3047,15,Hostafrancs,Sants-Montjuïc,428628.2374317984,4580834.044988955,410.4355432604797,1733.0,18.4,True,730.7283887450253,0.0,1588264.0,1588264.0,0.0,0.0,1586588.0,-1676.0,-0.10552401867699576,1466492.0,1466492.0,0.0,1606885.0,1606885.0,0.0,0.0,1112009.0190609568,1111690.8463859875,-318.17267496930435,-0.028612418560956216,1040.0,1034.0,1051.0,1050.0,95837.0,64.0,500m-1km,250-500m
3048,15,Hostafrancs,Sants-Montjuïc,428438.0868216803,4581113.229783734,446.6454622956505,1335.0,6.6,True,619.1326971156988,0.0,1586106.0,1586106.0,0.0,0.0,1584430.0,-1676.0,-0.10566759094284997,1473804.0,1473804.0,0.0,1606885.0,1606885.0,0.0,0.0,1101219.4303496275,1101026.3945463526,-193.03580327495,-0.017529276904754833,1039.0,1033.0,1051.0,1050.0,100848.0,69.0,500m-1km,250-500m
3049,15,Hostafrancs,Sants-Montjuïc,428383.506422882,4580980.809408807,529.0482104701234,1656.0,23.8,True,640.1106033806567,0.0,1589886.0,1589886.0,0.0,0.0,1588210.0,-1676.0,-0.10541636318578816,1562255.0,1562255.0,0.0,1606885.0,1606885.0,0.0,0.0,1138096.1549040177,1137687.763473322,-408.39143069577403,-0.035883736970380685,1041.0,1035.0,1051.0,1050.0,101045.0,69.0,500m-1km,500m-1km
3050,15,Hostafrancs,Sants-Montjuïc,428271.94208389247,4580850.598560913,682.8773332908124,1605.0,24.6,True,878.4722246749075,0.0,1589886.0,1589886.0,0.0,0.0,1588210.0,-1676.0,-0.10541636318578816,1507667.0,1507667.0,0.0,1606885.0,1606885.0,0.0,0.0,1108266.9083609376,1107870.3526294064,-396.5557315312326,-0.03578160897339392,1041.0,1035.0,1051.0,1050.0,93134.0,64.0,500m-1km,500m-1km
3051,15,Hostafrancs,Sants-Montjuïc,428236.7458857549,4580641.354694644,825.9441605519357,1890.0,30.8,True,1108.7499678405381,0.0,1584686.0,1584686.0,0.0,0.0,1583010.0,-1676.0,-0.10576227719560846,1465336.0,1465336.0,0.0,1606885.0,1606885.0,0.0,0.0,1097103.3564700265,1096935.8674603193,-167.4890097072348,-0.015266475006159613,1038.0,1032.0,1051.0,1050.0,82489.0,56.0,1-2km,500m-1km
3052,15,Hostafrancs,Sants-Montjuïc,428361.3129097404,4580641.847687241,732.3057866431352,1342.0,24.9,True,1170.6211104813094,0.0,1574140.0,1574140.0,0.0,0.0,1572464.0,-1676.0,-0.10647083486856315,1392176.0,1392176.0,0.0,1606885.0,1606885.0,0.0,0.0,1077329.5526642036,1077022.1775307935,-307.37513341009617,-0.028531207804516893,1032.0,1026.0,1051.0,1050.0,76515.0,51.0,1-2km,500m-1km
3053,15,Hostafrancs,Sants-Montjuïc,428588.8817525697,4580676.584370041,562.3608655794841,2147.0,24.5,True,939.756458395618,0.0,1577934.0,1577934.0,0.0,0.0,1576258.0,-1676.0,-0.106214835347993,1409699.0,1409699.0,0.0,1606885.0,1606885.0,0.0,0.0,1087297.938294047,1086987.87886861,-310.05942543712445,-0.02851651001229734,1034.0,1028.0,1051.0,1050.0,88314.0,59.0,500m-1km,500m-1km
3054,15,Hostafrancs,Sants-Montjuïc,428534.8956821744,4580515.508912804,728.9087052102896,1634.0,47.8,True,993.963271446163,0.0,1568464.0,1568464.0,0.0,0.0,1566788.0,-1676.0,-0.10685613440920544,1426654.0,1426654.0,0.0,1606885.0,1606885.0,0.0,0.0,1074033.8009126517,1073727.9739708803,-305.82694177143276,-0.02847461053009307,1029.0,1023.0,1051.0,1050.0,71192.0,46.0,500m-1km,500m-1km
3055,15,Hostafrancs,Sants-Montjuïc,428377.2939001423,4580418.880604414,893.8131711894582,1565.0,59.5,True,1336.109860404195,0.0,1581161.0,1581161.0,0.0,0.0,1579485.0,-1676.0,-0.10599806091852759,1478976.0,1478976.0,0.0,1606885.0,1606885.0,0.0,0.0,1092789.8339151426,1092478.202511247,-311.63140389556065,-0.028517048221347152,1036.0,1030.0,1051.0,1050.0,70737.0,46.0,1-2km,500m-1km
3056,15,Hostafrancs,Sants-Montjuïc,428321.268142634,4580305.132712943,1019.4717377076014,952.0,44.1,True,1422.929715147744,0.0,1577322.0,1577322.0,0.0,0.0,1575646.0,-1676.0,-0.10625604664107899,1470502.0,1470502.0,0.0,1606885.0,1606885.0,0.0,0.0,1085072.192114136,1084763.8533522882,-308.33876184769906,-0.028416428334315447,1034.0,1028.0,1051.0,1050.0,72868.0,46.0,1-2km,1-2km
3057,16,la Bordeta,Sants-Montjuïc,428176.49823759246,4580487.339412408,972.5858900248052,1477.0,23.8,True,1392.046795361061,0.0,1568846.0,1568846.0,0.0,0.0,1567170.0,-1676.0,-0.10683011589410306,1374465.0,1374465.0,0.0,1606885.0,1606885.0,0.0,0.0,1072060.6999515805,1071779.1134707632,-281.5864808172919,-0.026265908341758046,1029.0,1023.0,1051.0,1050.0,79671.0,53.0,1-2km,500m-1km
3058,16,la Bordeta,Sants-Montjuïc,428126.4015049253,4580243.705361401,1185.0787275281364,1747.0,19.8,True,1567.5711581511196,0.0,1542820.0,1542820.0,0.0,0.0,1541144.0,-1676.0,-0.108632244850339,1200492.0,1200492.0,0.0,1606885.0,1606885.0,0.0,0.0,1037505.9918619796,1037234.6880500732,-271.30381190637127,-0.026149613981454777,1011.0,1005.0,1051.0,1050.0,77198.0,48.0,1-2km,1-2km
3059,16,la Bordeta,Sants-Montjuïc,428031.752101173,4580201.592459724,1278.7305140711942,1168.0,19.4,True,1653.4079691279887,0.0,1530534.0,1530534.0,0.0,0.0,1528858.0,-1676.0,-0.10950426452466917,1252138.0,1252138.0,0.0,1606885.0,1606885.0,0.0,0.0,1022052.3541462164,1021788.8833227466,-263.4708234698046,-0.025778603454213272,1001.0,995.0,1051.0,1050.0,78517.0,49.0,1-2km,1-2km
3060,16,la Bordeta,Sants-Montjuïc,427950.10285075824,4580345.277298244,1235.766888114516,1344.0,10.3,True,1642.7459118861373,0.0,1532289.0,1532289.0,0.0,0.0,1530613.0,-1676.0,-0.10937884433027974,1294360.0,1294360.0,0.0,1606885.0,1606885.0,0.0,0.0,1030595.2697411114,1030324.8903615456,-270.37937956582755,-0.02623526300812031,1004.0,998.0,1051.0,1050.0,83227.0,53.0,1-2km,1-2km
3061,16,la Bordeta,Sants-Montjuïc,427935.218299339,4580159.98044383,1374.7454089272271,1091.0,45.7,True,1685.4894991685037,0.0,1530534.0,1530534.0,0.0,0.0,1528858.0,-1676.0,-0.10950426452466917,1228576.0,1228576.0,0.0,1606885.0,1606885.0,0.0,0.0,1023199.42467673,1022935.6517199117,-263.7729568182258,-0.025779232323313937,1001.0,995.0,1051.0,1050.0,81431.0,51.0,1-2km,1-2km
3062,16,la Bordeta,Sants-Montjuïc,427785.35322937474,4580258.215924323,1417.8523430517323,1546.0,17.5,True,1860.5162609658605,0.0,1564406.0,1564406.0,0.0,0.0,1562730.0,-1676.0,-0.1071333144976432,1425839.0,1425839.0,0.0,1606885.0,1606885.0,0.0,0.0,1054672.5216412137,1054404.174985305,-268.3466559087392,-0.025443599828613658,1025.0,1019.0,1051.0,1050.0,85778.0,54.0,1-2km,1-2km
3063,16,la Bordeta,Sants-Montjuïc,427774.5480868535,4580043.743466836,1570.1203654987985,1954.0,127.5,True,1855.49050661242,0.0,1568212.0,1568212.0,0.0,0.0,1566536.0,-1676.0,-0.10687330539493385,1473213.0,1473213.0,0.0,1606885.0,1606885.0,0.0,0.0,1062547.7217136174,1062278.6583643828,-269.06334923463874,-0.02532247199219518,1027.0,1021.0,1051.0,1050.0,79181.0,49.0,1-2km,1-2km
3064,16,la Bordeta,Sants-Montjuïc,427629.0854636793,4579726.813735066,1901.1423219464164,1202.0,5.1,True,2332.826062491094,0.0,1566036.0,1566036.0,0.0,0.0,1564360.0,-1676.0,-0.1070218053735674,1472448.0,1472448.0,0.0,1606885.0,1606885.0,0.0,0.0,1060533.3327626335,1060241.0756775946,-292.2570850388147,-0.027557557693872796,1026.0,1020.0,1051.0,1050.0,63735.0,40.0,2-3.5km,1-2km
3065,16,la Bordeta,Sants-Montjuïc,427634.9387089867,4579866.174847777,1794.644280080121,1339.0,35.9,True,2299.3149981478723,0.0,1564537.0,1564537.0,0.0,0.0,1562861.0,-1676.0,-0.10712434413503803,1463776.0,1463776.0,0.0,1606885.0,1606885.0,0.0,0.0,1057424.2284323764,1057136.7214691993,-287.50696317711845,-0.02718936784750482,1024.0,1018.0,1051.0,1050.0,69230.0,42.0,2-3.5km,1-2km
3066,16,la Bordeta,Sants-Montjuïc,427463.8169410724,4579945.5372916125,1865.1041044202289,2324.0,49.0,True,2281.332093878073,0.0,1564537.0,1564537.0,0.0,0.0,1562861.0,-1676.0,-0.10712434413503803,1426025.0,1426025.0,0.0,1606885.0,1606885.0,0.0,0.0,1052787.339944265,1052501.227318605,-286.11262566014193,-0.02717667802457511,1024.0,1018.0,1051.0,1050.0,60337.0,36.0,2-3.5km,1-2km
3067,16,la Bordeta,Sants-Montjuïc,427573.2198867192,4580024.156927206,1730.8846008674798,1729.0,47.4,True,2218.8371768237084,0.0,1566861.0,1566861.0,0.0,0.0,1565185.0,-1676.0,-0.10696545513609695,1473530.0,1473530.0,0.0,1606885.0,1606885.0,0.0,0.0,1057725.6803465865,1057468.8128742608,-256.8674723256845,-0.02428488568430298,1027.0,1021.0,1051.0,1050.0,75047.0,47.0,2-3.5km,1-2km
3068,16,la Bordeta,Sants-Montjuïc,427530.7911382241,4580188.098383879,1662.7114301908966,1144.0,15.3,True,2040.8752798080736,0.0,1554817.0,1554817.0,0.0,0.0,1553141.0,-1676.0,-0.10779403621133549,1325979.0,1325979.0,0.0,1606885.0,1606885.0,0.0,0.0,1039196.6026656422,1038945.9190320688,-250.6836335733533,-0.02412283036052321,1019.0,1013.0,1051.0,1050.0,76654.0,50.0,2-3.5km,1-2km
3069,16,la Bordeta,Sants-Montjuïc,427393.6177929072,4580186.566325009,1776.8730106445291,1162.0,42.9,True,2300.3050242540407,0.0,1557463.0,1557463.0,0.0,0.0,1555787.0,-1676.0,-0.1076109031161575,1476238.0,1476238.0,0.0,1606885.0,1606885.0,0.0,0.0,1051446.9558244182,1051174.79712464,-272.15869977814145,-0.025884206356824473,1021.0,1015.0,1051.0,1050.0,83861.0,54.0,2-3.5km,1-2km
3070,17,Sants - Badal,Sants-Montjuïc,427290.50916788535,4580318.637887342,1798.97851383762,1319.0,34.8,True,2272.72029920626,0.0,1541354.0,1541354.0,0.0,0.0,1539678.0,-1676.0,-0.10873556626187106,1336602.0,1336602.0,0.0,1606885.0,1606885.0,0.0,0.0,1018836.919112838,1018609.0102785905,-227.90883424750064,-0.022369510759970734,1011.0,1003.0,1051.0,1050.0,75163.0,50.0,2-3.5km,1-2km
3071,17,Sants - Badal,Sants-Montjuïc,427252.66590504016,4580386.423215917,1802.587040970824,1343.0,28.7,True,2246.5413994493856,0.0,1539941.0,1539941.0,0.0,0.0,1538265.0,-1676.0,-0.10883533849673462,1341126.0,1341126.0,0.0,1606885.0,1606885.0,0.0,0.0,1019099.1113353054,1018961.5849083153,-137.52642699005082,-0.013494902062062705,1011.0,1004.0,1051.0,1050.0,75274.0,50.0,2-3.5km,1-2km
3072,17,Sants - Badal,Sants-Montjuïc,427198.9391196608,4580437.486813124,1830.67162017262,1335.0,35.0,True,2201.2110603663004,0.0,1525410.0,1525410.0,0.0,0.0,1523734.0,-1676.0,-0.10987209996001075,1259249.0,1259249.0,0.0,1606885.0,1606885.0,0.0,0.0,1012515.1505308629,1012375.2570662671,-139.8934645957779,-0.013816431736594916,1000.0,993.0,1051.0,1050.0,75274.0,50.0,2-3.5km,1-2km
3073,17,Sants - Badal,Sants-Montjuïc,427268.0681949879,4580695.297544488,1679.0712473310764,1580.0,7.4,True,1966.634442345643,0.0,1587773.0,1587773.0,0.0,0.0,1586097.0,-1676.0,-0.10555665073029961,1502254.0,1502254.0,0.0,1606885.0,1606885.0,0.0,0.0,1076162.44454354,1075907.819313903,-254.62522963690571,-0.023660482757777927,1040.0,1034.0,1051.0,1050.0,92628.0,62.0,1-2km,1-2km
3074,17,Sants - Badal,Sants-Montjuïc,427166.1453486685,4580668.715532765,1784.3774803542988,1750.0,58.1,True,2049.9725914066144,0.0,1573619.0,1573619.0,0.0,0.0,1571943.0,-1676.0,-0.10650608565351588,1412840.0,1412840.0,0.0,1606885.0,1606885.0,0.0,0.0,1058395.3257899196,1058145.3623205302,-249.9634693893604,-0.02361721214167338,1031.0,1024.0,1051.0,1050.0,88278.0,59.0,2-3.5km,1-2km
3075,17,Sants - Badal,Sants-Montjuïc,427072.61237057735,4580485.108596353,1930.425270362812,1738.0,12.1,True,2281.889624744492,0.0,1549444.0,1549444.0,0.0,0.0,1547768.0,-1676.0,-0.10816783310658533,1304729.0,1304729.0,0.0,1606885.0,1606885.0,0.0,0.0,1027983.7040657332,1027675.4246785991,-308.2793871341273,-0.02998874261477736,1016.0,1008.0,1051.0,1050.0,68144.0,45.0,2-3.5km,1-2km
3076,17,Sants - Badal,Sants-Montjuïc,426952.5711581649,4580542.130821965,2025.399446869132,1042.0,27.6,True,2369.342432300647,0.0,1568212.0,1568212.0,0.0,0.0,1566536.0,-1676.0,-0.10687330539493385,1357588.0,1357588.0,0.0,1606885.0,1606885.0,0.0,0.0,1046394.2079412214,1046051.8304727724,-342.3774684490636,-0.03271974040478402,1027.0,1020.0,1051.0,1050.0,58889.0,40.0,2-3.5km,2-3.5km
3077,17,Sants - Badal,Sants-Montjuïc,426900.63755477365,4580625.364550788,2051.861449053476,1329.0,6.3,True,2444.593660745743,0.0,1568212.0,1568212.0,0.0,0.0,1566536.0,-1676.0,-0.10687330539493385,1370370.0,1370370.0,0.0,1606885.0,1606885.0,0.0,0.0,1047164.3394455026,1046821.2780607942,-343.0613847083878,-0.03276098810718159,1027.0,1020.0,1051.0,1050.0,58115.0,39.0,2-3.5km,2-3.5km
3078,17,Sants - Badal,Sants-Montjuïc,427029.5895011784,4580691.380936102,1910.4641955422685,1700.0,50.3,True,2343.3540849006863,0.0,1568212.0,1568212.0,0.0,0.0,1566536.0,-1676.0,-0.10687330539493385,1379465.0,1379465.0,0.0,1606885.0,1606885.0,0.0,0.0,1050753.4452422152,1050409.592581715,-343.85266050021164,-0.032724390489240626,1027.0,1020.0,1051.0,1050.0,66769.0,45.0,2-3.5km,1-2km
3079,17,Sants - Badal,Sants-Montjuïc,426845.7984290479,4580752.173812377,2076.536540142602,1800.0,19.0,True,2324.9100423591585,0.0,1569773.0,1569773.0,0.0,0.0,1568097.0,-1676.0,-0.10676702937303674,1385409.0,1385409.0,0.0,1606885.0,1606885.0,0.0,0.0,1051811.5148405323,1051466.5769782364,-344.9378622958902,-0.032794645944543316,1028.0,1021.0,1051.0,1050.0,64294.0,44.0,2-3.5km,2-3.5km
3080,17,Sants - Badal,Sants-Montjuïc,426712.6398071328,4580743.479826987,2208.9111101943936,1515.0,27.0,True,2563.9621005508016,0.0,1584767.0,1584767.0,0.0,0.0,1583091.0,-1676.0,-0.10575687151486622,1483043.0,1483043.0,0.0,1606885.0,1606885.0,0.0,0.0,1075921.2847388152,1075568.0017169535,-353.2830218616873,-0.03283539668493949,1038.0,1032.0,1051.0,1050.0,57659.0,38.0,2-3.5km,2-3.5km
3081,17,Sants - Badal,Sants-Montjuïc,426822.37119933614,4580885.4044367885,2078.0058260501696,1873.0,25.6,True,2372.0637748214995,0.0,1587773.0,1587773.0,0.0,0.0,1586097.0,-1676.0,-0.10555665073029961,1519019.0,1519019.0,0.0,1606885.0,1606885.0,0.0,0.0,1088608.4419891245,1088250.6964913097,-357.7454978148453,-0.03286264225189788,1040.0,1034.0,1051.0,1050.0,69318.0,48.0,2-3.5km,2-3.5km
3082,17,Sants - Badal,Sants-Montjuïc,426974.1626537862,4580992.078701161,1915.542645173542,1857.0,14.0,True,2324.994018578577,0.0,1589931.0,1589931.0,0.0,0.0,1588255.0,-1676.0,-0.10541337957433373,1525154.0,1525154.0,0.0,1606885.0,1606885.0,0.0,0.0,1099890.0176746005,1099528.3436187778,-361.6740558226593,-0.032882747366624394,1041.0,1035.0,1051.0,1050.0,78359.0,54.0,2-3.5km,1-2km
3083,17,Sants - Badal,Sants-Montjuïc,427119.2146876867,4580872.505466436,1786.1135651127042,1357.0,12.3,True,2078.1458171260656,0.0,1587773.0,1587773.0,0.0,0.0,1586097.0,-1676.0,-0.10555665073029961,1483087.0,1483087.0,0.0,1606885.0,1606885.0,0.0,0.0,1079723.3278940131,1079386.6183733672,-336.7095206459053,-0.03118479632209605,1040.0,1034.0,1051.0,1050.0,80602.0,54.0,2-3.5km,1-2km
3084,17,Sants - Badal,Sants-Montjuïc,427160.62403949216,4580967.74490238,1732.3165144857803,1365.0,46.3,True,1998.0535621665363,0.0,1587773.0,1587773.0,0.0,0.0,1586097.0,-1676.0,-0.10555665073029961,1524386.0,1524386.0,0.0,1606885.0,1606885.0,0.0,0.0,1092669.0747386194,1092310.1839156721,-358.89082294725813,-0.032845335449171516,1040.0,1034.0,1051.0,1050.0,90172.0,61.0,1-2km,1-2km
3085,17,Sants - Badal,Sants-Montjuïc,427131.85173467145,4581117.062912318,1751.2532931708893,1305.0,49.8,True,2144.50854412077,0.0,1584767.0,1584767.0,0.0,0.0,1583091.0,-1676.0,-0.10575687151486622,1464720.0,1464720.0,0.0,1606885.0,1606885.0,0.0,0.0,1075594.760525356,1075241.6901002566,-353.0704250994604,-0.03282559919936846,1038.0,1032.0,1051.0,1050.0,86015.0,60.0,2-3.5km,1-2km
3086,18,Sants,Sants-Montjuïc,427263.6017359577,4581227.638428655,1620.647627863444,1215.0,62.2,True,1970.6513180584307,0.0,1594259.0,1594259.0,0.0,0.0,1592583.0,-1676.0,-0.10512720956883417,1562423.0,1562423.0,0.0,1606885.0,1606885.0,0.0,0.0,1128299.4858246727,1127927.4964717224,-371.9893529503606,-0.032969026187091986,1044.0,1038.0,1051.0,1050.0,95216.0,67.0,1-2km,1-2km
3087,18,Sants,Sants-Montjuïc,427401.9239744807,4581302.33738327,1479.7914006548465,1480.0,64.2,True,1699.2293364474367,0.0,1586151.0,1586151.0,0.0,0.0,1584475.0,-1676.0,-0.10566459309359576,1515366.0,1515366.0,0.0,1606885.0,1606885.0,0.0,0.0,1104403.3864625383,1104034.078924552,-369.30753798619844,-0.033439551391553565,1039.0,1033.0,1051.0,1050.0,102464.0,70.0,1-2km,1-2km
3088,18,Sants,Sants-Montjuïc,427532.6630350606,4581326.336899182,1346.8735749158438,1382.0,36.4,True,1585.2281666443355,0.0,1591351.0,1591351.0,0.0,0.0,1589675.0,-1676.0,-0.10531931673150675,1528605.0,1528605.0,0.0,1606885.0,1606885.0,0.0,0.0,1116379.2984580207,1116005.7566813491,-373.54177667154,-0.03346011317009264,1042.0,1036.0,1051.0,1050.0,97501.0,67.0,1-2km,1-2km
3089,18,Sants,Sants-Montjuïc,427597.4430959404,4581138.547754126,1285.3466126303215,1212.0,16.3,True,1657.2461709568584,0.0,1583023.0,1583023.0,0.0,0.0,1581347.0,-1676.0,-0.10587338276196871,1460671.0,1460671.0,0.0,1606885.0,1606885.0,0.0,0.0,1081284.2752919577,1080948.7690698276,-335.50622213003226,-0.031028493597527088,1037.0,1031.0,1051.0,1050.0,110179.0,76.0,1-2km,1-2km
3090,18,Sants,Sants-Montjuïc,427669.9431403295,4580918.426301377,1235.7978399282642,958.0,30.7,True,1537.7736418647953,0.0,1583023.0,1583023.0,0.0,0.0,1581347.0,-1676.0,-0.10587338276196871,1475035.0,1475035.0,0.0,1606885.0,1606885.0,0.0,0.0,1085828.2359734634,1085554.1230883684,-274.11288509494625,-0.025244589891254707,1037.0,1031.0,1051.0,1050.0,111514.0,76.0,1-2km,1-2km
3091,18,Sants,Sants-Montjuïc,427530.8073035985,4580896.886450302,1376.4903120488912,1471.0,19.5,True,1676.7386397157904,0.0,1570858.0,1570858.0,0.0,0.0,1569182.0,-1676.0,-0.10669328481632331,1377119.0,1377119.0,0.0,1606885.0,1606885.0,0.0,0.0,1058531.9767477736,1058269.8420796979,-262.1346680757124,-0.024763981989575145,1029.0,1023.0,1051.0,1050.0,100674.0,68.0,1-2km,1-2km
3092,18,Sants,Sants-Montjuïc,427459.7631249692,4581120.245248015,1423.3584380828795,1217.0,4.2,True,1778.7169800753015,0.0,1587773.0,1587773.0,0.0,0.0,1586097.0,-1676.0,-0.10555665073029961,1511746.0,1511746.0,0.0,1606885.0,1606885.0,0.0,0.0,1097442.6674727926,1097078.013698883,-364.6537739096675,-0.033227592175671256,1040.0,1034.0,1051.0,1050.0,111966.0,77.0,1-2km,1-2km
3093,18,Sants,Sants-Montjuïc,427301.7549762916,4581079.958127547,1582.7475484783697,1471.0,35.0,True,1907.3821813638403,0.0,1587773.0,1587773.0,0.0,0.0,1586097.0,-1676.0,-0.10555665073029961,1523218.0,1523218.0,0.0,1606885.0,1606885.0,0.0,0.0,1089155.2326798576,1088796.6217764548,-358.6109034027904,-0.03292560074475621,1040.0,1034.0,1051.0,1050.0,98337.0,68.0,1-2km,1-2km
3094,18,Sants,Sants-Montjuïc,427355.2466827732,4580897.725211546,1549.1225309949043,1186.0,22.6,True,1823.6537921840893,0.0,1583255.0,1583255.0,0.0,0.0,1581579.0,-1676.0,-0.1058578687577175,1502010.0,1502010.0,0.0,1606885.0,1606885.0,0.0,0.0,1071849.7942189353,1071497.6097706861,-352.1844482491724,-0.032857630812516206,1037.0,1031.0,1051.0,1050.0,91954.0,62.0,1-2km,1-2km
3095,18,Sants,Sants-Montjuïc,427377.94334239024,4580708.561885937,1569.871012195303,1609.0,13.8,True,1833.1806199317282,0.0,1573619.0,1573619.0,0.0,0.0,1571943.0,-1676.0,-0.10650608565351588,1452078.0,1452078.0,0.0,1606885.0,1606885.0,0.0,0.0,1061272.4086992664,1061009.5069278027,-262.9017714636866,-0.024772317579226287,1031.0,1025.0,1051.0,1050.0,98430.0,66.0,1-2km,1-2km
3096,18,Sants,Sants-Montjuïc,427532.125520503,4580716.016643115,1420.4386922463088,1518.0,40.1,True,1769.9494170087337,0.0,1569773.0,1569773.0,0.0,0.0,1568097.0,-1676.0,-0.10676702937303674,1418008.0,1418008.0,0.0,1606885.0,1606885.0,0.0,0.0,1051833.8437970101,1051570.361376116,-263.4824208940845,-0.025049813946178088,1028.0,1022.0,1051.0,1050.0,101418.0,68.0,1-2km,1-2km
3097,18,Sants,Sants-Montjuïc,427435.6771865795,4580532.692845374,1575.5723245698578,1635.0,6.2,True,1969.84056913514,0.0,1445102.0,1445102.0,0.0,0.0,1443426.0,-1676.0,-0.11597797248913917,1149391.0,1149391.0,0.0,1606885.0,1606885.0,0.0,0.0,963765.8717293659,963531.9343747615,-233.93735460436437,-0.024273255721806268,948.0,938.0,1051.0,1050.0,90738.0,60.0,1-2km,1-2km
3098,18,Sants,Sants-Montjuïc,427538.4889303904,4580404.15075707,1540.2125639902208,1435.0,25.5,True,1818.5255411954906,0.0,1552214.0,1552214.0,0.0,0.0,1550538.0,-1676.0,-0.10797480244347751,1243555.0,1243555.0,0.0,1606885.0,1606885.0,0.0,0.0,1026052.6656528433,1025795.0685868995,-257.59706594375893,-0.025105637806599183,1016.0,1009.0,1051.0,1050.0,89633.0,59.0,1-2km,1-2km
3099,18,Sants,Sants-Montjuïc,427741.9319637403,4580435.755771705,1349.1416816856104,973.0,41.3,True,1708.2263174523835,0.0,1544130.0,1544130.0,0.0,0.0,1542454.0,-1676.0,-0.1085400840602799,1362007.0,1362007.0,0.0,1606885.0,1606885.0,0.0,0.0,1030744.4512651959,1030482.22573597,-262.2255292258924,-0.02544040173139147,1010.0,1004.0,1051.0,1050.0,86686.0,57.0,1-2km,1-2km
3100,18,Sants,Sants-Montjuïc,427656.8469447415,4580618.488362906,1338.5333143021808,1281.0,51.0,True,1696.8436260496537,0.0,1573749.0,1573749.0,0.0,0.0,1572073.0,-1676.0,-0.10649728768691831,1401192.0,1401192.0,0.0,1606885.0,1606885.0,0.0,0.0,1063327.0511562806,1063057.4545339048,-269.5966223757714,-0.025354064121909367,1032.0,1026.0,1051.0,1050.0,100343.0,67.0,1-2km,1-2km
3101,18,Sants,Sants-Montjuïc,427839.3636443475,4580613.82859161,1175.8186627728892,4382.0,14.4,True,1422.5505990375962,0.0,1573749.0,1573749.0,0.0,0.0,1572073.0,-1676.0,-0.10649728768691831,1393966.0,1393966.0,0.0,1606885.0,1606885.0,0.0,0.0,1058876.3505979688,1058607.2976472024,-269.0529507664032,-0.025409288876313427,1032.0,1026.0,1051.0,1050.0,92937.0,62.0,1-2km,1-2km
3102,18,Sants,Sants-Montjuïc,427931.79597844806,4580565.637452308,1119.2903395223268,1340.0,17.7,True,1377.8266304518775,0.0,1475907.0,1475907.0,0.0,0.0,1474231.0,-1676.0,-0.11355729053388865,1138089.0,1138089.0,0.0,1606885.0,1606885.0,0.0,0.0,992172.9867933141,991916.5310031029,-256.45579021121375,-0.025847890803807755,966.0,960.0,1051.0,1050.0,90556.0,60.0,1-2km,1-2km
3103,18,Sants,Sants-Montjuïc,428080.0372067164,4580601.289052378,975.724271189525,1125.0,23.8,True,1233.7769739073217,0.0,1573826.0,1573826.0,0.0,0.0,1572150.0,-1676.0,-0.10649207726902465,1366219.0,1366219.0,0.0,1606885.0,1606885.0,0.0,0.0,1068479.7953099066,1068309.9296165262,-169.8656933803577,-0.01589788539998448,1032.0,1026.0,1051.0,1050.0,85888.0,58.0,1-2km,500m-1km
3104,18,Sants,Sants-Montjuïc,428030.91373749735,4580711.512201535,960.8067342476768,1401.0,3.5,True,1195.250824095714,0.0,1580847.0,1580847.0,0.0,0.0,1579171.0,-1676.0,-0.10601911506932676,1422480.0,1422480.0,0.0,1606885.0,1606885.0,0.0,0.0,1090775.1054107563,1090611.5781092728,-163.52730148355477,-0.014991843934866373,1036.0,1030.0,1051.0,1050.0,98992.0,68.0,1-2km,500m-1km
3105,18,Sants,Sants-Montjuïc,427871.3772499836,4580879.010305579,1048.5671796872075,1180.0,20.8,True,1279.2081337770321,0.0,1580847.0,1580847.0,0.0,0.0,1579171.0,-1676.0,-0.10601911506932676,1462763.0,1462763.0,0.0,1606885.0,1606885.0,0.0,0.0,1077533.1516166234,1077372.3398167933,-160.8117998300586,-0.014924069815280633,1036.0,1030.0,1051.0,1050.0,103981.0,73.0,1-2km,1-2km
3106,18,Sants,Sants-Montjuïc,428102.2658710089,4581086.02908138,783.5436809382983,1291.0,13.1,True,964.0693364692705,0.0,1591351.0,1591351.0,0.0,0.0,1589675.0,-1676.0,-0.10531931673150675,1560361.0,1560361.0,0.0,1606885.0,1606885.0,0.0,0.0,1132156.631033406,1131755.228519064,-401.4025143419858,-0.03545468032772065,1042.0,1036.0,1051.0,1050.0,77627.0,54.0,500m-1km,500m-1km
3107,18,Sants,Sants-Montjuïc,427992.6525726493,4581316.525105307,899.6761748189024,1595.0,19.3,True,1023.7918130485701,0.0,1587571.0,1587571.0,0.0,0.0,1585895.0,-1676.0,-0.10557008159005173,1507071.0,1507071.0,0.0,1606885.0,1606885.0,0.0,0.0,1107155.4889012726,1106783.5418204425,-371.9470808301121,-0.03359483690942342,1040.0,1034.0,1051.0,1050.0,114127.0,82.0,1-2km,500m-1km
3108,18,Sants,Sants-Montjuïc,427779.5834567552,4581028.869654291,1110.3998794625206,1597.0,21.9,True,1389.2842033693346,0.0,1584686.0,1584686.0,0.0,0.0,1583010.0,-1676.0,-0.10576227719560846,1491501.0,1491501.0,0.0,1606885.0,1606885.0,0.0,0.0,1091986.3423622611,1091615.4461596538,-370.89620260731317,-0.033965278522162155,1038.0,1032.0,1051.0,1050.0,119355.0,83.0,1-2km,1-2km
3109,18,Sants,Sants-Montjuïc,427737.0279390456,4581223.854180726,1147.6434564543345,1503.0,58.6,True,1340.6871335375051,0.0,1583023.0,1583023.0,0.0,0.0,1581347.0,-1676.0,-0.10587338276196871,1431964.0,1431964.0,0.0,1606885.0,1606885.0,0.0,0.0,1085653.6266327365,1085279.5084853903,-374.1181473461911,-0.034460175710604495,1037.0,1031.0,1051.0,1050.0,104774.0,73.0,1-2km,1-2km
3110,18,Sants,Sants-Montjuïc,427685.95344997913,4581399.608370498,1184.207281674475,1429.0,30.3,True,1405.9035922488547,0.0,1587571.0,1587571.0,0.0,0.0,1585895.0,-1676.0,-0.10557008159005173,1504085.0,1504085.0,0.0,1606885.0,1606885.0,0.0,0.0,1104103.5243455386,1103732.5150818103,-371.0092637282796,-0.03360276056977508,1040.0,1034.0,1051.0,1050.0,108854.0,77.0,1-2km,1-2km
3111,18,Sants,Sants-Montjuïc,427936.8936382209,4581457.851761162,928.083533744617,1272.0,30.5,True,1126.3162699371123,0.0,1591351.0,1591351.0,0.0,0.0,1589675.0,-1676.0,-0.10531931673150675,1550921.0,1550921.0,0.0,1606885.0,1606885.0,0.0,0.0,1120504.4843887181,1120124.6458196875,-379.83856903063133,-0.03389888878828085,1042.0,1036.0,1051.0,1050.0,113025.0,80.0,1-2km,500m-1km
3112,18,Sants,Sants-Montjuïc,427930.2354545802,4581548.278910092,929.512341880052,1839.0,45.9,True,1221.769956877659,0.0,1591351.0,1591351.0,0.0,0.0,1589675.0,-1676.0,-0.10531931673150675,1565058.0,1565058.0,0.0,1606885.0,1606885.0,0.0,0.0,1146330.4562434668,1145941.8217436047,-388.6344998620916,-0.03390248403027253,1042.0,1036.0,1051.0,1050.0,95571.0,70.0,1-2km,500m-1km
3113,18,Sants,Sants-Montjuïc,428176.28596252186,4581572.467039012,683.6093275540061,1562.0,69.4,True,909.4603912729168,0.0,1591351.0,1591351.0,0.0,0.0,1589675.0,-1676.0,-0.10531931673150675,1571203.0,1571203.0,0.0,1606885.0,1606885.0,0.0,0.0,1141248.7462937878,1140842.357072784,-406.38922100374475,-0.0356091712979748,1042.0,1036.0,1051.0,1050.0,101509.0,74.0,500m-1km,500m-1km
3114,18,Sants,Sants-Montjuïc,428245.0711682055,4581739.300411928,641.2236049886915,1470.0,47.4,True,759.709155457115,0.0,1591351.0,1591351.0,0.0,0.0,1589675.0,-1676.0,-0.10531931673150675,1570718.0,1570718.0,0.0,1606885.0,1606885.0,0.0,0.0,1142490.578246171,1142095.2254999068,-395.3527462640777,-0.03460446447365727,1042.0,1036.0,1051.0,1050.0,106405.0,76.0,500m-1km,500m-1km
3211,13,la Marina de Port,Sants-Montjuïc,428078.16235602775,4579092.516993577,2214.863499664134,1519.0,60.2,True,2559.4287709289792,0.0,1432666.0,1432666.0,0.0,0.0,1430990.0,-1676.0,-0.11698469845728174,1184843.0,1184843.0,0.0,1606885.0,1606885.0,0.0,0.0,972130.5203415407,971862.0903129746,-268.4300285660429,-0.0276125502645195,940.0,932.0,1051.0,1050.0,36613.0,21.0,2-3.5km,2-3.5km
3212,13,la Marina de Port,Sants-Montjuïc,427899.6784755358,4579412.319739169,2001.7624147710387,2383.0,86.1,True,2462.951295611428,0.0,1557251.0,1557251.0,0.0,0.0,1555575.0,-1676.0,-0.107625552977651,1469780.0,1469780.0,0.0,1606885.0,1606885.0,0.0,0.0,1045560.6099536377,1045272.5885462689,-288.02140736882575,-0.02754707901453912,1020.0,1014.0,1051.0,1050.0,51438.0,31.0,2-3.5km,2-3.5km
3213,13,la Marina de Port,Sants-Montjuïc,427958.0728964864,4579557.76269774,1846.5026004805893,2339.0,43.2,True,2116.979383282792,0.0,1523381.0,1523381.0,0.0,0.0,1521705.0,-1676.0,-0.11001843924796226,1283815.0,1283815.0,0.0,1606885.0,1606885.0,0.0,0.0,1016514.2814505051,1016229.841418196,-284.44003230915405,-0.027981902222099144,996.0,990.0,1051.0,1050.0,58641.0,36.0,2-3.5km,1-2km
4001,19,les Corts,Les Corts,428134.4324681704,4581840.549572278,778.8876667130829,1264.0,53.5,True,933.7893394319351,0.0,1591351.0,1591351.0,0.0,0.0,1589675.0,-1676.0,-0.10531931673150675,1546854.0,1546854.0,0.0,1606885.0,1606885.0,0.0,0.0,1119049.7912770454,1118674.061695453,-375.7295815923717,-0.033575769775498004,1042.0,1036.0,1051.0,1050.0,100325.0,73.0,500m-1km,500m-1km
4002,19,les Corts,Les Corts,427895.3651690639,4581799.684696226,994.5155333987988,1905.0,14.0,True,1245.1302769977824,0.0,1591351.0,1591351.0,0.0,0.0,1589675.0,-1676.0,-0.10531931673150675,1573138.0,1573138.0,0.0,1606885.0,1606885.0,0.0,0.0,1146643.342864298,1146254.8027202992,-388.54014399880543,-0.03388500412240112,1042.0,1036.0,1051.0,1050.0,94053.0,69.0,1-2km,500m-1km
4003,19,les Corts,Les Corts,428030.277641964,4581743.661415662,850.269279286134,1049.0,62.5,True,1008.8558810095,0.0,1594259.0,1594259.0,0.0,0.0,1592583.0,-1676.0,-0.10512720956883417,1584472.0,1584472.0,0.0,1606885.0,1606885.0,0.0,0.0,1157021.708872256,1156653.5621137212,-368.14675853494555,-0.03181848324123292,1044.0,1038.0,1051.0,1050.0,106237.0,77.0,1-2km,500m-1km
4004,19,les Corts,Les Corts,427924.9006864975,4581666.35272854,941.2328874179852,974.0,55.1,True,1151.8863100246238,0.0,1593280.0,1593280.0,0.0,0.0,1591604.0,-1676.0,-0.1051918055834505,1581430.0,1581430.0,0.0,1606885.0,1606885.0,0.0,0.0,1152309.1422146799,1151918.422237216,-390.7199774638284,-0.03390756552645971,1043.0,1037.0,1051.0,1050.0,99524.0,72.0,1-2km,500m-1km
4005,19,les Corts,Les Corts,427780.54245249263,4581585.891030034,1079.5661787044182,1205.0,36.3,True,1358.8079686021672,0.0,1591351.0,1591351.0,0.0,0.0,1589675.0,-1676.0,-0.10531931673150675,1524719.0,1524719.0,0.0,1606885.0,1606885.0,0.0,0.0,1121836.1320120844,1121458.3181083368,-377.8139037475921,-0.033678172147117325,1042.0,1036.0,1051.0,1050.0,102121.0,74.0,1-2km,1-2km
4006,19,les Corts,Les Corts,427616.203783089,4581509.13270762,1244.4118809958184,1125.0,50.9,True,1484.8660310972684,0.0,1591351.0,1591351.0,0.0,0.0,1589675.0,-1676.0,-0.10531931673150675,1567385.0,1567385.0,0.0,1606885.0,1606885.0,0.0,0.0,1141149.8398008833,1140766.8484715992,-382.991329284152,-0.03356187907374016,1042.0,1036.0,1051.0,1050.0,102100.0,72.0,1-2km,1-2km
4007,19,les Corts,Les Corts,427667.8012543418,4581626.773062699,1193.9744161688488,1028.0,34.9,True,1575.1856462392138,0.0,1591351.0,1591351.0,0.0,0.0,1589675.0,-1676.0,-0.10531931673150675,1546664.0,1546664.0,0.0,1606885.0,1606885.0,0.0,0.0,1126043.9862428303,1125665.644122152,-378.3421206783969,-0.03359923105142429,1042.0,1036.0,1051.0,1050.0,83312.0,61.0,1-2km,1-2km
4008,19,les Corts,Les Corts,427642.4497873731,4581693.070125476,1224.8890181187785,993.0,30.6,True,1547.469688396212,0.0,1589193.0,1589193.0,0.0,0.0,1587517.0,-1676.0,-0.10546233213964572,1514218.0,1514218.0,0.0,1606885.0,1606885.0,0.0,0.0,1109511.582667428,1109138.5669800304,-373.0156873976812,-0.03361981012409956,1041.0,1035.0,1051.0,1050.0,83950.0,61.0,1-2km,1-2km
4009,19,les Corts,Les Corts,427594.1320832006,4581754.499216738,1280.960735384548,1468.0,12.5,True,1578.2087987596772,0.0,1589729.0,1589729.0,0.0,0.0,1588053.0,-1676.0,-0.10542677399732911,1537995.0,1537995.0,0.0,1606885.0,1606885.0,0.0,0.0,1115191.306694724,1114816.8824346033,-374.42426012060605,-0.03357489050289935,1041.0,1035.0,1051.0,1050.0,82736.0,60.0,1-2km,1-2km
4010,19,les Corts,Les Corts,427531.8683544209,4581854.053736354,1360.7551713000294,889.0,6.2,True,1587.0440229229728,0.0,1587773.0,1587773.0,0.0,0.0,1586097.0,-1676.0,-0.10555665073029961,1527277.0,1527277.0,0.0,1606885.0,1606885.0,0.0,0.0,1104160.9820503863,1103792.714885529,-368.2671648573596,-0.03335266965995312,1040.0,1034.0,1051.0,1050.0,81477.0,59.0,1-2km,1-2km
4011,19,les Corts,Les Corts,427707.23337923625,4581929.317145947,1211.2536227322726,1701.0,76.7,True,1352.193365227016,0.0,1591351.0,1591351.0,0.0,0.0,1589675.0,-1676.0,-0.10531931673150675,1568801.0,1568801.0,0.0,1606885.0,1606885.0,0.0,0.0,1135013.6245402908,1134630.112091631,-383.5124486598652,-0.033789237447717634,1042.0,1036.0,1051.0,1050.0,87501.0,64.0,1-2km,1-2km
4012,19,les Corts,Les Corts,427835.839825428,4581986.803511193,1110.586316387557,1345.0,56.4,True,1245.177906946189,0.0,1594259.0,1594259.0,0.0,0.0,1592583.0,-1676.0,-0.10512720956883417,1540651.0,1540651.0,0.0,1606885.0,1606885.0,0.0,0.0,1130575.3516679893,1130198.3163217506,-377.03534623864107,-0.033348979851929694,1044.0,1038.0,1051.0,1050.0,89793.0,65.0,1-2km,1-2km
4013,19,les Corts,Les Corts,427889.32332560944,4582117.500047336,1120.839198729681,1209.0,64.7,True,1267.3938397212185,0.0,1594259.0,1594259.0,0.0,0.0,1592583.0,-1676.0,-0.10512720956883417,1554608.0,1554608.0,0.0,1606885.0,1606885.0,0.0,0.0,1137225.713337784,1136868.5719982663,-357.14133951766416,-0.031404613466700995,1044.0,1038.0,1051.0,1050.0,80662.0,58.0,1-2km,1-2km
4014,19,les Corts,Les Corts,428037.0941767261,4582151.045776864,1014.9309866265728,781.0,14.2,True,1196.594806825585,0.0,1594259.0,1594259.0,0.0,0.0,1592583.0,-1676.0,-0.10512720956883417,1570744.0,1570744.0,0.0,1606885.0,1606885.0,0.0,0.0,1146762.32092127,1146410.0013521828,-352.31956908712164,-0.030722980922854182,1044.0,1038.0,1051.0,1050.0,86026.0,63.0,1-2km,1-2km
4015,19,les Corts,Les Corts,428010.1288496719,4581978.590693032,948.6203176460996,1872.0,12.1,True,1119.871280875005,0.0,1593280.0,1593280.0,0.0,0.0,1591604.0,-1676.0,-0.1051918055834505,1525154.0,1525154.0,0.0,1606885.0,1606885.0,0.0,0.0,1115491.1435257331,1115140.2998985504,-350.8436271827668,-0.031451941973636405,1043.0,1037.0,1051.0,1050.0,95458.0,69.0,1-2km,500m-1km
4016,19,les Corts,Les Corts,428187.1662350216,4581970.810229276,789.8739980035022,1056.0,52.1,True,895.1637831805422,0.0,1594259.0,1594259.0,0.0,0.0,1592583.0,-1676.0,-0.10512720956883417,1570744.0,1570744.0,0.0,1606885.0,1606885.0,0.0,0.0,1147384.6499543365,1147022.8104076902,-361.83954664622433,-0.03153602818903188,1044.0,1038.0,1051.0,1050.0,91669.0,67.0,500m-1km,500m-1km
4017,19,les Corts,Les Corts,428209.31107853394,4582143.409099652,876.0054186708975,1190.0,19.7,True,969.7132692231236,0.0,1595966.0,1595966.0,0.0,0.0,1594290.0,-1676.0,-0.10501476848504292,1577980.0,1577980.0,0.0,1606885.0,1606885.0,0.0,0.0,1163309.5714555292,1162967.9433330274,-341.62812250177376,-0.029366914094442614,1045.0,1039.0,1051.0,1050.0,98919.0,71.0,500m-1km,500m-1km
4018,19,les Corts,Les Corts,428321.8279297593,4582323.177173653,936.4751694362536,1469.0,33.5,True,1011.7486384553139,0.0,1594259.0,1594259.0,0.0,0.0,1592583.0,-1676.0,-0.10512720956883417,1569007.0,1569007.0,0.0,1606885.0,1606885.0,0.0,0.0,1156670.4176662704,1156376.0066882272,-294.4109780432191,-0.025453316134533003,1044.0,1038.0,1051.0,1050.0,97813.0,70.0,1-2km,500m-1km
4019,19,les Corts,Les Corts,428290.252752276,4582569.25626133,1161.805115184547,1366.0,25.3,True,1329.6288780046427,0.0,1597665.0,1597665.0,0.0,0.0,1595989.0,-1676.0,-0.10490309295127577,1585008.0,1585008.0,0.0,1606885.0,1606885.0,0.0,0.0,1181312.911999939,1181008.9696622512,-303.9423376878258,-0.025729197962736015,1046.0,1040.0,1051.0,1050.0,87368.0,61.0,1-2km,1-2km
4020,19,les Corts,Les Corts,428184.0960447579,4582360.924640783,1050.438928277568,1476.0,61.1,True,1299.1764131828024,0.0,1594259.0,1594259.0,0.0,0.0,1592583.0,-1676.0,-0.10512720956883417,1575395.0,1575395.0,0.0,1606885.0,1606885.0,0.0,0.0,1154177.2927371198,1153814.749127652,-362.5436094678007,-0.03141143148016993,1044.0,1038.0,1051.0,1050.0,79441.0,56.0,1-2km,1-2km
4021,19,les Corts,Les Corts,428037.1206866204,4582448.857928898,1213.5939713911052,1311.0,6.7,True,1444.7496450888939,0.0,1594259.0,1594259.0,0.0,0.0,1592583.0,-1676.0,-0.10512720956883417,1572693.0,1572693.0,0.0,1606885.0,1606885.0,0.0,0.0,1158047.9889876754,1157736.7588112238,-311.230176451616,-0.0268754127127048,1044.0,1038.0,1051.0,1050.0,75995.0,54.0,1-2km,1-2km
4022,19,les Corts,Les Corts,427748.4000738736,4582304.741635951,1339.6842444073616,1652.0,51.7,True,1499.4703757880359,0.0,1594259.0,1594259.0,0.0,0.0,1592583.0,-1676.0,-0.10512720956883417,1578776.0,1578776.0,0.0,1606885.0,1606885.0,0.0,0.0,1157050.6278162461,1156687.492964561,-363.13485168502666,-0.031384525703113564,1044.0,1038.0,1051.0,1050.0,74664.0,53.0,1-2km,1-2km
4023,19,les Corts,Les Corts,427563.2582308256,4582506.866109235,1607.4291720203778,1064.0,23.4,True,1855.7284678142228,0.0,1595966.0,1595966.0,0.0,0.0,1594290.0,-1676.0,-0.10501476848504292,1574883.0,1574883.0,0.0,1606885.0,1606885.0,0.0,0.0,1142013.620398531,1141660.8411815218,-352.7792170091998,-0.030890981570437806,1045.0,1039.0,1051.0,1050.0,69726.0,49.0,1-2km,1-2km
4024,19,les Corts,Les Corts,427233.8893359314,4582478.130710324,1868.835680516266,1020.0,32.8,True,2173.2893596987205,0.0,1595966.0,1595966.0,0.0,0.0,1594290.0,-1676.0,-0.10501476848504292,1576827.0,1576827.0,0.0,1606885.0,1606885.0,0.0,0.0,1142974.979273208,1142620.7771935873,-354.202079620678,-0.030989486738013033,1045.0,1039.0,1051.0,1050.0,59038.0,41.0,2-3.5km,1-2km
4025,19,les Corts,Les Corts,427552.2548627823,4582127.602553562,1426.7112666414976,1149.0,22.8,True,1694.4945838826884,0.0,1149.0,1149.0,0.0,0.0,1149.0,0.0,0.0,1149.0,1149.0,0.0,1149.0,1149.0,0.0,0.0,1149.0,1149.0,0.0,0.0,1.0,1.0,1.0,1.0,81527.0,59.0,1-2km,1-2km
4026,19,les Corts,Les Corts,427502.9918696073,4581969.6044018455,1418.1936933254854,1215.0,30.2,True,1688.992799437984,0.0,1591351.0,1591351.0,0.0,0.0,1589675.0,-1676.0,-0.10531931673150675,1499343.0,1499343.0,0.0,1606885.0,1606885.0,0.0,0.0,1106341.76880615,1105973.4351511248,-368.3336550251115,-0.03329293581879126,1042.0,1036.0,1051.0,1050.0,85898.0,62.0,1-2km,1-2km
4027,19,les Corts,Les Corts,427396.87805146986,4582185.449035865,1592.2791482698594,1331.0,29.8,True,1921.1100511274585,0.0,1591351.0,1591351.0,0.0,0.0,1589675.0,-1676.0,-0.10531931673150675,1506271.0,1506271.0,0.0,1606885.0,1606885.0,0.0,0.0,1095723.1227332903,1095380.3444282843,-342.77830500598066,-0.031283295742716224,1042.0,1036.0,1051.0,1050.0,68852.0,50.0,1-2km,1-2km
4028,19,les Corts,Les Corts,427247.485834488,4582105.1039383495,1702.9812529354174,1298.0,33.3,True,2099.096776768004,0.0,1594259.0,1594259.0,0.0,0.0,1592583.0,-1676.0,-0.10512720956883417,1555800.0,1555800.0,0.0,1606885.0,1606885.0,0.0,0.0,1127466.027902134,1127114.9100865633,-351.117815570673,-0.03114220800284287,1044.0,1038.0,1051.0,1050.0,68600.0,49.0,2-3.5km,1-2km
4029,19,les Corts,Les Corts,427118.4339918185,4581980.84525566,1792.2175509422027,1120.0,12.8,True,2195.9920657515745,0.0,1594259.0,1594259.0,0.0,0.0,1592583.0,-1676.0,-0.10512720956883417,1555320.0,1555320.0,0.0,1606885.0,1606885.0,0.0,0.0,1120782.2771007793,1120430.8117281767,-351.46537260268815,-0.031358933825386036,1044.0,1038.0,1051.0,1050.0,65936.0,47.0,2-3.5km,1-2km
4030,19,les Corts,Les Corts,427228.8193107664,4581766.2292025145,1644.3109866416828,1777.0,35.1,True,2013.029696243798,0.0,1594259.0,1594259.0,0.0,0.0,1592583.0,-1676.0,-0.10512720956883417,1546953.0,1546953.0,0.0,1606885.0,1606885.0,0.0,0.0,1113007.9650506403,1112644.0871047757,-363.8779458645731,-0.032693202321154746,1044.0,1038.0,1051.0,1050.0,77703.0,56.0,2-3.5km,1-2km
4031,19,les Corts,Les Corts,427367.3399765693,4581706.566073271,1499.888518222068,1888.0,14.7,True,1771.8121453026674,0.0,1589931.0,1589931.0,0.0,0.0,1588255.0,-1676.0,-0.10541337957433373,1525256.0,1525256.0,0.0,1606885.0,1606885.0,0.0,0.0,1103349.0782594075,1102982.6256201386,-366.45263926894404,-0.03321275618837175,1041.0,1035.0,1051.0,1050.0,88483.0,64.0,1-2km,1-2km
4032,19,les Corts,Les Corts,427464.1338268265,4581527.585062607,1395.878099509029,1541.0,52.7,True,1710.8396075501946,0.0,1583023.0,1583023.0,0.0,0.0,1581347.0,-1676.0,-0.10587338276196871,1475168.0,1475168.0,0.0,1606885.0,1606885.0,0.0,0.0,1077589.738529603,1077231.5455709381,-358.19295866484754,-0.03324019762415429,1037.0,1031.0,1051.0,1050.0,95115.0,66.0,1-2km,1-2km
4033,19,les Corts,Les Corts,427383.8497153571,4581504.579695379,1476.77687332987,1117.0,40.2,True,1896.7495972983784,0.0,1591351.0,1591351.0,0.0,0.0,1589675.0,-1676.0,-0.10531931673150675,1538145.0,1538145.0,0.0,1606885.0,1606885.0,0.0,0.0,1105253.6744443043,1104890.45424362,-363.22020068438724,-0.032863062035691115,1042.0,1036.0,1051.0,1050.0,90542.0,65.0,1-2km,1-2km
4034,19,les Corts,Les Corts,427207.28483036696,4581505.795856668,1653.2061389062671,1476.0,23.9,True,2136.8969724493463,0.0,1594259.0,1594259.0,0.0,0.0,1592583.0,-1676.0,-0.10512720956883417,1545009.0,1545009.0,0.0,1606885.0,1606885.0,0.0,0.0,1117417.1729440917,1117051.9611641953,-365.21177989640273,-0.03268356606102344,1044.0,1038.0,1051.0,1050.0,87451.0,61.0,2-3.5km,1-2km
4035,19,les Corts,Les Corts,427295.5224875376,4581411.957268334,1570.860007464316,1336.0,54.8,True,2002.9912008652086,0.0,1589931.0,1589931.0,0.0,0.0,1588255.0,-1676.0,-0.10541337957433373,1451102.0,1451102.0,0.0,1606885.0,1606885.0,0.0,0.0,1078931.5177245622,1078578.9233113949,-352.59441316733137,-0.0326799622937092,1041.0,1035.0,1051.0,1050.0,77546.0,55.0,2-3.5km,1-2km
4036,20,la Maternitat i Sant Ramon,Les Corts,427021.814314812,4581427.077523639,1842.4534233618112,1706.0,57.6,True,2268.5889647137146,0.0,1594259.0,1594259.0,0.0,0.0,1592583.0,-1676.0,-0.10512720956883417,1560404.0,1560404.0,0.0,1606885.0,1606885.0,0.0,0.0,1116068.8703572277,1115704.2509019917,-364.61945523601025,-0.03266997807396098,1044.0,1038.0,1051.0,1050.0,77449.0,53.0,2-3.5km,1-2km
4037,20,la Maternitat i Sant Ramon,Les Corts,427053.3466933845,4581262.319745144,1830.1752234372773,2162.0,19.5,True,2203.2170977413984,0.0,1591351.0,1591351.0,0.0,0.0,1589675.0,-1676.0,-0.10531931673150675,1526825.0,1526825.0,0.0,1606885.0,1606885.0,0.0,0.0,1093243.9856247245,1092887.343534526,-356.6420901985839,-0.032622369287015465,1042.0,1036.0,1051.0,1050.0,83584.0,59.0,2-3.5km,1-2km
4038,20,la Maternitat i Sant Ramon,Les Corts,426904.723122195,4581132.015326642,1978.0933616818727,1214.0,75.4,True,2312.1969399733202,0.0,1591351.0,1591351.0,0.0,0.0,1589675.0,-1676.0,-0.10531931673150675,1542534.0,1542534.0,0.0,1606885.0,1606885.0,0.0,0.0,1108086.2240353152,1107721.7801844026,-364.4438509126194,-0.03288948486205568,1042.0,1036.0,1051.0,1050.0,79844.0,56.0,2-3.5km,1-2km
4039,20,la Maternitat i Sant Ramon,Les Corts,426785.7681897608,4581226.217850308,2098.0735189172065,1134.0,11.9,True,2577.7768664339646,0.0,1587773.0,1587773.0,0.0,0.0,1586097.0,-1676.0,-0.10555665073029961,1504673.0,1504673.0,0.0,1606885.0,1606885.0,0.0,0.0,1080087.385474228,1079732.9647787549,-354.42069547320716,-0.032814075994193156,1040.0,1034.0,1051.0,1050.0,67893.0,47.0,2-3.5km,2-3.5km
4040,20,la Maternitat i Sant Ramon,Les Corts,426780.137742827,4581025.96944902,2106.55546142626,1589.0,41.2,True,2576.3943625769675,0.0,1577151.0,1577151.0,0.0,0.0,1575475.0,-1676.0,-0.1062675672779588,1433765.0,1433765.0,0.0,1606885.0,1606885.0,0.0,0.0,1057089.7068492102,1056743.0964196243,-346.61042958591133,-0.03278912161759929,1033.0,1026.0,1051.0,1050.0,68147.0,46.0,2-3.5km,2-3.5km
4041,20,la Maternitat i Sant Ramon,Les Corts,426631.9102547992,4581044.372664531,2253.531076908398,1279.0,24.4,True,2763.3929757692595,0.0,1584924.0,1584924.0,0.0,0.0,1583248.0,-1676.0,-0.10574639541075787,1487923.0,1487923.0,0.0,1606885.0,1606885.0,0.0,0.0,1065485.14398182,1065135.770915499,-349.37306632101536,-0.03279004576407089,1038.0,1032.0,1051.0,1050.0,60482.0,40.0,2-3.5km,2-3.5km
4042,20,la Maternitat i Sant Ramon,Les Corts,426629.61860281794,4580904.569603767,2267.048504456888,1772.0,64.3,True,2521.62993714837,0.0,1587773.0,1587773.0,0.0,0.0,1586097.0,-1676.0,-0.10555665073029961,1525154.0,1525154.0,0.0,1606885.0,1606885.0,0.0,0.0,1086545.446434316,1086188.4064288882,-357.0400054277852,-0.03286010783989504,1040.0,1034.0,1051.0,1050.0,64301.0,43.0,2-3.5km,2-3.5km
4043,20,la Maternitat i Sant Ramon,Les Corts,426199.962209586,4581235.896113248,2679.0113187429324,1605.0,57.6,True,3154.2139031215156,0.0,1591351.0,1591351.0,0.0,0.0,1589675.0,-1676.0,-0.10531931673150675,1300476.0,1300476.0,0.0,1606885.0,1606885.0,0.0,0.0,1055067.1121215634,1054724.3517742765,-342.76034728693776,-0.03248706583202125,1042.0,1034.0,1051.0,1050.0,33431.0,21.0,2-3.5km,2-3.5km
4044,20,la Maternitat i Sant Ramon,Les Corts,426232.60669127625,4581008.156728249,2654.189654767669,1598.0,20.1,True,3196.152735172405,0.0,1558889.0,1558889.0,0.0,0.0,1557213.0,-1676.0,-0.10751246560851992,1258941.0,1258941.0,0.0,1606885.0,1606885.0,0.0,0.0,1023242.7957781365,1022910.444635258,-332.35114287841134,-0.03248018400419533,1023.0,1015.0,1051.0,1050.0,31404.0,20.0,2-3.5km,2-3.5km
4045,20,la Maternitat i Sant Ramon,Les Corts,426018.9698114119,4580987.742347062,2868.644818234949,1386.0,12.0,True,3280.0331514729514,0.0,1551167.0,1551167.0,0.0,0.0,1549491.0,-1676.0,-0.10804768280913661,1183780.0,1183780.0,0.0,1606885.0,1606885.0,0.0,0.0,1014436.6181824434,1014107.9100418919,-328.70814055157825,-0.03240302397014429,1019.0,1011.0,1051.0,1050.0,20952.0,13.0,2-3.5km,2-3.5km
4046,20,la Maternitat i Sant Ramon,Les Corts,425895.3759443227,4581093.601214911,2987.9476521352767,2392.0,102.6,True,3431.624296985371,0.0,1500650.0,1500650.0,0.0,0.0,1498974.0,-1676.0,-0.11168493652750475,1081147.0,1081147.0,0.0,1606885.0,1606885.0,0.0,0.0,970023.9704320795,969710.9171481392,-313.0532839403022,-0.032272736909878454,988.0,978.0,1051.0,1050.0,13410.0,8.0,2-3.5km,2-3.5km
4047,20,la Maternitat i Sant Ramon,Les Corts,425541.1426266915,4581352.802372322,3324.8188425530207,1863.0,128.3,True,4013.0148777209556,0.0,1581702.0,1581702.0,0.0,0.0,1580026.0,-1676.0,-0.10596180570044168,1369303.0,1369303.0,0.0,1606885.0,1606885.0,0.0,0.0,1013342.642093897,1013035.1446885493,-307.49740534764715,-0.03034485992933812,1038.0,1030.0,1051.0,1050.0,8256.0,5.0,>3.5km,2-3.5km
4048,20,la Maternitat i Sant Ramon,Les Corts,426977.624610135,4581615.938011213,1883.021826046464,1469.0,36.3,True,2361.8818903350493,0.0,1594259.0,1594259.0,0.0,0.0,1592583.0,-1676.0,-0.10512720956883417,1540247.0,1540247.0,0.0,1606885.0,1606885.0,0.0,0.0,1104206.3386946388,1103845.6193354703,-360.71935916855,-0.032667749362404686,1044.0,1038.0,1051.0,1050.0,62648.0,44.0,2-3.5km,1-2km
4049,20,la Maternitat i Sant Ramon,Les Corts,426491.2995150654,4581689.143762341,2372.1180732876933,1146.0,76.5,True,3071.199130659508,0.0,1594259.0,1594259.0,0.0,0.0,1592583.0,-1676.0,-0.10512720956883417,1494695.0,1494695.0,0.0,1606885.0,1606885.0,0.0,0.0,1090317.9974733393,1089982.4228339538,-335.5746393855661,-0.03077768505731482,1044.0,1037.0,1051.0,1050.0,24604.0,16.0,2-3.5km,2-3.5km
4050,21,Pedralbes,Les Corts,426998.2627764213,4582433.51564169,2057.6687472672406,2024.0,8.4,True,2589.2092813973823,0.0,1595966.0,1595966.0,0.0,0.0,1594290.0,-1676.0,-0.10501476848504292,1569041.0,1569041.0,0.0,1606885.0,1606885.0,0.0,0.0,1126998.661807597,1126652.6081268599,-346.0536807370372,-0.03070577565566942,1045.0,1039.0,1051.0,1050.0,50233.0,34.0,2-3.5km,2-3.5km
4051,21,Pedralbes,Les Corts,426845.00838784553,4582481.28930427,2216.778897086845,1622.0,80.6,True,2622.5156042276394,0.0,1595966.0,1595966.0,0.0,0.0,1594290.0,-1676.0,-0.10501476848504292,1575335.0,1575335.0,0.0,1606885.0,1606885.0,0.0,0.0,1121021.9640275077,1120677.4744464392,-344.48958106851205,-0.030729958209816034,1045.0,1039.0,1051.0,1050.0,48104.0,32.0,2-3.5km,2-3.5km
4052,21,Pedralbes,Les Corts,426658.3934797569,4582313.617626812,2327.853128375258,2172.0,13.8,True,2826.53269915145,0.0,1594259.0,1594259.0,0.0,0.0,1592583.0,-1676.0,-0.10512720956883417,1519241.0,1519241.0,0.0,1606885.0,1606885.0,0.0,0.0,1105788.090840412,1105446.6946632382,-341.396177173825,-0.030873562484685455,1044.0,1038.0,1051.0,1050.0,37888.0,25.0,2-3.5km,2-3.5km
4053,21,Pedralbes,Les Corts,425903.9549044689,4582175.527314367,3019.865135445345,1695.0,20.1,True,3645.1538180122325,0.0,1595966.0,1595966.0,0.0,0.0,1594290.0,-1676.0,-0.10501476848504292,1477644.0,1477644.0,0.0,1606885.0,1606885.0,0.0,0.0,1070185.2542828836,1069861.9382623974,-323.3160204861779,-0.03021121989788838,1045.0,1037.0,1051.0,1050.0,10632.0,7.0,>3.5km,2-3.5km
4054,21,Pedralbes,Les Corts,425257.7617578574,4581811.280904584,3610.942768933613,1010.0,141.0,True,4130.894799272117,0.0,1499862.0,1499862.0,0.0,0.0,1498186.0,-1676.0,-0.11174361374579794,1235174.0,1235174.0,0.0,1606885.0,1606885.0,0.0,0.0,953282.2486929273,952993.0748550305,-289.1738378967857,-0.030334545544436632,988.0,976.0,1051.0,1050.0,4568.0,3.0,>3.5km,>3.5km
4055,21,Pedralbes,Les Corts,426135.90720723127,4582659.696635726,2938.7015811607216,1477.0,8.9,True,3449.341232602749,0.0,1597665.0,1597665.0,0.0,0.0,1595989.0,-1676.0,-0.10490309295127577,1494327.0,1494327.0,0.0,1606885.0,1606885.0,0.0,0.0,1064711.0576602085,1064394.5474937237,-316.51016648486257,-0.029727329702052694,1046.0,1038.0,1051.0,1050.0,26143.0,16.0,2-3.5km,2-3.5km
4056,21,Pedralbes,Les Corts,425238.6797639237,4582828.737747649,3838.000111096345,1730.0,53.9,True,4485.258822178025,0.0,1546329.0,1546329.0,0.0,0.0,1544653.0,-1676.0,-0.10838573162632273,1207955.0,1207955.0,0.0,1606885.0,1606885.0,0.0,0.0,980978.2903222766,980691.1009730573,-287.1893492193194,-0.029275810897402256,1019.0,1007.0,1051.0,1050.0,3207.0,2.0,>3.5km,>3.5km
4084,20,la Maternitat i Sant Ramon,Les Corts,427017.8330013584,4581702.036769876,1847.6121140064377,1369.0,35.0,True,2297.1030999157133,0.0,1594259.0,1594259.0,0.0,0.0,1592583.0,-1676.0,-0.10512720956883417,1549264.0,1549264.0,0.0,1606885.0,1606885.0,0.0,0.0,1113976.4823605053,1113612.4861804594,-363.9961800458841,-0.0326753917887548,1044.0,1038.0,1051.0,1050.0,71123.0,50.0,2-3.5km,1-2km
5001,22,"Vallvidrera, el Tibidabo i les Planes",Sarrià-Sant Gervasi,423189.36502103775,4585837.518850156,7104.874302472224,1818.0,77.3,True,12882.841422188458,0.0,4805.0,4805.0,0.0,0.0,4805.0,0.0,0.0,4805.0,4805.0,0.0,1606885.0,1606885.0,0.0,0.0,541697.8293527423,541557.0551546563,-140.77419808600098,-0.025987587628735313,3.0,3.0,1051.0,1043.0,1818.0,1.0,>3.5km,>3.5km
5002,22,"Vallvidrera, el Tibidabo i les Planes",Sarrià-Sant Gervasi,425889.7438415861,4585714.929043835,5110.044196977923,1618.0,193.3,True,8483.625057017984,0.0,848305.0,841502.0,-6803.0,-0.8019521280671457,839826.0,-8479.0,-0.9995225773748828,363170.0,363170.0,0.0,1606885.0,1606885.0,0.0,0.0,768627.5133424638,768427.5073929388,-200.00594952492975,-0.026021180097389598,574.0,559.0,1051.0,1049.0,1618.0,1.0,>3.5km,>3.5km
5003,22,"Vallvidrera, el Tibidabo i les Planes",Sarrià-Sant Gervasi,424947.3592284764,4584670.937948948,5000.570553453482,1369.0,14.2,True,7869.820362972461,0.0,1130894.0,1130894.0,0.0,0.0,1129218.0,-1676.0,-0.1482013345194156,605859.0,605859.0,0.0,1606885.0,1606885.0,0.0,0.0,816798.094548269,816585.4275437898,-212.66700447909534,-0.026036667555733105,756.0,743.0,1051.0,1049.0,1369.0,1.0,>3.5km,>3.5km
5004,23,Sarrià,Sarrià-Sant Gervasi,426119.0695808043,4584599.488138971,4095.16670817411,1101.0,32.3,True,4707.4231233012015,0.0,1584413.0,1584413.0,0.0,0.0,1582737.0,-1676.0,-0.1057805004124556,1285165.0,1285165.0,0.0,1606885.0,1606885.0,0.0,0.0,996992.6512631316,996737.1833011254,-255.4679620062234,-0.025623856071813604,1039.0,1027.0,1051.0,1050.0,1101.0,1.0,>3.5km,>3.5km
5005,23,Sarrià,Sarrià-Sant Gervasi,425614.7005445084,4583967.451995621,4042.571478178437,1223.0,26.7,True,4409.269661105087,0.0,1594642.0,1594642.0,0.0,0.0,1592966.0,-1676.0,-0.10510196018918352,1419548.0,1419548.0,0.0,1606885.0,1606885.0,0.0,0.0,1027069.1109594121,1026806.9644833875,-262.14647602452897,-0.025523742582390693,1045.0,1034.0,1051.0,1050.0,3110.0,2.0,>3.5km,>3.5km
5006,23,Sarrià,Sarrià-Sant Gervasi,426252.3157262359,4583107.898462027,3033.9892472257147,1827.0,18.5,True,3585.30911915546,0.0,1599455.0,1599455.0,0.0,0.0,1597779.0,-1676.0,-0.10478569262655092,1448399.0,1448399.0,0.0,1606885.0,1606885.0,0.0,0.0,1061536.7934228287,1061227.7504514928,-309.0429713358171,-0.029112789424786324,1047.0,1039.0,1051.0,1050.0,27370.0,17.0,>3.5km,2-3.5km
5007,23,Sarrià,Sarrià-Sant Gervasi,426241.8480398426,4583734.146997332,3405.142202080938,1887.0,73.0,True,4097.231695009428,0.0,1604922.0,1604922.0,0.0,0.0,1603246.0,-1676.0,-0.10442875105456838,1513970.0,1513970.0,0.0,1606885.0,1606885.0,0.0,0.0,1069419.5622546934,1069140.639840398,-278.92241429537535,-0.026081663749194357,1050.0,1042.0,1051.0,1050.0,18993.0,12.0,>3.5km,2-3.5km
5008,23,Sarrià,Sarrià-Sant Gervasi,426588.3825290141,4583883.030783889,3251.3527539550064,1675.0,34.3,True,3545.037792344596,0.0,1603104.0,1603104.0,0.0,0.0,1601428.0,-1676.0,-0.10454717847376091,1557812.0,1557812.0,0.0,1606885.0,1606885.0,0.0,0.0,1104320.0047854497,1104029.949900106,-290.0548853436485,-0.026265474145784503,1049.0,1041.0,1051.0,1050.0,18771.0,12.0,>3.5km,2-3.5km
5009,23,Sarrià,Sarrià-Sant Gervasi,426406.0531327932,4583478.496961551,3116.759834425229,1669.0,22.5,True,3452.6589764024957,0.0,1599455.0,1599455.0,0.0,0.0,1597779.0,-1676.0,-0.10478569262655092,1439112.0,1439112.0,0.0,1606885.0,1606885.0,0.0,0.0,1065970.8815919457,1065689.7558933226,-281.1256986230146,-0.026372737142986023,1047.0,1039.0,1051.0,1050.0,29815.0,19.0,2-3.5km,2-3.5km
5010,23,Sarrià,Sarrià-Sant Gervasi,426528.0195186728,4583325.542768844,2926.77387470991,1505.0,0.2,True,3137.873772327289,0.0,1601114.0,1601114.0,0.0,0.0,1599438.0,-1676.0,-0.10467711855620525,1505956.0,1505956.0,0.0,1606885.0,1606885.0,0.0,0.0,1082797.9288708712,1082511.7357027216,-286.19316814956255,-0.026430893569218534,1048.0,1040.0,1051.0,1050.0,41244.0,26.0,2-3.5km,2-3.5km
5011,23,Sarrià,Sarrià-Sant Gervasi,426756.3353760906,4583337.361236285,2755.968392346232,1394.0,27.0,True,3077.8731260223235,0.0,1601114.0,1601114.0,0.0,0.0,1599438.0,-1676.0,-0.10467711855620525,1525424.0,1525424.0,0.0,1606885.0,1606885.0,0.0,0.0,1089711.5290978318,1089422.384587285,-289.14451054669917,-0.02653404160879906,1048.0,1040.0,1051.0,1050.0,43534.0,28.0,2-3.5km,2-3.5km
5012,23,Sarrià,Sarrià-Sant Gervasi,426872.92218377854,4583215.538620656,2588.332486602073,1337.0,52.9,True,2957.168034559148,0.0,1601114.0,1601114.0,0.0,0.0,1599438.0,-1676.0,-0.10467711855620525,1537869.0,1537869.0,0.0,1606885.0,1606885.0,0.0,0.0,1093812.4404419584,1093522.233119356,-290.2073226023931,-0.02653172626973724,1048.0,1040.0,1051.0,1050.0,45730.0,30.0,2-3.5km,2-3.5km
5013,23,Sarrià,Sarrià-Sant Gervasi,426598.7883348272,4583166.043887341,2775.2724040208163,1642.0,40.5,True,2981.0453621702286,0.0,1599455.0,1599455.0,0.0,0.0,1597779.0,-1676.0,-0.10478569262655092,1477458.0,1477458.0,0.0,1606885.0,1606885.0,0.0,0.0,1067913.4616231231,1067608.029312885,-305.43231023824774,-0.02860084840339223,1047.0,1039.0,1051.0,1050.0,44490.0,28.0,2-3.5km,2-3.5km
5014,23,Sarrià,Sarrià-Sant Gervasi,426611.1266656168,4582904.095440318,2621.435130382159,1568.0,57.0,True,3085.1564501139205,0.0,1597665.0,1597665.0,0.0,0.0,1595989.0,-1676.0,-0.10490309295127577,1485855.0,1485855.0,0.0,1606885.0,1606885.0,0.0,0.0,1093451.983880736,1093133.6913776798,-318.2925030561164,-0.02910896022397568,1046.0,1038.0,1051.0,1050.0,29169.0,18.0,2-3.5km,2-3.5km
5015,23,Sarrià,Sarrià-Sant Gervasi,426773.6330446117,4583011.951126127,2543.583838481921,1523.0,15.5,True,2808.8324232018545,0.0,1597665.0,1597665.0,0.0,0.0,1595989.0,-1676.0,-0.10490309295127577,1538248.0,1538248.0,0.0,1606885.0,1606885.0,0.0,0.0,1119700.50605896,1119373.2957261815,-327.2103327785153,-0.029223022675072846,1046.0,1038.0,1051.0,1050.0,44737.0,29.0,2-3.5km,2-3.5km
5016,23,Sarrià,Sarrià-Sant Gervasi,426871.7353615488,4582893.393473649,2395.6440413838977,1864.0,51.1,True,2784.3764232831586,0.0,1597665.0,1597665.0,0.0,0.0,1595989.0,-1676.0,-0.10490309295127577,1535613.0,1535613.0,0.0,1606885.0,1606885.0,0.0,0.0,1097351.3314131105,1097021.6036822118,-329.7277308986522,-0.030047599292930775,1046.0,1038.0,1051.0,1050.0,45268.0,30.0,2-3.5km,2-3.5km
5017,23,Sarrià,Sarrià-Sant Gervasi,426690.4287098786,4582638.601860815,2424.1598433681143,1510.0,28.4,True,2842.55909075369,0.0,1595966.0,1595966.0,0.0,0.0,1594290.0,-1676.0,-0.10501476848504292,1555600.0,1555600.0,0.0,1606885.0,1606885.0,0.0,0.0,1092644.29271653,1092314.6430759171,-329.6496406127699,-0.030169895437168817,1045.0,1037.0,1051.0,1050.0,37290.0,24.0,2-3.5km,2-3.5km
5018,23,Sarrià,Sarrià-Sant Gervasi,426922.6284856831,4582720.481758246,2259.8561303870474,1253.0,52.5,True,2652.9323785326724,0.0,1597665.0,1597665.0,0.0,0.0,1595989.0,-1676.0,-0.10490309295127577,1577103.0,1577103.0,0.0,1606885.0,1606885.0,0.0,0.0,1116391.01917329,1116054.1471932507,-336.87198003940284,-0.030175088678952584,1046.0,1040.0,1051.0,1050.0,47456.0,32.0,2-3.5km,2-3.5km
5019,23,Sarrià,Sarrià-Sant Gervasi,427075.0118353067,4582770.934453053,2158.6573310637814,1654.0,84.8,True,2396.508400530209,0.0,1597665.0,1597665.0,0.0,0.0,1595989.0,-1676.0,-0.10490309295127577,1580243.0,1580243.0,0.0,1606885.0,1606885.0,0.0,0.0,1143451.3475498462,1143105.7256595884,-345.6218902578112,-0.03022619991645465,1046.0,1040.0,1051.0,1050.0,51038.0,35.0,2-3.5km,2-3.5km
5020,24,les Tres Torres,Sarrià-Sant Gervasi,427391.0493793218,4582754.260224107,1895.0986146170487,1074.0,16.2,True,2110.2665457710805,0.0,1597665.0,1597665.0,0.0,0.0,1595989.0,-1676.0,-0.10490309295127577,1590292.0,1590292.0,0.0,1606885.0,1606885.0,0.0,0.0,1144982.2737621013,1144652.76625433,-329.5075077712536,-0.028778393807668414,1046.0,1040.0,1051.0,1050.0,62421.0,44.0,2-3.5km,1-2km
5021,24,les Tres Torres,Sarrià-Sant Gervasi,427599.6604360984,4582794.191453144,1766.1832753810538,1221.0,26.5,True,1944.8307605809907,0.0,1597665.0,1597665.0,0.0,0.0,1595989.0,-1676.0,-0.10490309295127577,1580393.0,1580393.0,0.0,1606885.0,1606885.0,0.0,0.0,1154656.5466996946,1154343.0478154486,-313.4988842459861,-0.027150834171602505,1046.0,1040.0,1051.0,1050.0,61481.0,43.0,1-2km,1-2km
5022,24,les Tres Torres,Sarrià-Sant Gervasi,427354.2620115104,4582940.583897645,2044.953908882043,1683.0,15.7,True,2350.503094181221,0.0,1597665.0,1597665.0,0.0,0.0,1595989.0,-1676.0,-0.10490309295127577,1578449.0,1578449.0,0.0,1606885.0,1606885.0,0.0,0.0,1125083.1851383166,1124749.3743619882,-333.81077632843517,-0.02966987514682275,1046.0,1039.0,1051.0,1050.0,61311.0,42.0,2-3.5km,2-3.5km
5023,24,les Tres Torres,Sarrià-Sant Gervasi,427077.854747934,4583059.7986031845,2331.237918209836,1445.0,38.5,True,2694.7070737572367,0.0,1599455.0,1599455.0,0.0,0.0,1597779.0,-1676.0,-0.10478569262655092,1583231.0,1583231.0,0.0,1606885.0,1606885.0,0.0,0.0,1131775.6855604232,1131444.800849084,-330.88471133913845,-0.02923589148986654,1047.0,1040.0,1051.0,1050.0,48448.0,33.0,2-3.5km,2-3.5km
5024,24,les Tres Torres,Sarrià-Sant Gervasi,427315.99739321193,4583168.828276225,2232.126390394915,1914.0,30.7,True,2494.878992930804,0.0,1599455.0,1599455.0,0.0,0.0,1597779.0,-1676.0,-0.10478569262655092,1583231.0,1583231.0,0.0,1606885.0,1606885.0,0.0,0.0,1146238.3309293638,1145927.0209322812,-311.3099970826879,-0.027159272961171998,1047.0,1040.0,1051.0,1050.0,60931.0,42.0,2-3.5km,2-3.5km
5025,24,les Tres Torres,Sarrià-Sant Gervasi,427411.85950657504,4583392.654602054,2338.2546872285807,1280.0,35.2,True,2559.460412320716,0.0,1599455.0,1599455.0,0.0,0.0,1597779.0,-1676.0,-0.10478569262655092,1590681.0,1590681.0,0.0,1606885.0,1606885.0,0.0,0.0,1144903.8733909444,1144632.5337783028,-271.3396126416046,-0.02369977243923182,1047.0,1040.0,1051.0,1050.0,63122.0,43.0,2-3.5km,2-3.5km
5026,24,les Tres Torres,Sarrià-Sant Gervasi,427398.22213693184,4583667.91852525,2567.8181280499584,1429.0,79.7,True,2770.1776847289243,0.0,1599455.0,1599455.0,0.0,0.0,1597779.0,-1676.0,-0.10478569262655092,1585412.0,1585412.0,0.0,1606885.0,1606885.0,0.0,0.0,1135969.351493089,1135701.2562551198,-268.095237969188,-0.02360056964713093,1047.0,1040.0,1051.0,1050.0,57651.0,39.0,2-3.5km,2-3.5km
5027,24,les Tres Torres,Sarrià-Sant Gervasi,427199.0855899435,4583478.265859906,2539.792095399786,1368.0,35.5,True,2774.40764919596,0.0,1601114.0,1601114.0,0.0,0.0,1599438.0,-1676.0,-0.10467711855620525,1585175.0,1585175.0,0.0,1606885.0,1606885.0,0.0,0.0,1128566.132774415,1128274.459545205,-291.6732292098459,-0.025844584622862096,1048.0,1041.0,1051.0,1050.0,54400.0,37.0,2-3.5km,2-3.5km
5028,24,les Tres Torres,Sarrià-Sant Gervasi,426888.912031354,4583489.76640138,2760.6608986982706,1675.0,53.4,True,3093.7427119578974,0.0,1603104.0,1603104.0,0.0,0.0,1601428.0,-1676.0,-0.10454717847376091,1587853.0,1587853.0,0.0,1606885.0,1606885.0,0.0,0.0,1127428.0757407218,1127132.5887543391,-295.4869863826316,-0.02620894341206611,1049.0,1041.0,1051.0,1050.0,44918.0,30.0,2-3.5km,2-3.5km
5029,24,les Tres Torres,Sarrià-Sant Gervasi,427037.0025013844,4583660.301154685,2783.504744870598,1636.0,21.2,True,3234.6616138865993,0.0,1601114.0,1601114.0,0.0,0.0,1599438.0,-1676.0,-0.10467711855620525,1583938.0,1583938.0,0.0,1606885.0,1606885.0,0.0,0.0,1114784.0848535756,1114522.3500971338,-261.7347564417869,-0.023478515705233197,1048.0,1040.0,1051.0,1050.0,44830.0,30.0,2-3.5km,2-3.5km
5030,24,les Tres Torres,Sarrià-Sant Gervasi,427211.247272811,4583864.691054481,2836.3353468994565,1383.0,26.1,True,3081.715596171058,0.0,1601114.0,1601114.0,0.0,0.0,1599438.0,-1676.0,-0.10467711855620525,1579819.0,1579819.0,0.0,1606885.0,1606885.0,0.0,0.0,1119399.8295491803,1119151.3874692072,-248.44207997317426,-0.022194221708362254,1048.0,1040.0,1051.0,1050.0,44505.0,30.0,2-3.5km,2-3.5km
5031,25,Sant Gervasi - la Bonanova,Sarrià-Sant Gervasi,427140.6829576368,4584138.119745821,3098.880079691527,1600.0,8.9,True,3417.743185828008,0.0,1601114.0,1601114.0,0.0,0.0,1599438.0,-1676.0,-0.10467711855620525,1575096.0,1575096.0,0.0,1606885.0,1606885.0,0.0,0.0,1119550.5562103523,1119326.2973231352,-224.25888721714728,-0.020031153213505373,1048.0,1040.0,1051.0,1050.0,36716.0,25.0,2-3.5km,2-3.5km
5032,25,Sant Gervasi - la Bonanova,Sarrià-Sant Gervasi,426945.1253924318,4584736.181184576,3686.1936303347006,1821.0,18.6,True,4163.035525058497,0.0,1605067.0,1605067.0,0.0,0.0,1603391.0,-1676.0,-0.10441931707523736,1587765.0,1587765.0,0.0,1606885.0,1606885.0,0.0,0.0,1102464.996048024,1102216.1257161298,-248.8703318941407,-0.022573989449665918,1050.0,1042.0,1051.0,1050.0,9720.0,6.0,>3.5km,>3.5km
5033,25,Sant Gervasi - la Bonanova,Sarrià-Sant Gervasi,427501.3941658991,4585114.768095409,3448.591004620619,1449.0,6.5,True,3871.3602633800397,0.0,1605067.0,1605067.0,0.0,0.0,1603391.0,-1676.0,-0.10441931707523736,1597285.0,1597285.0,0.0,1606885.0,1606885.0,0.0,0.0,1136469.4755990447,1136234.8913536402,-234.5842454044614,-0.02064149107751527,1050.0,1042.0,1051.0,1050.0,24618.0,16.0,>3.5km,2-3.5km
5034,25,Sant Gervasi - la Bonanova,Sarrià-Sant Gervasi,427861.6609435261,4584886.39053703,3022.073398642485,1243.0,18.2,True,3493.3227092835746,0.0,1605067.0,1605067.0,0.0,0.0,1603391.0,-1676.0,-0.10441931707523736,1595195.0,1595195.0,0.0,1606885.0,1606885.0,0.0,0.0,1142189.4815508649,1141950.6637442517,-238.81780661316589,-0.02090877306004421,1050.0,1042.0,1051.0,1050.0,33325.0,22.0,2-3.5km,2-3.5km
5035,25,Sant Gervasi - la Bonanova,Sarrià-Sant Gervasi,427877.12490023824,4584489.0290052565,2810.4633390063777,1037.0,34.3,True,3175.8721505955505,0.0,1605067.0,1605067.0,0.0,0.0,1603391.0,-1676.0,-0.10441931707523736,1599455.0,1599455.0,0.0,1606885.0,1606885.0,0.0,0.0,1174117.05171781,1173867.7740560835,-249.2776617265772,-0.02123107413880649,1050.0,1043.0,1051.0,1050.0,56177.0,37.0,2-3.5km,2-3.5km
5036,25,Sant Gervasi - la Bonanova,Sarrià-Sant Gervasi,427758.0070942982,4584468.842804968,2908.871123564865,1736.0,19.6,True,3294.4779143706724,0.0,1605067.0,1605067.0,0.0,0.0,1603391.0,-1676.0,-0.10441931707523736,1595195.0,1595195.0,0.0,1606885.0,1606885.0,0.0,0.0,1144365.290522272,1144124.9773758247,-240.31314644729719,-0.020999688511840628,1050.0,1042.0,1051.0,1050.0,52278.0,34.0,2-3.5km,2-3.5km
5037,25,Sant Gervasi - la Bonanova,Sarrià-Sant Gervasi,427931.12650934886,4584256.389744987,2664.531405056765,1407.0,33.4,True,3074.149118113877,0.0,1605067.0,1605067.0,0.0,0.0,1603391.0,-1676.0,-0.10441931707523736,1597665.0,1597665.0,0.0,1606885.0,1606885.0,0.0,0.0,1175974.8389050167,1175724.3215906362,-250.51731438050047,-0.021302948506429286,1050.0,1043.0,1051.0,1050.0,69895.0,46.0,2-3.5km,2-3.5km
5038,25,Sant Gervasi - la Bonanova,Sarrià-Sant Gervasi,427976.2956875204,4584108.584005261,2568.812373552488,1335.0,21.7,True,2930.7077206103454,0.0,1601114.0,1601114.0,0.0,0.0,1599438.0,-1676.0,-0.10467711855620525,1580307.0,1580307.0,0.0,1606885.0,1606885.0,0.0,0.0,1144540.966974473,1144296.3616510504,-244.60532342270017,-0.021371478215349512,1048.0,1041.0,1051.0,1050.0,73712.0,49.0,2-3.5km,2-3.5km
5039,25,Sant Gervasi - la Bonanova,Sarrià-Sant Gervasi,427720.02237156,4584291.954774031,2873.505568466748,1537.0,35.6,True,3229.623648854168,0.0,1603104.0,1603104.0,0.0,0.0,1601428.0,-1676.0,-0.10454717847376091,1589530.0,1589530.0,0.0,1606885.0,1606885.0,0.0,0.0,1143591.871153999,1143350.4081714791,-241.4629825197626,-0.02111443676808425,1049.0,1041.0,1051.0,1050.0,56010.0,37.0,2-3.5km,2-3.5km
5040,25,Sant Gervasi - la Bonanova,Sarrià-Sant Gervasi,427759.23459790193,4584127.711456463,2723.1147592278007,1449.0,20.9,True,3006.996821422098,0.0,1603104.0,1603104.0,0.0,0.0,1601428.0,-1676.0,-0.10454717847376091,1594353.0,1594353.0,0.0,1606885.0,1606885.0,0.0,0.0,1154529.900345498,1154284.7842951254,-245.1160503725987,-0.021230810072501948,1049.0,1042.0,1051.0,1050.0,61012.0,41.0,2-3.5km,2-3.5km
5041,25,Sant Gervasi - la Bonanova,Sarrià-Sant Gervasi,427954.1135753313,4583965.106047688,2484.084918532593,1958.0,47.5,True,2862.427781093071,0.0,1601114.0,1601114.0,0.0,0.0,1599438.0,-1676.0,-0.10467711855620525,1588679.0,1588679.0,0.0,1606885.0,1606885.0,0.0,0.0,1159095.34592813,1158847.5908399853,-247.75508814468049,-0.021374866961120783,1048.0,1041.0,1051.0,1050.0,80731.0,54.0,2-3.5km,2-3.5km
5042,25,Sant Gervasi - la Bonanova,Sarrià-Sant Gervasi,427818.327150952,4583831.189983398,2441.507954017221,1262.0,26.8,True,2796.9676103321913,0.0,1603104.0,1603104.0,0.0,0.0,1601428.0,-1676.0,-0.10454717847376091,1594987.0,1594987.0,0.0,1606885.0,1606885.0,0.0,0.0,1178875.8270328944,1178623.8544799665,-251.97255292790942,-0.02137396892445387,1049.0,1042.0,1051.0,1050.0,73821.0,49.0,2-3.5km,2-3.5km
5043,25,Sant Gervasi - la Bonanova,Sarrià-Sant Gervasi,427725.85656449466,4583994.597893572,2628.758743493488,1432.0,43.1,True,3024.9001034336206,0.0,1601114.0,1601114.0,0.0,0.0,1599438.0,-1676.0,-0.10467711855620525,1591667.0,1591667.0,0.0,1606885.0,1606885.0,0.0,0.0,1164117.1196686686,1163868.5301132826,-248.5895553859882,-0.02135434237551131,1048.0,1041.0,1051.0,1050.0,58781.0,39.0,2-3.5km,2-3.5km
5044,25,Sant Gervasi - la Bonanova,Sarrià-Sant Gervasi,427642.973011295,4583913.653326336,2609.615288862092,1299.0,56.0,True,2915.54778551264,0.0,1603104.0,1603104.0,0.0,0.0,1601428.0,-1676.0,-0.10454717847376091,1596052.0,1596052.0,0.0,1606885.0,1606885.0,0.0,0.0,1164182.7202571188,1163943.3979854723,-239.3222716464661,-0.020557105640050206,1049.0,1042.0,1051.0,1050.0,58240.0,39.0,2-3.5km,2-3.5km
5045,25,Sant Gervasi - la Bonanova,Sarrià-Sant Gervasi,427546.64406545786,4584114.362189119,2828.8556785247806,1577.0,7.1,True,3196.7398930727854,0.0,1601114.0,1601114.0,0.0,0.0,1599438.0,-1676.0,-0.10467711855620525,1589573.0,1589573.0,0.0,1606885.0,1606885.0,0.0,0.0,1143917.848742542,1143684.5681705452,-233.28057199693285,-0.020393122832497786,1048.0,1040.0,1051.0,1050.0,53985.0,36.0,2-3.5km,2-3.5km
5046,25,Sant Gervasi - la Bonanova,Sarrià-Sant Gervasi,427432.9193995922,4583958.52598958,2773.25103387987,1109.0,23.1,True,3128.164673505806,0.0,1601114.0,1601114.0,0.0,0.0,1599438.0,-1676.0,-0.10467711855620525,1583938.0,1583938.0,0.0,1606885.0,1606885.0,0.0,0.0,1124396.565947108,1124171.3048361083,-225.26111099962145,-0.020033955796536808,1048.0,1040.0,1051.0,1050.0,47108.0,31.0,2-3.5km,2-3.5km
5047,25,Sant Gervasi - la Bonanova,Sarrià-Sant Gervasi,427566.3476209479,4583758.6862737015,2534.08462695398,1216.0,31.9,True,2935.7238382330975,0.0,1601114.0,1601114.0,0.0,0.0,1599438.0,-1676.0,-0.10467711855620525,1591667.0,1591667.0,0.0,1606885.0,1606885.0,0.0,0.0,1153794.3420729812,1153554.9043456435,-239.4377273377031,-0.020752201549845865,1048.0,1041.0,1051.0,1050.0,58290.0,39.0,2-3.5km,2-3.5km
5048,25,Sant Gervasi - la Bonanova,Sarrià-Sant Gervasi,427682.7943876674,4583635.276140349,2364.8104075670194,1225.0,16.0,True,2758.7873106924735,0.0,1601114.0,1601114.0,0.0,0.0,1599438.0,-1676.0,-0.10467711855620525,1591667.0,1591667.0,0.0,1606885.0,1606885.0,0.0,0.0,1165294.1346281846,1165053.8787717025,-240.25585648207925,-0.020617614844404816,1048.0,1041.0,1051.0,1050.0,68285.0,47.0,2-3.5km,2-3.5km
5049,26,Sant Gervasi - Galvany,Sarrià-Sant Gervasi,427746.47556343145,4583414.762106944,2155.6513235950674,1645.0,32.4,True,2562.426415353262,0.0,1599455.0,1599455.0,0.0,0.0,1597779.0,-1676.0,-0.10478569262655092,1593280.0,1593280.0,0.0,1606885.0,1606885.0,0.0,0.0,1157127.8388457482,1156850.2274176215,-277.6114281266928,-0.02399142245195779,1047.0,1041.0,1051.0,1050.0,74757.0,51.0,2-3.5km,2-3.5km
5050,26,Sant Gervasi - Galvany,Sarrià-Sant Gervasi,427927.6471484084,4583685.334166608,2259.49708833128,1625.0,23.8,True,2508.998785464399,0.0,1603104.0,1603104.0,0.0,0.0,1601428.0,-1676.0,-0.10454717847376091,1594987.0,1594987.0,0.0,1606885.0,1606885.0,0.0,0.0,1178097.307664741,1177858.4938326937,-238.8138320473954,-0.02027114657623479,1049.0,1042.0,1051.0,1050.0,84650.0,56.0,2-3.5km,2-3.5km
5051,26,Sant Gervasi - Galvany,Sarrià-Sant Gervasi,428204.5171164349,4583467.415636473,1927.8337096774103,1618.0,14.8,True,2136.840835230133,0.0,1599455.0,1599455.0,0.0,0.0,1597779.0,-1676.0,-0.10478569262655092,1593280.0,1593280.0,0.0,1606885.0,1606885.0,0.0,0.0,1171860.8927008426,1171602.5837019596,-258.30899888300337,-0.022042633258941388,1047.0,1041.0,1051.0,1050.0,84992.0,57.0,2-3.5km,1-2km
5052,26,Sant Gervasi - Galvany,Sarrià-Sant Gervasi,428019.8481200008,4583435.747282019,2001.5695175098344,1441.0,8.3,True,2329.523273801395,0.0,1597665.0,1597665.0,0.0,0.0,1595989.0,-1676.0,-0.10490309295127577,1575214.0,1575214.0,0.0,1606885.0,1606885.0,0.0,0.0,1145102.8515397515,1144854.8226603456,-248.02887940593064,-0.021659965222549312,1046.0,1039.0,1051.0,1050.0,79006.0,54.0,2-3.5km,2-3.5km
5053,26,Sant Gervasi - Galvany,Sarrià-Sant Gervasi,427787.05641965696,4583217.341664253,1977.0455820808463,1486.0,29.9,True,2237.672611580898,0.0,1599455.0,1599455.0,0.0,0.0,1597779.0,-1676.0,-0.10478569262655092,1593280.0,1593280.0,0.0,1606885.0,1606885.0,0.0,0.0,1170406.657093601,1170124.3907322832,-282.26636131783016,-0.024116947695663735,1047.0,1041.0,1051.0,1050.0,68663.0,47.0,2-3.5km,1-2km
5054,26,Sant Gervasi - Galvany,Sarrià-Sant Gervasi,427952.0777254052,4583093.864941278,1780.2360047489392,1048.0,45.0,True,2139.078013481485,0.0,1595966.0,1595966.0,0.0,0.0,1594290.0,-1676.0,-0.10501476848504292,1587707.0,1587707.0,0.0,1606885.0,1606885.0,0.0,0.0,1140417.3717877555,1140125.6984999538,-291.67328780167736,-0.025576012345764322,1045.0,1039.0,1051.0,1050.0,65641.0,44.0,2-3.5km,1-2km
5055,26,Sant Gervasi - Galvany,Sarrià-Sant Gervasi,427753.191373493,4583006.618858486,1824.004210679416,1404.0,40.6,True,2093.53332598744,0.0,1597665.0,1597665.0,0.0,0.0,1595989.0,-1676.0,-0.10490309295127577,1578756.0,1578756.0,0.0,1606885.0,1606885.0,0.0,0.0,1157064.0925734546,1156781.611442614,-282.48113084048964,-0.024413611368080436,1046.0,1040.0,1051.0,1050.0,61380.0,43.0,2-3.5km,1-2km
5056,26,Sant Gervasi - Galvany,Sarrià-Sant Gervasi,427910.1997921682,4582805.906488227,1569.1979374037223,1223.0,57.3,True,1806.4422122605524,0.0,1597665.0,1597665.0,0.0,0.0,1595989.0,-1676.0,-0.10490309295127577,1580393.0,1580393.0,0.0,1606885.0,1606885.0,0.0,0.0,1166425.3139824772,1166137.0399801563,-288.27400232083164,-0.02471431294101375,1046.0,1040.0,1051.0,1050.0,61978.0,43.0,1-2km,1-2km
5057,26,Sant Gervasi - Galvany,Sarrià-Sant Gervasi,428021.9073047576,4582659.06901735,1384.6991492800828,1631.0,18.3,True,1601.575020924543,0.0,1597665.0,1597665.0,0.0,0.0,1595989.0,-1676.0,-0.10490309295127577,1584719.0,1584719.0,0.0,1606885.0,1606885.0,0.0,0.0,1162621.3783292342,1162332.7525698775,-288.6257593566552,-0.024825430250683157,1046.0,1040.0,1051.0,1050.0,80785.0,55.0,1-2km,1-2km
5058,26,Sant Gervasi - Galvany,Sarrià-Sant Gervasi,428155.24245429423,4582910.609288652,1507.574954104691,1584.0,65.7,True,1779.6696076454168,0.0,1595966.0,1595966.0,0.0,0.0,1594290.0,-1676.0,-0.10501476848504292,1586015.0,1586015.0,0.0,1606885.0,1606885.0,0.0,0.0,1166099.135209036,1165804.6039281823,-294.5312808537856,-0.02525782516775365,1045.0,1039.0,1051.0,1050.0,71483.0,47.0,1-2km,1-2km
5059,26,Sant Gervasi - Galvany,Sarrià-Sant Gervasi,428386.6562517464,4582794.986211329,1268.8276259846614,1577.0,6.7,True,1544.6124820460604,0.0,1595966.0,1595966.0,0.0,0.0,1594290.0,-1676.0,-0.10501476848504292,1582678.0,1582678.0,0.0,1606885.0,1606885.0,0.0,0.0,1172529.028955937,1172231.1477571197,-297.88119881716557,-0.025405016972791707,1045.0,1039.0,1051.0,1050.0,83561.0,56.0,1-2km,1-2km
5060,26,Sant Gervasi - Galvany,Sarrià-Sant Gervasi,428212.1398236301,4583065.012327819,1589.0354546677545,1165.0,50.3,True,1836.3227020573263,0.0,1597665.0,1597665.0,0.0,0.0,1595989.0,-1676.0,-0.10490309295127577,1591351.0,1591351.0,0.0,1606885.0,1606885.0,0.0,0.0,1175126.0889149413,1174823.7698624746,-302.319052466657,-0.025726520355428825,1046.0,1040.0,1051.0,1050.0,75031.0,49.0,1-2km,1-2km
5061,26,Sant Gervasi - Galvany,Sarrià-Sant Gervasi,428548.41606817953,4582871.19518194,1239.5673247897762,1464.0,39.3,True,1510.44458027872,0.0,1599455.0,1599455.0,0.0,0.0,1597779.0,-1676.0,-0.10478569262655092,1591351.0,1591351.0,0.0,1606885.0,1606885.0,0.0,0.0,1201629.9117118816,1201311.593030149,-318.31868173275143,-0.02649057572803461,1047.0,1042.0,1051.0,1051.0,83641.0,54.0,1-2km,1-2km
5062,26,Sant Gervasi - Galvany,Sarrià-Sant Gervasi,428276.99026215286,4583138.064794091,1610.395418038168,1624.0,47.8,True,1836.3227020573263,0.0,1597665.0,1597665.0,0.0,0.0,1595989.0,-1676.0,-0.10490309295127577,1591351.0,1591351.0,0.0,1606885.0,1606885.0,0.0,0.0,1175126.0889149413,1174823.7698624746,-302.319052466657,-0.025726520355428825,1046.0,1040.0,1051.0,1050.0,73291.0,48.0,1-2km,1-2km
5063,26,Sant Gervasi - Galvany,Sarrià-Sant Gervasi,428376.97622228623,4583244.0128554525,1648.2845425932878,1528.0,23.2,True,1866.8066565833506,0.0,1599455.0,1599455.0,0.0,0.0,1597779.0,-1676.0,-0.10478569262655092,1593280.0,1593280.0,0.0,1606885.0,1606885.0,0.0,0.0,1184282.0140894093,1183978.6648111972,-303.3492782120593,-0.02561461498216737,1047.0,1041.0,1051.0,1050.0,81056.0,53.0,1-2km,1-2km
5064,26,Sant Gervasi - Galvany,Sarrià-Sant Gervasi,428544.357002486,4583078.172913496,1423.4564641741413,1529.0,23.5,True,1634.7947063691668,0.0,1599455.0,1599455.0,0.0,0.0,1597779.0,-1676.0,-0.10478569262655092,1591486.0,1591486.0,0.0,1606885.0,1606885.0,0.0,0.0,1179765.6972045251,1179459.7456146472,-305.95158987795,-0.025933250187126777,1047.0,1041.0,1051.0,1050.0,85418.0,56.0,1-2km,1-2km
5065,26,Sant Gervasi - Galvany,Sarrià-Sant Gervasi,428714.9008099526,4582923.980396541,1212.2943142178465,1659.0,6.8,True,1393.1295055767666,0.0,1601114.0,1601114.0,0.0,0.0,1599438.0,-1676.0,-0.10467711855620525,1591351.0,1591351.0,0.0,1606885.0,1606885.0,0.0,0.0,1208624.1467324947,1208301.944504369,-322.20222812565044,-0.026658595974333416,1048.0,1043.0,1051.0,1051.0,86846.0,56.0,1-2km,1-2km
5066,26,Sant Gervasi - Galvany,Sarrià-Sant Gervasi,428841.29194526345,4583018.377008196,1260.398547120326,1311.0,4.6,True,1481.3324956964482,0.0,1599455.0,1599455.0,0.0,0.0,1597779.0,-1676.0,-0.10478569262655092,1591351.0,1591351.0,0.0,1606885.0,1606885.0,0.0,0.0,1191585.063508698,1191313.592440308,-271.4710683899466,-0.02278234904947388,1047.0,1042.0,1051.0,1051.0,84070.0,54.0,1-2km,1-2km
5067,26,Sant Gervasi - Galvany,Sarrià-Sant Gervasi,429100.8074885169,4583050.246246996,1219.4603846665514,1300.0,12.4,True,1319.8752986736376,0.0,1601114.0,1601114.0,0.0,0.0,1599438.0,-1676.0,-0.10467711855620525,1591351.0,1591351.0,0.0,1606885.0,1606885.0,0.0,0.0,1187519.9149146408,1187246.9728713075,-272.94204333331436,-0.022984207667198026,1048.0,1043.0,1051.0,1051.0,83857.0,54.0,1-2km,1-2km
5068,26,Sant Gervasi - Galvany,Sarrià-Sant Gervasi,429211.6510181561,4583228.554996864,1179.5741765007356,1541.0,35.6,True,1334.5352946513435,0.0,1603104.0,1603104.0,0.0,0.0,1601428.0,-1676.0,-0.10454717847376091,1593058.0,1593058.0,0.0,1606885.0,1606885.0,0.0,0.0,1206649.9511956128,1206370.6832004508,-279.2679951619357,-0.023144077110782802,1049.0,1044.0,1051.0,1051.0,86343.0,56.0,1-2km,1-2km
5069,26,Sant Gervasi - Galvany,Sarrià-Sant Gervasi,428941.0970579588,4583224.298883956,1440.0035230898245,1713.0,18.8,True,1616.9415119846944,0.0,1597665.0,1597665.0,0.0,0.0,1595989.0,-1676.0,-0.10490309295127577,1589557.0,1589557.0,0.0,1606885.0,1606885.0,0.0,0.0,1147150.9691827178,1146877.4721284737,-273.4970542441588,-0.023841417702764132,1046.0,1040.0,1051.0,1050.0,86170.0,57.0,1-2km,1-2km
5070,26,Sant Gervasi - Galvany,Sarrià-Sant Gervasi,428812.17748462746,4583280.049703793,1520.8809361385029,1450.0,32.6,True,1813.8727174067624,0.0,1599455.0,1599455.0,0.0,0.0,1597779.0,-1676.0,-0.10478569262655092,1589557.0,1589557.0,0.0,1606885.0,1606885.0,0.0,0.0,1159486.0348677093,1159227.7271817913,-258.30768591794185,-0.022277774647575924,1047.0,1041.0,1051.0,1050.0,85017.0,56.0,1-2km,1-2km
5071,26,Sant Gervasi - Galvany,Sarrià-Sant Gervasi,428903.520227233,4583528.777614658,1516.8485931383177,1639.0,34.4,True,1784.0317448808057,0.0,1603104.0,1603104.0,0.0,0.0,1601428.0,-1676.0,-0.10454717847376091,1593280.0,1593280.0,0.0,1606885.0,1606885.0,0.0,0.0,1198256.8206733854,1197985.431001886,-271.38967149937525,-0.022648706589198646,1049.0,1044.0,1051.0,1051.0,88582.0,60.0,1-2km,1-2km
5072,26,Sant Gervasi - Galvany,Sarrià-Sant Gervasi,428718.1449047093,4583316.449521932,1581.048392712865,1674.0,6.7,True,1882.8380443951403,0.0,1595966.0,1595966.0,0.0,0.0,1594290.0,-1676.0,-0.10501476848504292,1584719.0,1584719.0,0.0,1606885.0,1606885.0,0.0,0.0,1124794.7486538093,1124544.0393145233,-250.70933928596787,-0.02228934119634048,1045.0,1038.0,1051.0,1050.0,84031.0,55.0,1-2km,1-2km
5073,26,Sant Gervasi - Galvany,Sarrià-Sant Gervasi,428661.7231993222,4583485.472958337,1747.85017446373,1585.0,26.1,True,2041.9591667634702,0.0,1603104.0,1603104.0,0.0,0.0,1601428.0,-1676.0,-0.10454717847376091,1594987.0,1594987.0,0.0,1606885.0,1606885.0,0.0,0.0,1185080.1785290486,1184815.0756457062,-265.1028833424207,-0.02237003775318165,1049.0,1043.0,1051.0,1050.0,84773.0,57.0,2-3.5km,1-2km
5074,26,Sant Gervasi - Galvany,Sarrià-Sant Gervasi,428523.81207847,4583364.994036466,1692.883879802578,1642.0,17.2,True,2002.6565323346233,0.0,1595966.0,1595966.0,0.0,0.0,1594290.0,-1676.0,-0.10501476848504292,1579918.0,1579918.0,0.0,1606885.0,1606885.0,0.0,0.0,1151732.0022889455,1151433.3274036024,-298.67488534306176,-0.02593267224922786,1045.0,1039.0,1051.0,1050.0,75944.0,50.0,2-3.5km,1-2km
5075,26,Sant Gervasi - Galvany,Sarrià-Sant Gervasi,428537.52695030434,4583634.942679427,1896.8039692038365,1854.0,40.5,True,2218.6454564421433,0.0,1601114.0,1601114.0,0.0,0.0,1599438.0,-1676.0,-0.10467711855620525,1595966.0,1595966.0,0.0,1606885.0,1606885.0,0.0,0.0,1183027.4961759374,1182764.458835874,-263.0373400633689,-0.022234254141481977,1048.0,1042.0,1051.0,1050.0,88863.0,60.0,2-3.5km,1-2km
5076,26,Sant Gervasi - Galvany,Sarrià-Sant Gervasi,428308.80599462136,4583558.317510954,1958.260337662864,1396.0,27.6,True,2297.7047790545676,0.0,1599455.0,1599455.0,0.0,0.0,1597779.0,-1676.0,-0.10478569262655092,1593280.0,1593280.0,0.0,1606885.0,1606885.0,0.0,0.0,1172866.9983885942,1172607.6615027292,-259.33688586507924,-0.022111363540911547,1047.0,1041.0,1051.0,1050.0,79210.0,53.0,2-3.5km,1-2km
5077,26,Sant Gervasi - Galvany,Sarrià-Sant Gervasi,428257.7316799464,4583904.58289256,2236.742536948253,1484.0,11.2,True,2544.635040290908,0.0,1603104.0,1603104.0,0.0,0.0,1601428.0,-1676.0,-0.10454717847376091,1597665.0,1597665.0,0.0,1606885.0,1606885.0,0.0,0.0,1179300.2070458964,1179046.6599526515,-253.54709324496798,-0.021499792141993608,1049.0,1042.0,1051.0,1050.0,83152.0,55.0,2-3.5km,2-3.5km
5078,26,Sant Gervasi - Galvany,Sarrià-Sant Gervasi,428138.6888408517,4583782.821786091,2235.6004694663807,2121.0,72.7,True,2628.497517943134,0.0,1599455.0,1599455.0,0.0,0.0,1597779.0,-1676.0,-0.10478569262655092,1582523.0,1582523.0,0.0,1606885.0,1606885.0,0.0,0.0,1127614.0382939996,1127368.7969192662,-245.24137473339215,-0.021748698260658852,1047.0,1040.0,1051.0,1050.0,74191.0,49.0,2-3.5km,2-3.5km
5079,26,Sant Gervasi - Galvany,Sarrià-Sant Gervasi,428395.3229419204,4583721.915359851,2054.9457596553502,1220.0,18.4,True,2375.101701508059,0.0,1601114.0,1601114.0,0.0,0.0,1599438.0,-1676.0,-0.10467711855620525,1591430.0,1591430.0,0.0,1606885.0,1606885.0,0.0,0.0,1155718.4370666225,1155465.7909344225,-252.64613220002502,-0.021860526240394397,1048.0,1041.0,1051.0,1050.0,84845.0,57.0,2-3.5km,2-3.5km
5080,27,el Putxet i el Farró,Sarrià-Sant Gervasi,428614.4734554147,4583860.200170415,1884.2547604587296,1336.0,17.9,True,2238.4032541287143,0.0,1603104.0,1603104.0,0.0,0.0,1601428.0,-1676.0,-0.10454717847376091,1594987.0,1594987.0,0.0,1606885.0,1606885.0,0.0,0.0,1186614.3197931147,1186352.9575657311,-261.36222738353536,-0.02202587841929159,1049.0,1043.0,1051.0,1050.0,85838.0,58.0,2-3.5km,1-2km
5081,27,el Putxet i el Farró,Sarrià-Sant Gervasi,428806.66906549473,4583715.488104353,1656.428412456116,1582.0,23.5,True,1980.718823583327,0.0,1601114.0,1601114.0,0.0,0.0,1599438.0,-1676.0,-0.10467711855620525,1593280.0,1593280.0,0.0,1606885.0,1606885.0,0.0,0.0,1164314.022466654,1164054.5463073468,-259.4761593071744,-0.022285754040603407,1048.0,1042.0,1051.0,1050.0,92622.0,63.0,1-2km,1-2km
5082,27,el Putxet i el Farró,Sarrià-Sant Gervasi,428906.26823079627,4583801.24874085,1590.0242676740154,1625.0,28.1,True,1921.3419596496767,0.0,1605067.0,1605067.0,0.0,0.0,1603391.0,-1676.0,-0.10441931707523736,1596686.0,1596686.0,0.0,1606885.0,1606885.0,0.0,0.0,1205645.053753696,1205376.8544813718,-268.1992723240983,-0.022245292798994003,1050.0,1045.0,1051.0,1051.0,89701.0,62.0,1-2km,1-2km
5083,27,el Putxet i el Farró,Sarrià-Sant Gervasi,428901.14812893927,4584073.2620769935,1710.741729319319,1310.0,59.1,True,2119.202490983656,0.0,1605067.0,1605067.0,0.0,0.0,1603391.0,-1676.0,-0.10441931707523736,1600135.0,1600135.0,0.0,1606885.0,1606885.0,0.0,0.0,1215107.0339519791,1214841.9156626272,-265.118289351929,-0.02181851326213345,1050.0,1045.0,1051.0,1050.0,80988.0,56.0,2-3.5km,1-2km
5084,27,el Putxet i el Farró,Sarrià-Sant Gervasi,428743.5157240194,4584065.352294228,1846.0820443126536,1364.0,45.7,True,2336.736509888919,0.0,1605067.0,1605067.0,0.0,0.0,1603391.0,-1676.0,-0.10441931707523736,1596863.0,1596863.0,0.0,1606885.0,1606885.0,0.0,0.0,1195746.3403802214,1195489.908922015,-256.43145820638165,-0.021445305709640892,1050.0,1043.0,1051.0,1050.0,80918.0,55.0,2-3.5km,1-2km
5085,27,el Putxet i el Farró,Sarrià-Sant Gervasi,428645.72656028206,4584009.704460111,1910.5697153041613,1309.0,45.4,True,2312.5950289556554,0.0,1603104.0,1603104.0,0.0,0.0,1601428.0,-1676.0,-0.10454717847376091,1593280.0,1593280.0,0.0,1606885.0,1606885.0,0.0,0.0,1170947.0695027472,1170689.1601821329,-257.90932061430067,-0.022025702726582178,1049.0,1043.0,1051.0,1050.0,88072.0,60.0,2-3.5km,1-2km
5086,27,el Putxet i el Farró,Sarrià-Sant Gervasi,428477.5872173572,4584011.047516039,2065.818831281504,1324.0,5.6,True,2425.636133145319,0.0,1605067.0,1605067.0,0.0,0.0,1603391.0,-1676.0,-0.10441931707523736,1596686.0,1596686.0,0.0,1606885.0,1606885.0,0.0,0.0,1187316.7657803004,1187062.4314323934,-254.3343479069881,-0.021420934601209012,1050.0,1043.0,1051.0,1050.0,87968.0,58.0,2-3.5km,2-3.5km
5087,27,el Putxet i el Farró,Sarrià-Sant Gervasi,428359.9606613911,4583965.11850525,2159.2254679995804,1592.0,39.6,True,2508.236551920132,0.0,1603104.0,1603104.0,0.0,0.0,1601428.0,-1676.0,-0.10454717847376091,1596686.0,1596686.0,0.0,1606885.0,1606885.0,0.0,0.0,1174404.2042667747,1174149.3996198347,-254.80464693997055,-0.02169650330050162,1049.0,1042.0,1051.0,1050.0,82067.0,54.0,2-3.5km,2-3.5km
5088,27,el Putxet i el Farró,Sarrià-Sant Gervasi,428490.7102595788,4584241.197637728,2151.450302187208,1766.0,33.3,True,2607.7961662654984,0.0,1603104.0,1603104.0,0.0,0.0,1601428.0,-1676.0,-0.10454717847376091,1591158.0,1591158.0,0.0,1606885.0,1606885.0,0.0,0.0,1150937.3789803986,1150692.1753060967,-245.20367430197075,-0.021304692920755923,1049.0,1041.0,1051.0,1050.0,82620.0,54.0,2-3.5km,2-3.5km
5089,27,el Putxet i el Farró,Sarrià-Sant Gervasi,428704.6471187451,4584262.5924606575,1976.0910530944925,1812.0,12.2,True,2372.4678494324667,0.0,1605067.0,1605067.0,0.0,0.0,1603391.0,-1676.0,-0.10441931707523736,1598476.0,1598476.0,0.0,1606885.0,1606885.0,0.0,0.0,1191540.3691777177,1191284.3665897367,-256.0025879810564,-0.021485011721233068,1050.0,1043.0,1051.0,1050.0,81808.0,55.0,2-3.5km,1-2km
5090,27,el Putxet i el Farró,Sarrià-Sant Gervasi,428534.8387551156,4584417.311187068,2202.077208062896,1855.0,9.4,True,2583.9676184459004,0.0,1603104.0,1603104.0,0.0,0.0,1601428.0,-1676.0,-0.10454717847376091,1596052.0,1596052.0,0.0,1606885.0,1606885.0,0.0,0.0,1168103.9039967041,1167855.838355364,-248.06564134010114,-0.021236607504806444,1049.0,1042.0,1051.0,1050.0,69738.0,46.0,2-3.5km,2-3.5km
5091,27,el Putxet i el Farró,Sarrià-Sant Gervasi,428510.5844995248,4584673.843626277,2369.242168695873,1575.0,32.1,True,2728.4653751523774,0.0,1603104.0,1603104.0,0.0,0.0,1601428.0,-1676.0,-0.10454717847376091,1591158.0,1591158.0,0.0,1606885.0,1606885.0,0.0,0.0,1142872.4861901666,1142628.9465991845,-243.53959098202176,-0.0213094281229812,1049.0,1041.0,1051.0,1050.0,58468.0,39.0,2-3.5km,2-3.5km
5092,27,el Putxet i el Farró,Sarrià-Sant Gervasi,428297.51518052304,4584378.176547495,2386.5066910168416,1570.0,87.2,True,2854.0453982920208,0.0,1603104.0,1603104.0,0.0,0.0,1601428.0,-1676.0,-0.10454717847376091,1596052.0,1596052.0,0.0,1606885.0,1606885.0,0.0,0.0,1152064.6281577158,1151818.8557259045,-245.7724318113178,-0.021333215672486732,1049.0,1041.0,1051.0,1050.0,52314.0,34.0,2-3.5km,2-3.5km
5093,27,el Putxet i el Farró,Sarrià-Sant Gervasi,428082.78506536747,4584224.708712033,2512.5064973764734,1097.0,27.1,True,2882.7511513286254,0.0,1605067.0,1605067.0,0.0,0.0,1603391.0,-1676.0,-0.10441931707523736,1596052.0,1596052.0,0.0,1606885.0,1606885.0,0.0,0.0,1157846.9221240939,1157600.2047151267,-246.7174089672044,-0.021308292508529215,1050.0,1043.0,1051.0,1050.0,75967.0,50.0,2-3.5km,2-3.5km
5094,27,el Putxet i el Farró,Sarrià-Sant Gervasi,428008.4963998243,4584550.942145932,2723.010550501668,2727.0,88.5,True,3189.9278894476906,0.0,1605067.0,1605067.0,0.0,0.0,1603391.0,-1676.0,-0.10441931707523736,1596052.0,1596052.0,0.0,1606885.0,1606885.0,0.0,0.0,1149721.6747402465,1149476.7585827655,-244.91615748102777,-0.02130221277565816,1050.0,1042.0,1051.0,1050.0,47267.0,31.0,2-3.5km,2-3.5km
5095,27,el Putxet i el Farró,Sarrià-Sant Gervasi,428010.9030652341,4584923.940142408,2919.8902966132937,1680.0,56.2,True,3437.1785139052554,0.0,1605067.0,1605067.0,0.0,0.0,1603391.0,-1676.0,-0.10441931707523736,1599275.0,1599275.0,0.0,1606885.0,1606885.0,0.0,0.0,1156533.9240118822,1156294.212189042,-239.7118228401523,-0.02072674375245473,1050.0,1042.0,1051.0,1050.0,36962.0,24.0,2-3.5km,2-3.5km
5096,27,el Putxet i el Farró,Sarrià-Sant Gervasi,428097.87654798426,4584803.808322666,2779.8190564831093,1114.0,46.5,True,3183.208123374164,0.0,1605067.0,1605067.0,0.0,0.0,1603391.0,-1676.0,-0.10441931707523736,1595195.0,1595195.0,0.0,1606885.0,1606885.0,0.0,0.0,1159420.6446151019,1159179.889922085,-240.75469301687554,-0.020765085918993616,1050.0,1042.0,1051.0,1050.0,54343.0,35.0,2-3.5km,2-3.5km
5097,27,el Putxet i el Farró,Sarrià-Sant Gervasi,428148.1112428497,4584564.555186409,2608.6442315268737,1620.0,9.0,True,3287.1559301613297,0.0,1605067.0,1605067.0,0.0,0.0,1603391.0,-1676.0,-0.10441931707523736,1593836.0,1593836.0,0.0,1606885.0,1606885.0,0.0,0.0,1147112.8336141028,1146873.567124683,-239.26648941985331,-0.020858147726062693,1050.0,1042.0,1051.0,1050.0,57846.0,37.0,2-3.5km,2-3.5km
5098,27,el Putxet i el Farró,Sarrià-Sant Gervasi,428256.10514903447,4584742.408624622,2614.8691034083527,1525.0,14.3,True,2985.8236782266704,0.0,1603104.0,1603104.0,0.0,0.0,1601428.0,-1676.0,-0.10454717847376091,1591158.0,1591158.0,0.0,1606885.0,1606885.0,0.0,0.0,1143597.4322505284,1143354.823462022,-242.60878850636072,-0.021214527216008326,1049.0,1041.0,1051.0,1050.0,60283.0,40.0,2-3.5km,2-3.5km
6001,28,Vallcarca i els Penitents,Gràcia,428780.2726186767,4584478.115115674,2036.1446622496053,1180.0,20.7,True,2290.9819181694847,0.0,1605067.0,1605067.0,0.0,0.0,1603391.0,-1676.0,-0.10441931707523736,1598476.0,1598476.0,0.0,1606885.0,1606885.0,0.0,0.0,1193308.295558789,1193051.9048389122,-256.3907198768575,-0.021485706655277857,1050.0,1043.0,1051.0,1050.0,75615.0,52.0,2-3.5km,2-3.5km
6002,28,Vallcarca i els Penitents,Gràcia,428870.10998356267,4584514.635348129,1989.170653674376,1497.0,37.0,True,2245.9076865993593,0.0,1605067.0,1605067.0,0.0,0.0,1603391.0,-1676.0,-0.10441931707523736,1597665.0,1597665.0,0.0,1606885.0,1606885.0,0.0,0.0,1190580.8208559658,1190326.2413370786,-254.57951888721436,-0.02138280026249582,1050.0,1043.0,1051.0,1050.0,73301.0,51.0,2-3.5km,1-2km
6003,28,Vallcarca i els Penitents,Gràcia,428817.7355223845,4584785.966431335,2210.9017721242813,2288.0,20.4,True,2404.1099487914194,0.0,1605067.0,1605067.0,0.0,0.0,1603391.0,-1676.0,-0.10441931707523736,1590531.0,1590531.0,0.0,1606885.0,1606885.0,0.0,0.0,1155167.177611421,1154923.4094973314,-243.768114089733,-0.021102410007335967,1050.0,1042.0,1051.0,1050.0,56214.0,39.0,2-3.5km,2-3.5km
6004,28,Vallcarca i els Penitents,Gràcia,428767.8934892748,4585020.388568108,2414.6544453134097,1370.0,19.3,True,2763.304918543181,0.0,1605067.0,1605067.0,0.0,0.0,1603391.0,-1676.0,-0.10441931707523736,1592230.0,1592230.0,0.0,1606885.0,1606885.0,0.0,0.0,1137186.6021961246,1136947.5914748516,-239.01072127302177,-0.02101772222882739,1050.0,1042.0,1051.0,1050.0,43399.0,29.0,2-3.5km,2-3.5km
6006,28,Vallcarca i els Penitents,Gràcia,428251.47181111656,4585171.29600136,2887.243052293556,1018.0,99.2,True,3248.99361390168,0.0,1605067.0,1605067.0,0.0,0.0,1603391.0,-1676.0,-0.10441931707523736,1585933.0,1585933.0,0.0,1606885.0,1606885.0,0.0,0.0,1128957.008176475,1128722.0669620459,-234.9412144292146,-0.020810466007797644,1050.0,1042.0,1051.0,1050.0,28656.0,19.0,2-3.5km,2-3.5km
6007,28,Vallcarca i els Penitents,Gràcia,428254.77746449376,4584952.37063477,2742.481580198217,1993.0,13.7,True,3046.5760050456984,0.0,1605067.0,1605067.0,0.0,0.0,1603391.0,-1676.0,-0.10441931707523736,1583485.0,1583485.0,0.0,1606885.0,1606885.0,0.0,0.0,1110708.15605866,1110481.1030468654,-227.05301179457456,-0.020442184614928062,1050.0,1042.0,1051.0,1050.0,44289.0,29.0,2-3.5km,2-3.5km
6008,28,Vallcarca i els Penitents,Gràcia,428085.64104030805,4584988.517954499,2897.953137252712,1960.0,41.0,True,3151.1201940180204,0.0,1605067.0,1605067.0,0.0,0.0,1603391.0,-1676.0,-0.10441931707523736,1589872.0,1589872.0,0.0,1606885.0,1606885.0,0.0,0.0,1116125.3154308477,1115896.249093492,-229.06633735564537,-0.0205233529056924,1050.0,1042.0,1051.0,1050.0,46132.0,30.0,2-3.5km,2-3.5km
6009,28,Vallcarca i els Penitents,Gràcia,427720.68758778094,4585734.975251173,3659.572965652601,1264.0,9.8,True,4199.69209718986,0.0,1605067.0,1605067.0,0.0,0.0,1603391.0,-1676.0,-0.10441931707523736,1555209.0,1555209.0,0.0,1606885.0,1606885.0,0.0,0.0,1072047.9794867318,1071827.1559044481,-220.82358228368685,-0.020598292847808113,1050.0,1042.0,1051.0,1050.0,9638.0,7.0,>3.5km,>3.5km
6010,28,Vallcarca i els Penitents,Gràcia,428080.1083835935,4585616.477635424,3320.092499130257,1024.0,9.9,True,3925.578465177606,0.0,1605067.0,1605067.0,0.0,0.0,1603391.0,-1676.0,-0.10441931707523736,1597285.0,1597285.0,0.0,1606885.0,1606885.0,0.0,0.0,1119969.792194013,1119738.5809992063,-231.21119480673224,-0.02064441348492008,1050.0,1042.0,1051.0,1050.0,30234.0,21.0,>3.5km,2-3.5km
6011,28,Vallcarca i els Penitents,Gràcia,428342.2029405664,4585671.073180208,3184.886747666801,1313.0,32.5,True,3873.207374305738,0.0,1603550.0,1603550.0,0.0,0.0,1601874.0,-1676.0,-0.10451810046459419,1522095.0,1522095.0,0.0,1606885.0,1606885.0,0.0,0.0,1065717.2855459938,1065516.5274085025,-200.75813749129884,-0.018837841913059088,1049.0,1039.0,1051.0,1050.0,19308.0,14.0,>3.5km,2-3.5km
6012,28,Vallcarca i els Penitents,Gràcia,428452.1751725779,4585310.442432678,2841.895447632268,1175.0,16.6,True,3381.866510600164,0.0,1603104.0,1603104.0,0.0,0.0,1601428.0,-1676.0,-0.10454717847376091,1590620.0,1590620.0,0.0,1606885.0,1606885.0,0.0,0.0,1126259.022960236,1126021.9639103785,-237.0590498575475,-0.021048359660148726,1049.0,1041.0,1051.0,1050.0,32567.0,22.0,2-3.5km,2-3.5km
6013,29,el Coll,Gràcia,428659.1323901768,4585176.176694217,2603.2144848473245,1782.0,9.5,True,3170.321476772076,0.0,1603104.0,1603104.0,0.0,0.0,1601428.0,-1676.0,-0.10454717847376091,1581755.0,1581755.0,0.0,1606885.0,1606885.0,0.0,0.0,1120501.592060844,1120266.816272343,-234.77578850090504,-0.020952740287419114,1049.0,1041.0,1051.0,1050.0,42345.0,29.0,2-3.5km,2-3.5km
6014,29,el Coll,Gràcia,428738.7965820119,4585419.630009647,2740.912431910172,1415.0,5.7,True,3365.607271126754,0.0,1603104.0,1603104.0,0.0,0.0,1601428.0,-1676.0,-0.10454717847376091,1590713.0,1590713.0,0.0,1606885.0,1606885.0,0.0,0.0,1118979.3313939653,1118746.1184523436,-233.21294162166305,-0.020841577237279144,1049.0,1041.0,1051.0,1050.0,46399.0,32.0,2-3.5km,2-3.5km
6015,29,el Coll,Gràcia,428701.4905215364,4585661.673013967,2958.7951521131795,1438.0,97.0,True,3753.084314724408,0.0,1601587.0,1601587.0,0.0,0.0,1599911.0,-1676.0,-0.10464620404636152,1556360.0,1556360.0,0.0,1606885.0,1606885.0,0.0,0.0,1076713.679132423,1076495.2648207142,-218.41431170864962,-0.020285273229243266,1048.0,1038.0,1051.0,1050.0,28908.0,20.0,>3.5km,2-3.5km
6016,29,el Coll,Gràcia,428989.7233532915,4585621.025429005,2769.056907494576,1567.0,15.5,True,3491.5329909139978,0.0,1597938.0,1597938.0,0.0,0.0,1596262.0,-1676.0,-0.10488517076382188,1530243.0,1530243.0,0.0,1606885.0,1606885.0,0.0,0.0,1064429.194206163,1064205.4800404008,-223.71416576229967,-0.021017289546360354,1046.0,1038.0,1051.0,1050.0,45613.0,31.0,2-3.5km,2-3.5km
6017,29,el Coll,Gràcia,428950.48695606255,4585398.060045099,2600.757069714046,1409.0,15.6,True,3203.168858505028,0.0,1601114.0,1601114.0,0.0,0.0,1599438.0,-1676.0,-0.10467711855620525,1573025.0,1573025.0,0.0,1606885.0,1606885.0,0.0,0.0,1098642.93254913,1098412.3139624838,-230.6185866461601,-0.020991222881766195,1048.0,1040.0,1051.0,1050.0,34503.0,24.0,2-3.5km,2-3.5km
6018,30,la Salut,Gràcia,429125.2531180885,4585031.34116785,2199.3903562369323,1302.0,108.1,True,2564.0883888553544,0.0,1603104.0,1603104.0,0.0,0.0,1601428.0,-1676.0,-0.10454717847376091,1576410.0,1576410.0,0.0,1606885.0,1606885.0,0.0,0.0,1137443.392739113,1137210.373253652,-233.01948546105996,-0.02048624898157951,1049.0,1041.0,1051.0,1050.0,31746.0,24.0,2-3.5km,2-3.5km
6019,30,la Salut,Gràcia,428921.6211480617,4584636.816156272,2032.461093778198,1496.0,34.8,True,2211.461621080282,0.0,1603104.0,1603104.0,0.0,0.0,1601428.0,-1676.0,-0.10454717847376091,1589552.0,1589552.0,0.0,1606885.0,1606885.0,0.0,0.0,1148342.5200783226,1148100.2210678777,-242.29901044489816,-0.021099890164162183,1049.0,1041.0,1051.0,1050.0,67236.0,47.0,2-3.5km,2-3.5km
6020,30,la Salut,Gràcia,429040.8207464893,4584494.945246345,1848.381198875692,1181.0,4.0,True,2051.057133834609,0.0,1605067.0,1605067.0,0.0,0.0,1603391.0,-1676.0,-0.10441931707523736,1598522.0,1598522.0,0.0,1606885.0,1606885.0,0.0,0.0,1201312.2548812844,1201065.5122964445,-246.7425848399289,-0.020539421273473347,1050.0,1043.0,1051.0,1050.0,75732.0,53.0,2-3.5km,1-2km
6021,30,la Salut,Gràcia,429194.0430321765,4584601.426006095,1818.320405587909,1357.0,54.6,True,2044.4236805051928,0.0,1605067.0,1605067.0,0.0,0.0,1603391.0,-1676.0,-0.10441931707523736,1598522.0,1598522.0,0.0,1606885.0,1606885.0,0.0,0.0,1202063.726354098,1201816.8200394171,-246.90631468081847,-0.020540201760325477,1050.0,1043.0,1051.0,1050.0,69010.0,48.0,2-3.5km,1-2km
6022,30,la Salut,Gràcia,429360.3630619847,4584874.647006799,1938.61621354117,1364.0,23.5,True,2265.507858743103,0.0,1606431.0,1606431.0,0.0,0.0,1604755.0,-1676.0,-0.10433065596966194,1596064.0,1596064.0,0.0,1608249.0,1608249.0,0.0,0.0,1181818.5557765802,1181610.6020989208,-207.95367765938863,-0.01759607484947137,1051.0,1043.0,1052.0,1051.0,56148.0,40.0,2-3.5km,1-2km
6023,30,la Salut,Gràcia,429594.1390041124,4585134.233251509,2061.717428783449,1282.0,8.5,True,2516.7248050281282,0.0,1605067.0,1605067.0,0.0,0.0,1603391.0,-1676.0,-0.10441931707523736,1584213.0,1584213.0,0.0,1606885.0,1606885.0,0.0,0.0,1150170.7628690433,1149952.6844591675,-218.0784098757431,-0.01896052455130727,1050.0,1042.0,1051.0,1050.0,55348.0,40.0,2-3.5km,2-3.5km
6024,30,la Salut,Gràcia,429703.6190674067,4584931.065222133,1832.1582022533173,1682.0,10.4,True,2222.9458504085055,0.0,1605067.0,1605067.0,0.0,0.0,1603391.0,-1676.0,-0.10441931707523736,1596306.0,1596306.0,0.0,1606885.0,1606885.0,0.0,0.0,1185152.3839276687,1184927.6462983508,-224.73762931791134,-0.01896276228826515,1050.0,1042.0,1051.0,1050.0,76060.0,57.0,2-3.5km,1-2km
6025,30,la Salut,Gràcia,429711.8673210734,4584781.082233416,1690.7424494827603,1418.0,32.2,True,1985.4126888771978,0.0,1605067.0,1605067.0,0.0,0.0,1603391.0,-1676.0,-0.10441931707523736,1599270.0,1599270.0,0.0,1606885.0,1606885.0,0.0,0.0,1198296.7958960491,1198071.573348686,-225.2225473630242,-0.01879522236347213,1050.0,1042.0,1051.0,1050.0,89457.0,66.0,1-2km,1-2km
6026,30,la Salut,Gràcia,429525.93430950405,4584679.467851024,1685.670160050475,1046.0,13.2,True,1932.8755292480985,0.0,1605067.0,1605067.0,0.0,0.0,1603391.0,-1676.0,-0.10441931707523736,1602851.0,1602851.0,0.0,1606885.0,1606885.0,0.0,0.0,1214400.13667852,1214186.0912155502,-214.04546296969056,-0.01762561255593414,1050.0,1042.0,1051.0,1050.0,86699.0,62.0,1-2km,1-2km
6027,30,la Salut,Gràcia,429381.3934049502,4584572.541930347,1677.6709989184956,1209.0,4.0,True,1833.6480988625026,0.0,1605067.0,1605067.0,0.0,0.0,1603391.0,-1676.0,-0.10441931707523736,1603104.0,1603104.0,0.0,1606885.0,1606885.0,0.0,0.0,1220328.1332054948,1220120.151957244,-207.98124825092964,-0.01704305936999217,1050.0,1043.0,1051.0,1050.0,85772.0,60.0,1-2km,1-2km
6028,31,la Vila de Gràcia,Gràcia,429438.82115852926,4584485.143262825,1573.3257924022362,1317.0,50.3,True,1752.3404832161445,0.0,1605067.0,1605067.0,0.0,0.0,1603391.0,-1676.0,-0.10441931707523736,1594647.0,1594647.0,0.0,1606885.0,1606885.0,0.0,0.0,1173685.8775308449,1173436.7421289296,-249.1354019152932,-0.02122675297409343,1050.0,1042.0,1051.0,1050.0,87410.0,62.0,1-2km,1-2km
6029,31,la Vila de Gràcia,Gràcia,429635.2237197744,4584557.41606766,1525.1432741436083,1308.0,3.0,True,1784.7144010309498,0.0,1605067.0,1605067.0,0.0,0.0,1603391.0,-1676.0,-0.10441931707523736,1593082.0,1593082.0,0.0,1606885.0,1606885.0,0.0,0.0,1178392.4993437794,1178153.3584546053,-239.14088917407207,-0.02029382309436324,1050.0,1042.0,1051.0,1050.0,94805.0,68.0,1-2km,1-2km
6030,31,la Vila de Gràcia,Gràcia,429747.52366899455,4584401.924594963,1334.589915211907,1318.0,42.2,True,1572.1743432108149,0.0,1605067.0,1605067.0,0.0,0.0,1603391.0,-1676.0,-0.10441931707523736,1591512.0,1591512.0,0.0,1606885.0,1606885.0,0.0,0.0,1169448.5708043964,1169178.8801632503,-269.6906411461532,-0.023061351125569254,1050.0,1042.0,1051.0,1050.0,98982.0,72.0,1-2km,1-2km
6031,31,la Vila de Gràcia,Gràcia,429610.8539566007,4584311.8118893895,1331.6061715985084,1103.0,9.3,True,1467.9055049981475,0.0,1605067.0,1605067.0,0.0,0.0,1603391.0,-1676.0,-0.10441931707523736,1588310.0,1588310.0,0.0,1606885.0,1606885.0,0.0,0.0,1165983.1031060112,1165722.7873342433,-260.3157717678696,-0.022325861418954172,1050.0,1042.0,1051.0,1050.0,100342.0,72.0,1-2km,1-2km
6032,31,la Vila de Gràcia,Gràcia,429531.7614160167,4584424.776187842,1469.4920561753468,1156.0,18.8,True,1604.6058070743977,0.0,1605067.0,1605067.0,0.0,0.0,1603391.0,-1676.0,-0.10441931707523736,1586094.0,1586094.0,0.0,1606885.0,1606885.0,0.0,0.0,1150222.3425115396,1149965.5610521191,-256.78145942045376,-0.022324506308907626,1050.0,1042.0,1051.0,1050.0,92283.0,65.0,1-2km,1-2km
6033,31,la Vila de Gràcia,Gràcia,429464.6155769939,4584266.123598984,1387.9093423707193,1270.0,22.6,True,1453.8274881227055,0.0,1605067.0,1605067.0,0.0,0.0,1603391.0,-1676.0,-0.10441931707523736,1596863.0,1596863.0,0.0,1606885.0,1606885.0,0.0,0.0,1181007.6241645457,1180757.3714916476,-250.25267289811745,-0.021189759301947626,1050.0,1042.0,1051.0,1050.0,93939.0,66.0,1-2km,1-2km
6034,31,la Vila de Gràcia,Gràcia,429395.3069493632,4584125.728937246,1337.576585726634,1178.0,13.6,True,1485.9491308560557,0.0,1599455.0,1599455.0,0.0,0.0,1597779.0,-1676.0,-0.10478569262655092,1583850.0,1583850.0,0.0,1606885.0,1606885.0,0.0,0.0,1137790.4439252021,1137534.3157781956,-256.1281470065005,-0.02251101231988711,1047.0,1040.0,1051.0,1050.0,99917.0,70.0,1-2km,1-2km
6035,31,la Vila de Gràcia,Gràcia,429277.4434353853,4584372.668704775,1593.6533695928922,1081.0,52.4,True,1894.9442828834576,0.0,1599455.0,1599455.0,0.0,0.0,1597779.0,-1676.0,-0.10478569262655092,1572418.0,1572418.0,0.0,1606885.0,1606885.0,0.0,0.0,1108976.6830497037,1108735.4604958312,-241.22255387250334,-0.021751814763962162,1047.0,1039.0,1051.0,1050.0,79654.0,55.0,1-2km,1-2km
6036,31,la Vila de Gràcia,Gràcia,429203.4886024389,4584259.366034399,1569.8667657943374,1418.0,2.9,True,1757.2638781675346,0.0,1605067.0,1605067.0,0.0,0.0,1603391.0,-1676.0,-0.10441931707523736,1595073.0,1595073.0,0.0,1606885.0,1606885.0,0.0,0.0,1181819.5894765898,1181562.4646979247,-257.12477866513655,-0.021756686126603576,1050.0,1043.0,1051.0,1050.0,91229.0,63.0,1-2km,1-2km
6037,31,la Vila de Gràcia,Gràcia,429024.378451634,4584251.708201252,1704.807090132514,1104.0,15.3,True,1960.4559327058214,0.0,1603104.0,1603104.0,0.0,0.0,1601428.0,-1676.0,-0.10454717847376091,1593374.0,1593374.0,0.0,1606885.0,1606885.0,0.0,0.0,1159515.7473172876,1159264.9495917428,-250.79772554477677,-0.021629523025024425,1049.0,1042.0,1051.0,1050.0,87155.0,61.0,1-2km,1-2km
6038,31,la Vila de Gràcia,Gràcia,429139.6104786569,4584086.626733345,1515.0886273036083,1490.0,7.1,True,1761.6460932492723,0.0,1603104.0,1603104.0,0.0,0.0,1601428.0,-1676.0,-0.10454717847376091,1593374.0,1593374.0,0.0,1606885.0,1606885.0,0.0,0.0,1158022.2662533529,1157770.5113255882,-251.7549277646467,-0.021740076603118406,1049.0,1042.0,1051.0,1050.0,94059.0,65.0,1-2km,1-2km
6039,31,la Vila de Gràcia,Gràcia,429240.6717176761,4583929.564631082,1345.064476576773,1566.0,28.8,True,1647.122913910913,0.0,1601114.0,1601114.0,0.0,0.0,1599438.0,-1676.0,-0.10467711855620525,1585904.0,1585904.0,0.0,1606885.0,1606885.0,0.0,0.0,1129879.8102483703,1129634.3880544333,-245.4221939370036,-0.02172108853622713,1048.0,1040.0,1051.0,1050.0,96276.0,66.0,1-2km,1-2km
6040,31,la Vila de Gràcia,Gràcia,429040.3388423456,4583945.306079871,1527.2521349837573,1664.0,37.3,True,1818.1320372616578,0.0,1603104.0,1603104.0,0.0,0.0,1601428.0,-1676.0,-0.10454717847376091,1596686.0,1596686.0,0.0,1606885.0,1606885.0,0.0,0.0,1185478.5120897752,1185215.347836634,-263.16425314126536,-0.022198989729249195,1049.0,1043.0,1051.0,1050.0,90176.0,63.0,1-2km,1-2km
6041,31,la Vila de Gràcia,Gràcia,429102.0596821038,4583697.270771959,1370.2684168735516,1743.0,29.6,True,1617.9292859135942,0.0,1603104.0,1603104.0,0.0,0.0,1601428.0,-1676.0,-0.10454717847376091,1594987.0,1594987.0,0.0,1606885.0,1606885.0,0.0,0.0,1174330.7841667896,1174068.398792748,-262.385374041507,-0.022343395709214463,1049.0,1043.0,1051.0,1050.0,93734.0,65.0,1-2km,1-2km
6042,31,la Vila de Gràcia,Gràcia,429241.6849277858,4583501.105181655,1180.4228368605757,1681.0,34.8,True,1441.8182040967724,0.0,1601114.0,1601114.0,0.0,0.0,1599438.0,-1676.0,-0.10467711855620525,1589738.0,1589738.0,0.0,1606885.0,1606885.0,0.0,0.0,1162483.8323124489,1162222.5749054379,-261.2574070109986,-0.022474068004137076,1048.0,1042.0,1051.0,1050.0,87447.0,60.0,1-2km,1-2km
6043,31,la Vila de Gràcia,Gràcia,429373.3599241125,4583363.671982173,1026.233061625832,1285.0,30.6,True,1468.228064014741,0.0,1598950.0,1598950.0,0.0,0.0,1597274.0,-1676.0,-0.10481878732918477,1584710.0,1584710.0,0.0,1608170.0,1608170.0,0.0,0.0,1124319.4027999728,1124063.9788597599,-255.42394021293148,-0.022718094126707323,1047.0,1040.0,1052.0,1051.0,86243.0,57.0,1-2km,1-2km
6044,31,la Vila de Gràcia,Gràcia,429501.4084989023,4583181.314499029,891.2987990659593,1590.0,57.9,True,1052.0926623169405,0.0,1601114.0,1601114.0,0.0,0.0,1599438.0,-1676.0,-0.10467711855620525,1589733.0,1589733.0,0.0,1606885.0,1606885.0,0.0,0.0,1181971.48170017,1181697.7923836848,-273.68931648531,-0.02315532318018622,1048.0,1043.0,1051.0,1051.0,80670.0,53.0,1-2km,500m-1km
6045,31,la Vila de Gràcia,Gràcia,429727.3409891704,4583289.168920709,666.2629712449051,1274.0,13.8,True,791.2588539790182,0.0,1605067.0,1605067.0,0.0,0.0,1603391.0,-1676.0,-0.10441931707523736,1591674.0,1591674.0,0.0,1606885.0,1606885.0,0.0,0.0,1211622.1464282568,1211341.6875918303,-280.4588364264928,-0.02314738445919447,1050.0,1046.0,1051.0,1051.0,80812.0,54.0,500m-1km,500m-1km
6046,31,la Vila de Gràcia,Gràcia,429713.5777895248,4583517.724578391,735.0931876910828,1133.0,33.3,True,848.604511703923,0.0,1603104.0,1603104.0,0.0,0.0,1601428.0,-1676.0,-0.10454717847376091,1589975.0,1589975.0,0.0,1606885.0,1606885.0,0.0,0.0,1197730.4402418763,1197453.140605261,-277.2996366152074,-0.02315209059554402,1049.0,1045.0,1051.0,1051.0,88348.0,61.0,500m-1km,500m-1km
6047,31,la Vila de Gràcia,Gràcia,429653.09546486737,4583484.663128235,779.9008747194578,1208.0,13.3,True,931.5236617714241,0.0,1598476.0,1598476.0,0.0,0.0,1596800.0,-1676.0,-0.10484986950069941,1566976.0,1566976.0,0.0,1606885.0,1606885.0,0.0,0.0,1125282.6131349776,1125022.2041441265,-260.4089908511378,-0.023141652400160362,1046.0,1040.0,1051.0,1051.0,87949.0,60.0,500m-1km,500m-1km
6048,31,la Vila de Gràcia,Gràcia,429534.8204019441,4583453.073103348,884.2647471335226,1390.0,15.8,True,1086.3219280637754,0.0,1597665.0,1597665.0,0.0,0.0,1595989.0,-1676.0,-0.10490309295127577,1586603.0,1586603.0,0.0,1606885.0,1606885.0,0.0,0.0,1131639.2026084939,1131383.6910678195,-255.51154067437164,-0.02257888734195517,1046.0,1039.0,1051.0,1050.0,87986.0,60.0,1-2km,500m-1km
6049,31,la Vila de Gràcia,Gràcia,429378.30900173256,4583611.480633597,1081.3703841874767,1102.0,29.6,True,1305.5858088446412,0.0,1599455.0,1599455.0,0.0,0.0,1597779.0,-1676.0,-0.10478569262655092,1581873.0,1581873.0,0.0,1606885.0,1606885.0,0.0,0.0,1153304.0656325244,1153041.1957295064,-262.8699030179996,-0.02279276652630456,1047.0,1041.0,1051.0,1051.0,85773.0,59.0,1-2km,1-2km
6050,31,la Vila de Gràcia,Gràcia,429487.4322841194,4583696.448684008,1015.7620059991696,1295.0,12.6,True,1361.7065606332592,0.0,1600750.0,1600750.0,0.0,0.0,1599074.0,-1676.0,-0.10470092144307355,1587898.0,1587898.0,0.0,1608180.0,1608180.0,0.0,0.0,1160038.2477770757,1159777.4928630942,-260.75491398153827,-0.022478130741051865,1048.0,1042.0,1052.0,1051.0,95417.0,66.0,1-2km,1-2km
6051,31,la Vila de Gràcia,Gràcia,429325.0198290376,4583799.673093999,1207.5146244526425,1201.0,9.7,True,1449.33663449267,0.0,1601114.0,1601114.0,0.0,0.0,1599438.0,-1676.0,-0.10467711855620525,1583495.0,1583495.0,0.0,1606885.0,1606885.0,0.0,0.0,1147719.3510387565,1147460.0910114886,-259.26002726797014,-0.022589148386608963,1048.0,1042.0,1051.0,1050.0,94902.0,66.0,1-2km,1-2km
6052,31,la Vila de Gràcia,Gràcia,429489.8108515412,4583996.767971405,1181.5833700432274,1482.0,15.9,True,1334.1710393955718,0.0,1603104.0,1603104.0,0.0,0.0,1601428.0,-1676.0,-0.10454717847376091,1561489.0,1561489.0,0.0,1606885.0,1606885.0,0.0,0.0,1123881.8753716182,1123636.8530505595,-245.02232105867006,-0.02180143006378246,1049.0,1041.0,1051.0,1050.0,104293.0,74.0,1-2km,1-2km
6053,31,la Vila de Gràcia,Gràcia,429604.80693099287,4583926.026409953,1048.3160592271067,1497.0,39.4,True,1138.2145600071963,0.0,1605067.0,1605067.0,0.0,0.0,1603391.0,-1676.0,-0.10441931707523736,1589722.0,1589722.0,0.0,1606885.0,1606885.0,0.0,0.0,1162939.1788927037,1162670.9648242267,-268.214068477042,-0.02306346482646005,1050.0,1042.0,1051.0,1050.0,102801.0,74.0,1-2km,1-2km
6054,31,la Vila de Gràcia,Gràcia,429682.3172132839,4583801.295846527,908.6782024848256,1591.0,27.6,True,1039.2803059795747,0.0,1599455.0,1599455.0,0.0,0.0,1597779.0,-1676.0,-0.10478569262655092,1578804.0,1578804.0,0.0,1606885.0,1606885.0,0.0,0.0,1137452.3273786295,1137190.9660868242,-261.36129180528224,-0.02297777986068348,1047.0,1041.0,1051.0,1051.0,102025.0,73.0,1-2km,500m-1km
6055,31,la Vila de Gràcia,Gràcia,429762.20448295085,4583700.120952578,783.5947328983557,1388.0,39.2,True,896.5512901400459,0.0,1600135.0,1600135.0,0.0,0.0,1598459.0,-1676.0,-0.10474116246441706,1581810.0,1581810.0,0.0,1606885.0,1606885.0,0.0,0.0,1151700.5628599313,1151434.0211905935,-266.5416693377774,-0.023143313282394738,1047.0,1042.0,1051.0,1051.0,77762.0,55.0,500m-1km,500m-1km
6056,31,la Vila de Gràcia,Gràcia,429906.1959050052,4583598.872846351,607.6473223718034,1576.0,10.0,True,665.0778918720642,0.0,1598476.0,1598476.0,0.0,0.0,1596800.0,-1676.0,-0.10484986950069941,1568589.0,1568589.0,0.0,1606885.0,1606885.0,0.0,0.0,1141394.9532768023,1141130.8208033796,-264.13247342268005,-0.023141198641573515,1046.0,1041.0,1051.0,1051.0,94753.0,66.0,500m-1km,500m-1km
6057,31,la Vila de Gràcia,Gràcia,429868.1717625023,4583460.296763973,570.3675732840875,1536.0,12.6,True,687.2964084842753,0.0,1603104.0,1603104.0,0.0,0.0,1601428.0,-1676.0,-0.10454717847376091,1583463.0,1583463.0,0.0,1606885.0,1606885.0,0.0,0.0,1196097.5521216828,1195820.6959839377,-276.8561377450824,-0.023146618539096962,1049.0,1045.0,1051.0,1051.0,87906.0,61.0,500m-1km,500m-1km
6058,31,la Vila de Gràcia,Gràcia,430079.2477108983,4583584.177103023,469.86362487772936,1677.0,30.2,True,463.7817817331006,0.0,1605067.0,1605067.0,0.0,0.0,1603391.0,-1676.0,-0.10441931707523736,1588606.0,1588606.0,0.0,1606885.0,1606885.0,0.0,0.0,1187466.9458708393,1187174.9693239974,-291.9765468419064,-0.02458818309488041,1050.0,1045.0,1051.0,1051.0,98913.0,69.0,250-500m,250-500m
6059,31,la Vila de Gràcia,Gràcia,429954.1882312489,4583780.703878037,700.830449623622,1491.0,25.6,True,746.5951683229014,0.0,1598517.0,1598517.0,0.0,0.0,1596841.0,-1676.0,-0.10484718023017585,1571664.0,1571664.0,0.0,1606885.0,1606885.0,0.0,0.0,1112164.3139208849,1111914.0974551882,-250.21646569669247,-0.022498156303412186,1046.0,1038.0,1051.0,1050.0,109437.0,78.0,500m-1km,500m-1km
6060,31,la Vila de Gràcia,Gràcia,429835.3165324043,4583986.589046058,936.580295148709,1719.0,30.9,True,1048.7073340723891,0.0,1603104.0,1603104.0,0.0,0.0,1601428.0,-1676.0,-0.10454717847376091,1583260.0,1583260.0,0.0,1606885.0,1606885.0,0.0,0.0,1144566.877180004,1144313.5940616126,-253.28311839140952,-0.022129167237081956,1049.0,1042.0,1051.0,1050.0,107261.0,77.0,1-2km,500m-1km
6061,31,la Vila de Gràcia,Gràcia,429684.5693428224,4584134.13618613,1145.298788590571,1280.0,14.0,True,1227.0526140640532,0.0,1605067.0,1605067.0,0.0,0.0,1603391.0,-1676.0,-0.10441931707523736,1585476.0,1585476.0,0.0,1606885.0,1606885.0,0.0,0.0,1159598.2515929034,1159343.5220828736,-254.72951002977788,-0.02196704847388861,1050.0,1043.0,1051.0,1050.0,106252.0,76.0,1-2km,1-2km
6062,31,la Vila de Gràcia,Gràcia,429798.89591536415,4584251.214625009,1178.1161267918412,1258.0,34.5,True,1356.7522612979835,0.0,1605067.0,1605067.0,0.0,0.0,1603391.0,-1676.0,-0.10441931707523736,1591938.0,1591938.0,0.0,1606885.0,1606885.0,0.0,0.0,1176625.2173823027,1176349.6754352262,-275.5419470765628,-0.023417987563582463,1050.0,1042.0,1051.0,1051.0,105515.0,76.0,1-2km,1-2km
6063,31,la Vila de Gràcia,Gràcia,429938.20197865536,4584132.637665234,1007.4134038100774,1482.0,30.3,True,1242.6324524249471,0.0,1603104.0,1603104.0,0.0,0.0,1601428.0,-1676.0,-0.10454717847376091,1577973.0,1577973.0,0.0,1606885.0,1606885.0,0.0,0.0,1139806.7011979287,1139533.1328555539,-273.56834237487055,-0.024001292682991966,1049.0,1041.0,1051.0,1051.0,123708.0,88.0,1-2km,1-2km
6064,32,el Camp d'en Grassot i Gràcia Nova,Gràcia,430076.1642271211,4583851.721603273,694.4701074268605,1906.0,28.7,True,868.4409380682335,0.0,1605067.0,1605067.0,0.0,0.0,1603391.0,-1676.0,-0.10441931707523736,1595683.0,1595683.0,0.0,1606885.0,1606885.0,0.0,0.0,1221596.0758236411,1221295.3792825493,-300.69654109189287,-0.02461505460298349,1050.0,1046.0,1051.0,1051.0,118143.0,84.0,500m-1km,500m-1km
6065,32,el Camp d'en Grassot i Gràcia Nova,Gràcia,430127.7981841417,4583988.608508068,800.3717816735481,1127.0,51.5,True,976.8147889329539,0.0,1605067.0,1605067.0,0.0,0.0,1603391.0,-1676.0,-0.10441931707523736,1595068.0,1595068.0,0.0,1606885.0,1606885.0,0.0,0.0,1203516.123086337,1203224.4044950695,-291.71859126747586,-0.024238860258837494,1050.0,1045.0,1051.0,1051.0,119875.0,85.0,500m-1km,500m-1km
6066,32,el Camp d'en Grassot i Gràcia Nova,Gràcia,430228.161856828,4584078.115236078,860.8709946353615,979.0,61.0,True,1234.0629123165554,0.0,1605067.0,1605067.0,0.0,0.0,1603391.0,-1676.0,-0.10441931707523736,1598652.0,1598652.0,0.0,1606885.0,1606885.0,0.0,0.0,1225700.9431214472,1225436.953382693,-263.9897387542296,-0.02153785882565585,1050.0,1044.0,1051.0,1051.0,128645.0,90.0,1-2km,500m-1km
6067,32,el Camp d'en Grassot i Gràcia Nova,Gràcia,430274.9278280053,4583935.484083944,712.2147652616057,1748.0,37.3,True,1009.7410070111246,0.0,1605067.0,1605067.0,0.0,0.0,1603391.0,-1676.0,-0.10441931707523736,1598517.0,1598517.0,0.0,1606885.0,1606885.0,0.0,0.0,1230860.8137427694,1230563.768169336,-297.0455734333955,-0.0241331570651069,1050.0,1046.0,1051.0,1051.0,125847.0,87.0,1-2km,500m-1km
6068,32,el Camp d'en Grassot i Gràcia Nova,Gràcia,430274.1892334748,4583748.299247177,528.5895963524952,1572.0,17.0,True,731.2445165223393,0.0,1605067.0,1605067.0,0.0,0.0,1603391.0,-1676.0,-0.10441931707523736,1597673.0,1597673.0,0.0,1606885.0,1606885.0,0.0,0.0,1222535.3441598257,1222241.5343323369,-293.8098274888471,-0.024032828898764045,1050.0,1045.0,1051.0,1051.0,111236.0,76.0,500m-1km,500m-1km
6069,32,el Camp d'en Grassot i Gràcia Nova,Gràcia,430407.2779984533,4583693.514978762,460.96757276054,1043.0,40.4,True,592.8084883538155,0.0,1605067.0,1605067.0,0.0,0.0,1603391.0,-1676.0,-0.10441931707523736,1597052.0,1597052.0,0.0,1606885.0,1606885.0,0.0,0.0,1229906.201185142,1229603.836251443,-302.36493369890377,-0.024584389720739994,1050.0,1046.0,1051.0,1051.0,114484.0,77.0,500m-1km,250-500m
6070,32,el Camp d'en Grassot i Gràcia Nova,Gràcia,430463.06285282463,4583841.062747977,612.4640019750422,1867.0,2.1,True,843.2663678073199,0.0,1605067.0,1605067.0,0.0,0.0,1603391.0,-1676.0,-0.10441931707523736,1599042.0,1599042.0,0.0,1606885.0,1606885.0,0.0,0.0,1238709.9651880448,1238409.0241207755,-300.94106726930477,-0.02429471593244346,1050.0,1046.0,1051.0,1051.0,122826.0,83.0,500m-1km,500m-1km
6071,32,el Camp d'en Grassot i Gràcia Nova,Gràcia,430511.08383808495,4583982.49101664,759.1861942497353,1064.0,65.8,True,1107.7330512868393,0.0,1605067.0,1605067.0,0.0,0.0,1603391.0,-1676.0,-0.10441931707523736,1598652.0,1598652.0,0.0,1606885.0,1606885.0,0.0,0.0,1229588.8332940922,1229361.6521731224,-227.18112096982077,-0.01847618608906834,1050.0,1044.0,1051.0,1051.0,127511.0,85.0,1-2km,500m-1km
6072,32,el Camp d'en Grassot i Gràcia Nova,Gràcia,430651.7045624893,4583933.334095296,747.3709518630222,1622.0,1.2,True,976.7852524917178,0.0,1605067.0,1605067.0,0.0,0.0,1603391.0,-1676.0,-0.10441931707523736,1597673.0,1597673.0,0.0,1606885.0,1606885.0,0.0,0.0,1230905.0095630444,1230660.9973722303,-244.01219081413,-0.019823803536290038,1050.0,1046.0,1051.0,1051.0,122249.0,81.0,500m-1km,500m-1km
6073,32,el Camp d'en Grassot i Gràcia Nova,Gràcia,430606.2959631564,4584075.765229512,869.9443441219224,1327.0,64.2,True,1240.0061980230714,0.0,1605067.0,1605067.0,0.0,0.0,1603391.0,-1676.0,-0.10441931707523736,1598652.0,1598652.0,0.0,1606885.0,1606885.0,0.0,0.0,1237529.5293464577,1237300.5380541724,-228.99129228526726,-0.01850390530933012,1050.0,1045.0,1051.0,1051.0,127698.0,85.0,1-2km,500m-1km
6074,32,el Camp d'en Grassot i Gràcia Nova,Gràcia,430513.8372953436,4584170.739172442,945.8934165821536,1105.0,66.6,True,1378.2788051689056,0.0,1605067.0,1605067.0,0.0,0.0,1603391.0,-1676.0,-0.10441931707523736,1595683.0,1595683.0,0.0,1606885.0,1606885.0,0.0,0.0,1223918.9576021181,1223637.2652482614,-281.69235385674983,-0.023015605086192704,1050.0,1045.0,1051.0,1051.0,130782.0,88.0,1-2km,500m-1km
6075,32,el Camp d'en Grassot i Gràcia Nova,Gràcia,430428.1707439959,4584256.905977553,1024.745206539115,1053.0,54.0,True,1491.1663429538537,0.0,1605067.0,1605067.0,0.0,0.0,1603391.0,-1676.0,-0.10441931707523736,1601486.0,1601486.0,0.0,1606885.0,1606885.0,0.0,0.0,1230904.3871279103,1230679.5073917627,-224.87973614758812,-0.01826947230826789,1050.0,1044.0,1051.0,1051.0,127018.0,87.0,1-2km,1-2km
6076,32,el Camp d'en Grassot i Gràcia Nova,Gràcia,430375.4778804342,4584120.587502585,887.8997462517696,1316.0,1.6,True,1235.1305656131997,0.0,1603449.0,1603449.0,0.0,0.0,1601773.0,-1676.0,-0.1045246839780997,1597673.0,1597673.0,0.0,1606885.0,1606885.0,0.0,0.0,1206376.2326819352,1206153.3516896954,-222.8809922398068,-0.018475247290334347,1049.0,1043.0,1051.0,1051.0,124487.0,85.0,1-2km,500m-1km
6077,32,el Camp d'en Grassot i Gràcia Nova,Gràcia,430275.2478552359,4584252.977874525,1026.7210908301392,1170.0,32.7,True,1389.791349921424,0.0,1605067.0,1605067.0,0.0,0.0,1603391.0,-1676.0,-0.10441931707523736,1595457.0,1595457.0,0.0,1606885.0,1606885.0,0.0,0.0,1189277.0055723446,1189032.1383875266,-244.86718481802382,-0.02058958372781961,1050.0,1043.0,1051.0,1051.0,119737.0,83.0,1-2km,1-2km
6078,32,el Camp d'en Grassot i Gràcia Nova,Gràcia,430272.19445928,4584394.643618247,1167.897124785517,1276.0,18.5,True,1595.1546928239118,0.0,1605067.0,1605067.0,0.0,0.0,1603391.0,-1676.0,-0.10441931707523736,1595683.0,1595683.0,0.0,1606885.0,1606885.0,0.0,0.0,1188567.088138815,1188351.4623817727,-215.62575704231858,-0.018141656385586815,1050.0,1042.0,1051.0,1051.0,119878.0,84.0,1-2km,1-2km
6079,32,el Camp d'en Grassot i Gràcia Nova,Gràcia,430184.6832700173,4584510.574489832,1294.3316115470632,1111.0,22.2,True,1715.7193379577861,0.0,1605067.0,1605067.0,0.0,0.0,1603391.0,-1676.0,-0.10441931707523736,1601486.0,1601486.0,0.0,1606885.0,1606885.0,0.0,0.0,1209819.520589287,1209601.8711470973,-217.6494421896059,-0.01799024056774946,1050.0,1043.0,1051.0,1051.0,114579.0,82.0,1-2km,1-2km
6080,32,el Camp d'en Grassot i Gràcia Nova,Gràcia,430157.0729927868,4584327.918405456,1119.8429437700806,1148.0,44.7,True,1540.010154444595,0.0,1605067.0,1605067.0,0.0,0.0,1603391.0,-1676.0,-0.10441931707523736,1597673.0,1597673.0,0.0,1606885.0,1606885.0,0.0,0.0,1198381.4613185541,1198165.9542695154,-215.5070490387734,-0.017983176141731658,1050.0,1042.0,1051.0,1051.0,117303.0,83.0,1-2km,1-2km
6081,32,el Camp d'en Grassot i Gràcia Nova,Gràcia,430099.37709127006,4584176.60148565,987.8666731165836,1299.0,8.9,True,1299.44962928858,0.0,1605067.0,1605067.0,0.0,0.0,1603391.0,-1676.0,-0.10441931707523736,1598517.0,1598517.0,0.0,1606885.0,1606885.0,0.0,0.0,1203645.6886713807,1203359.7040780901,-285.9845932906028,-0.023759865214677996,1050.0,1044.0,1051.0,1051.0,124564.0,88.0,1-2km,500m-1km
6082,32,el Camp d'en Grassot i Gràcia Nova,Gràcia,429969.7965292465,4584302.281435963,1149.4902372512747,2859.0,41.3,True,1498.4637931122666,0.0,1605067.0,1605067.0,0.0,0.0,1603391.0,-1676.0,-0.10441931707523736,1594688.0,1594688.0,0.0,1606885.0,1606885.0,0.0,0.0,1185065.4116687223,1184793.2074623436,-272.2042063786648,-0.02296955119088041,1050.0,1042.0,1051.0,1050.0,117205.0,85.0,1-2km,1-2km
6083,32,el Camp d'en Grassot i Gràcia Nova,Gràcia,430037.9439387072,4584414.785701273,1233.6238913364873,1652.0,54.8,True,1533.4007347749846,0.0,1605067.0,1605067.0,0.0,0.0,1603391.0,-1676.0,-0.10441931707523736,1594688.0,1594688.0,0.0,1606885.0,1606885.0,0.0,0.0,1200141.3026371188,1199860.0891406126,-281.21349650621414,-0.0234316989081446,1050.0,1044.0,1051.0,1051.0,115386.0,83.0,1-2km,1-2km
6084,32,el Camp d'en Grassot i Gràcia Nova,Gràcia,429881.0206469176,4584528.634896721,1392.6299520429316,1460.0,18.3,True,1694.826464237872,0.0,1605067.0,1605067.0,0.0,0.0,1603391.0,-1676.0,-0.10441931707523736,1594688.0,1594688.0,0.0,1606885.0,1606885.0,0.0,0.0,1193569.4361678117,1193292.7257373657,-276.71043044608086,-0.023183438018864983,1050.0,1043.0,1051.0,1051.0,104041.0,76.0,1-2km,1-2km
6085,32,el Camp d'en Grassot i Gràcia Nova,Gràcia,429828.83060614223,4584629.468754619,1505.6182779448034,1275.0,18.9,True,1837.1060273124763,0.0,1605067.0,1605067.0,0.0,0.0,1603391.0,-1676.0,-0.10441931707523736,1593082.0,1593082.0,0.0,1606885.0,1606885.0,0.0,0.0,1176785.6128644894,1176512.811582416,-272.8012820733711,-0.023181901536791224,1050.0,1042.0,1051.0,1050.0,96626.0,71.0,1-2km,1-2km
6086,32,el Camp d'en Grassot i Gràcia Nova,Gràcia,429767.9860945285,4584709.364310519,1602.6786811777142,967.0,38.5,True,1963.1829762824664,0.0,1605067.0,1605067.0,0.0,0.0,1603391.0,-1676.0,-0.10441931707523736,1593082.0,1593082.0,0.0,1606885.0,1606885.0,0.0,0.0,1183435.681107855,1183165.610245251,-270.0708626038395,-0.022820915991903914,1050.0,1042.0,1051.0,1050.0,89457.0,66.0,1-2km,1-2km
6087,32,el Camp d'en Grassot i Gràcia Nova,Gràcia,429981.4385101717,4584746.825653398,1568.473742698952,1836.0,67.5,True,1949.8822943796683,0.0,1605067.0,1605067.0,0.0,0.0,1603391.0,-1676.0,-0.10441931707523736,1601486.0,1601486.0,0.0,1606885.0,1606885.0,0.0,0.0,1207954.277454909,1207740.1295719352,-214.14788297377527,-0.017728144762645545,1050.0,1042.0,1051.0,1051.0,85070.0,63.0,1-2km,1-2km
6088,32,el Camp d'en Grassot i Gràcia Nova,Gràcia,430044.22151389066,4584552.738572818,1364.7607937931675,1251.0,21.3,True,1690.5179011211885,0.0,1605067.0,1605067.0,0.0,0.0,1603391.0,-1676.0,-0.10441931707523736,1591108.0,1591108.0,0.0,1606885.0,1606885.0,0.0,0.0,1178582.9501038627,1178311.8646544125,-271.08544945018366,-0.023000964796435774,1050.0,1042.0,1051.0,1050.0,107284.0,78.0,1-2km,1-2km
7001,33,el Baix Guinardó,Horta-Guinardó,430233.65889103565,4584679.279509927,1455.0081702356888,1551.0,70.7,True,1826.3825185265694,0.0,1605067.0,1605067.0,0.0,0.0,1603391.0,-1676.0,-0.10441931707523736,1603449.0,1603449.0,0.0,1606885.0,1606885.0,0.0,0.0,1223422.8897967944,1223207.5354239717,-215.35437282267958,-0.017602611052867343,1050.0,1042.0,1051.0,1051.0,99452.0,71.0,1-2km,1-2km
7002,33,el Baix Guinardó,Horta-Guinardó,430394.7349707142,4584499.996719872,1267.174328887256,1123.0,77.6,True,1849.1961059457958,0.0,1605067.0,1605067.0,0.0,0.0,1603391.0,-1676.0,-0.10441931707523736,1603449.0,1603449.0,0.0,1606885.0,1606885.0,0.0,0.0,1207359.9600897601,1207146.2075783084,-213.75251145171933,-0.017704124579038392,1050.0,1042.0,1051.0,1051.0,107606.0,76.0,1-2km,1-2km
7003,33,el Baix Guinardó,Horta-Guinardó,430534.98222544446,4584352.356880267,1128.7226629229829,1307.0,53.8,True,1648.4782996149597,0.0,1605067.0,1605067.0,0.0,0.0,1603391.0,-1676.0,-0.10441931707523736,1603449.0,1603449.0,0.0,1606885.0,1606885.0,0.0,0.0,1229114.3978491116,1228893.0360863872,-221.36176272435114,-0.01800985840794991,1050.0,1044.0,1051.0,1051.0,122895.0,84.0,1-2km,1-2km
7004,33,el Baix Guinardó,Horta-Guinardó,430685.1152637692,4584487.160668586,1288.3043846273792,1535.0,2.8,True,1755.5214229758083,0.0,1605067.0,1605067.0,0.0,0.0,1603391.0,-1676.0,-0.10441931707523736,1598652.0,1598652.0,0.0,1606885.0,1606885.0,0.0,0.0,1233901.4343083138,1233677.185425936,-224.24888237775303,-0.018173970476293343,1050.0,1044.0,1051.0,1051.0,120670.0,82.0,1-2km,1-2km
7005,33,el Baix Guinardó,Horta-Guinardó,430633.8980417602,4584641.11711246,1429.0465834066154,1461.0,30.1,True,1937.7294519314296,0.0,1605067.0,1605067.0,0.0,0.0,1603391.0,-1676.0,-0.10441931707523736,1597901.0,1597901.0,0.0,1606885.0,1606885.0,0.0,0.0,1208139.6996839067,1207925.174290559,-214.52539334772155,-0.017756671136942955,1050.0,1042.0,1051.0,1051.0,112745.0,78.0,1-2km,1-2km
7006,33,el Baix Guinardó,Horta-Guinardó,430504.7974119253,4584589.698020593,1361.6161836030162,955.0,64.5,True,1819.3131459470592,0.0,1605067.0,1605067.0,0.0,0.0,1603391.0,-1676.0,-0.10441931707523736,1603449.0,1603449.0,0.0,1606885.0,1606885.0,0.0,0.0,1203830.8070233676,1203617.6923142453,-213.11470912233926,-0.017703044969358595,1050.0,1042.0,1051.0,1050.0,114804.0,80.0,1-2km,1-2km
7007,33,el Baix Guinardó,Horta-Guinardó,430352.95990571246,4584765.003680092,1532.6539669835236,1368.0,21.5,True,2026.7176884482328,0.0,1605067.0,1605067.0,0.0,0.0,1603391.0,-1676.0,-0.10441931707523736,1599620.0,1599620.0,0.0,1606885.0,1606885.0,0.0,0.0,1208253.4503941867,1208041.9203648916,-211.53002929501235,-0.01750709085299957,1050.0,1042.0,1051.0,1050.0,101312.0,73.0,2-3.5km,1-2km
7008,33,el Baix Guinardó,Horta-Guinardó,430497.4067214592,4584791.623148505,1562.408634439936,1394.0,27.4,True,2199.499771864083,0.0,1605067.0,1605067.0,0.0,0.0,1603391.0,-1676.0,-0.10441931707523736,1596288.0,1596288.0,0.0,1606885.0,1606885.0,0.0,0.0,1197315.4088411287,1197106.3446634144,-209.06417771428823,-0.01746107802259387,1050.0,1042.0,1051.0,1050.0,108264.0,77.0,2-3.5km,1-2km
7009,33,el Baix Guinardó,Horta-Guinardó,430649.0269756699,4584810.178352639,1598.2810064901505,1232.0,47.2,True,2162.934271758913,0.0,1605067.0,1605067.0,0.0,0.0,1603391.0,-1676.0,-0.10441931707523736,1603449.0,1603449.0,0.0,1606885.0,1606885.0,0.0,0.0,1231123.7169329955,1230906.1915104243,-217.52542257122695,-0.01766885160113164,1050.0,1043.0,1051.0,1051.0,111783.0,79.0,2-3.5km,1-2km
7010,33,el Baix Guinardó,Horta-Guinardó,430775.803801567,4584678.187870718,1495.6516683479645,1309.0,51.3,True,1960.3399964336397,0.0,1605067.0,1605067.0,0.0,0.0,1603391.0,-1676.0,-0.10441931707523736,1600615.0,1600615.0,0.0,1606885.0,1606885.0,0.0,0.0,1224691.534378987,1224472.8415824745,-218.6927965125069,-0.01785696972449483,1050.0,1043.0,1051.0,1051.0,113901.0,78.0,1-2km,1-2km
7011,33,el Baix Guinardó,Horta-Guinardó,430892.7170567918,4584743.688908231,1556.80645198799,1138.0,24.7,True,2088.3418483706646,0.0,1605067.0,1605067.0,0.0,0.0,1603391.0,-1676.0,-0.10441931707523736,1598251.0,1598251.0,0.0,1606885.0,1606885.0,0.0,0.0,1210049.5314973341,1209836.8048121063,-212.72668522782624,-0.01757999814805886,1050.0,1042.0,1051.0,1050.0,113621.0,79.0,2-3.5km,1-2km
7012,33,el Baix Guinardó,Horta-Guinardó,430765.4827993392,4584874.66819999,1683.9584838030603,1535.0,55.9,True,2294.164103166381,0.0,1605067.0,1605067.0,0.0,0.0,1603391.0,-1676.0,-0.10441931707523736,1603449.0,1603449.0,0.0,1606885.0,1606885.0,0.0,0.0,1218395.3695434628,1218180.6953939432,-214.67414951953106,-0.017619416068527103,1050.0,1042.0,1051.0,1051.0,104004.0,71.0,2-3.5km,1-2km
7013,33,el Baix Guinardó,Horta-Guinardó,430608.28428645927,4584923.206446349,1704.2592987987616,1198.0,24.4,True,2376.269937962711,0.0,1605067.0,1605067.0,0.0,0.0,1603391.0,-1676.0,-0.10441931707523736,1602080.0,1602080.0,0.0,1606885.0,1606885.0,0.0,0.0,1205253.0823484352,1205040.7233774113,-212.3589710239321,-0.017619450564702207,1050.0,1042.0,1051.0,1050.0,107600.0,75.0,2-3.5km,1-2km
7014,33,el Baix Guinardó,Horta-Guinardó,430618.2267221015,4585025.759067016,1807.2458670038827,868.0,36.1,True,2593.4131145602214,0.0,1603449.0,1603449.0,0.0,0.0,1601773.0,-1676.0,-0.1045246839780997,1565109.0,1565109.0,0.0,1606885.0,1606885.0,0.0,0.0,1130603.1571404517,1130408.7227833595,-194.43435709225014,-0.017197400862033512,1049.0,1040.0,1051.0,1050.0,105272.0,73.0,2-3.5km,1-2km
7015,33,el Baix Guinardó,Horta-Guinardó,430524.0454736926,4585143.720306308,1915.5039718736791,1382.0,50.2,True,2569.88888290442,0.0,1605067.0,1605067.0,0.0,0.0,1603391.0,-1676.0,-0.10441931707523736,1599620.0,1599620.0,0.0,1606885.0,1606885.0,0.0,0.0,1214497.474855781,1214287.5502116983,-209.92464408278465,-0.01728489753407785,1050.0,1042.0,1051.0,1050.0,91538.0,64.0,2-3.5km,1-2km
7016,33,el Baix Guinardó,Horta-Guinardó,430339.0846751793,4584998.182100394,1766.124427485069,1367.0,11.8,True,2290.9857720476584,0.0,1605067.0,1605067.0,0.0,0.0,1603391.0,-1676.0,-0.10441931707523736,1603449.0,1603449.0,0.0,1606885.0,1606885.0,0.0,0.0,1226761.0263410457,1226545.6034959122,-215.42284513358027,-0.017560294181834534,1050.0,1042.0,1051.0,1051.0,91488.0,65.0,2-3.5km,1-2km
7017,33,el Baix Guinardó,Horta-Guinardó,430099.44724087504,4584901.6930436855,1694.1790990906554,1706.0,54.9,True,2024.5241666586799,0.0,1605067.0,1605067.0,0.0,0.0,1603391.0,-1676.0,-0.10441931707523736,1593098.0,1593098.0,0.0,1606885.0,1606885.0,0.0,0.0,1180832.8345338625,1180629.02668348,-203.8078503825236,-0.017259669990712732,1050.0,1042.0,1051.0,1050.0,92198.0,68.0,2-3.5km,1-2km
7018,33,el Baix Guinardó,Horta-Guinardó,430105.2033770015,4584770.156875797,1563.7091679129892,1664.0,45.6,True,1919.9701355964992,0.0,1605067.0,1605067.0,0.0,0.0,1603391.0,-1676.0,-0.10441931707523736,1601486.0,1601486.0,0.0,1606885.0,1606885.0,0.0,0.0,1210485.5416870776,1210270.912842898,-214.6288441796787,-0.017730806092945667,1050.0,1042.0,1051.0,1051.0,97196.0,72.0,1-2km,1-2km
7019,33,el Baix Guinardó,Horta-Guinardó,430041.1722126688,4585025.900518995,1826.9218206774428,1498.0,44.6,True,2174.587854888641,0.0,1605067.0,1605067.0,0.0,0.0,1603391.0,-1676.0,-0.10441931707523736,1599270.0,1599270.0,0.0,1606885.0,1606885.0,0.0,0.0,1185052.8515760805,1184845.9622468485,-206.88932923204266,-0.0174582364792327,1050.0,1042.0,1051.0,1050.0,75503.0,56.0,2-3.5km,1-2km
7020,34,Can Baró,Horta-Guinardó,430084.6407749546,4585140.553609856,1932.2031566347405,1695.0,36.2,True,2333.3760565076223,0.0,1605067.0,1605067.0,0.0,0.0,1603391.0,-1676.0,-0.10441931707523736,1600888.0,1600888.0,0.0,1606885.0,1606885.0,0.0,0.0,1190684.493841423,1190476.6224953597,-207.87134606321342,-0.017458138334578665,1050.0,1042.0,1051.0,1050.0,57622.0,42.0,2-3.5km,1-2km
7021,34,Can Baró,Horta-Guinardó,429618.2194229871,4585277.186947205,2185.619463453085,1066.0,2.2,True,2668.9751562546307,0.0,1605067.0,1605067.0,0.0,0.0,1603391.0,-1676.0,-0.10441931707523736,1591108.0,1591108.0,0.0,1606885.0,1606885.0,0.0,0.0,1158037.9028196223,1157836.1285656327,-201.77425398956984,-0.017423803961708367,1050.0,1042.0,1051.0,1050.0,52000.0,37.0,2-3.5km,2-3.5km
7022,34,Can Baró,Horta-Guinardó,429827.0374973822,4585202.054503162,2048.4518328356294,1166.0,16.4,True,2483.0564249014556,0.0,1605067.0,1605067.0,0.0,0.0,1603391.0,-1676.0,-0.10441931707523736,1576519.0,1576519.0,0.0,1606885.0,1606885.0,0.0,0.0,1167728.3422676895,1167524.5370914629,-203.80517622665502,-0.017453132620800497,1050.0,1042.0,1051.0,1050.0,69956.0,50.0,2-3.5km,2-3.5km
7023,34,Can Baró,Horta-Guinardó,429823.4896845541,4585388.795947691,2229.46535080382,1303.0,5.9,True,2750.342689447998,0.0,1605067.0,1605067.0,0.0,0.0,1603391.0,-1676.0,-0.10441931707523736,1546012.0,1546012.0,0.0,1606885.0,1606885.0,0.0,0.0,1128278.2594127278,1128081.3595946983,-196.8998180294875,-0.017451352659402872,1050.0,1042.0,1051.0,1050.0,50253.0,36.0,2-3.5km,2-3.5km
7024,34,Can Baró,Horta-Guinardó,429927.10622633377,4585279.572105219,2098.705230153505,1478.0,39.7,True,2610.072246493714,0.0,1605067.0,1605067.0,0.0,0.0,1603391.0,-1676.0,-0.10441931707523736,1571784.0,1571784.0,0.0,1606885.0,1606885.0,0.0,0.0,1152974.8031082118,1152773.5702095958,-201.23289861599915,-0.01745336481538986,1050.0,1042.0,1051.0,1050.0,70604.0,50.0,2-3.5km,2-3.5km
7025,34,Can Baró,Horta-Guinardó,430111.7098944337,4585275.166287819,2061.376513187157,1444.0,21.8,True,2610.0180676855175,0.0,1605067.0,1605067.0,0.0,0.0,1603391.0,-1676.0,-0.10441931707523736,1583325.0,1583325.0,0.0,1606885.0,1606885.0,0.0,0.0,1145654.3731592584,1145457.9343774044,-196.43878185399808,-0.017146426222098568,1050.0,1042.0,1051.0,1050.0,53949.0,39.0,2-3.5km,2-3.5km
7026,34,Can Baró,Horta-Guinardó,430169.2444467589,4585487.156906172,2265.23158027704,1119.0,79.2,True,2835.5633213564684,0.0,1603550.0,1603550.0,0.0,0.0,1601874.0,-1676.0,-0.10451810046459419,1568453.0,1568453.0,0.0,1606885.0,1606885.0,0.0,0.0,1101919.3666985994,1101732.3212412614,-187.04545733798295,-0.016974514015338497,1049.0,1039.0,1051.0,1050.0,33958.0,24.0,2-3.5km,2-3.5km
7027,35,el Guinardó,Horta-Guinardó,430519.0079033678,4585342.052853449,2113.093217745658,2116.0,11.1,True,3253.4512146865195,0.0,1603449.0,1603449.0,0.0,0.0,1601773.0,-1676.0,-0.1045246839780997,1585315.0,1585315.0,0.0,1606885.0,1606885.0,0.0,0.0,1157285.3806890475,1157086.2036272592,-199.1770617882721,-0.01721071268261266,1049.0,1041.0,1051.0,1050.0,31529.0,22.0,2-3.5km,2-3.5km
7028,35,el Guinardó,Horta-Guinardó,430486.62377582776,4585709.313625083,2478.3234286915763,1475.0,127.7,True,3045.1270662898924,0.0,1605067.0,1605067.0,0.0,0.0,1603391.0,-1676.0,-0.10441931707523736,1583413.0,1583413.0,0.0,1606885.0,1606885.0,0.0,0.0,1146863.8505890146,1146666.9659072862,-196.88468172843568,-0.01716722360961314,1050.0,1042.0,1051.0,1050.0,37941.0,26.0,2-3.5km,2-3.5km
7029,35,el Guinardó,Horta-Guinardó,430749.8493349903,4585695.849919801,2488.99525544374,1313.0,38.3,True,3230.7384463089265,0.0,1605067.0,1605067.0,0.0,0.0,1603391.0,-1676.0,-0.10441931707523736,1593206.0,1593206.0,0.0,1606885.0,1606885.0,0.0,0.0,1183881.2945321791,1183679.923196423,-201.37133575603366,-0.017009419498904006,1050.0,1042.0,1051.0,1050.0,53384.0,37.0,2-3.5km,2-3.5km
7030,35,el Guinardó,Horta-Guinardó,430826.8170246596,4585853.405168649,2656.534488656203,1365.0,1.4,True,3478.2392636903023,0.0,1602080.0,1602080.0,0.0,0.0,1600404.0,-1676.0,-0.10461400179766304,1525756.0,1525756.0,0.0,1606885.0,1606885.0,0.0,0.0,1129819.0204142567,1129630.2511813717,-188.76923288498074,-0.01670791777038477,1048.0,1038.0,1051.0,1050.0,55390.0,38.0,2-3.5km,2-3.5km
7031,35,el Guinardó,Horta-Guinardó,430983.1883559263,4585769.2814504085,2578.1690086273265,1558.0,33.6,True,3412.429026583354,0.0,1603449.0,1603449.0,0.0,0.0,1601773.0,-1676.0,-0.1045246839780997,1588257.0,1588257.0,0.0,1606885.0,1606885.0,0.0,0.0,1189898.804099983,1189700.0759386697,-198.7281613133382,-0.016701265740295658,1049.0,1041.0,1051.0,1050.0,84024.0,57.0,2-3.5km,2-3.5km
7032,35,el Guinardó,Horta-Guinardó,430953.7593266436,4585622.998135743,2432.385860206999,1436.0,26.9,True,3237.276183177505,0.0,1603449.0,1603449.0,0.0,0.0,1601773.0,-1676.0,-0.1045246839780997,1590752.0,1590752.0,0.0,1606885.0,1606885.0,0.0,0.0,1191273.8761998438,1191073.7832014563,-200.09299838752486,-0.0167965572304683,1049.0,1041.0,1051.0,1050.0,87175.0,58.0,2-3.5km,2-3.5km
7033,35,el Guinardó,Horta-Guinardó,431113.5974755369,4585752.893203579,2563.7780276354947,1423.0,40.5,True,3362.6331355566476,0.0,1603449.0,1603449.0,0.0,0.0,1601773.0,-1676.0,-0.1045246839780997,1585370.0,1585370.0,0.0,1606885.0,1606885.0,0.0,0.0,1176340.173214201,1176145.991085938,-194.18212826293893,-0.016507310783441222,1049.0,1040.0,1051.0,1050.0,88839.0,60.0,2-3.5km,2-3.5km
7034,35,el Guinardó,Horta-Guinardó,431291.3693923872,4585546.117049727,2371.7236500093704,1799.0,23.7,True,3118.635028654442,0.0,1603449.0,1603449.0,0.0,0.0,1601773.0,-1676.0,-0.1045246839780997,1593206.0,1593206.0,0.0,1606885.0,1606885.0,0.0,0.0,1191400.0535513111,1191199.1744569726,-200.87909433851019,-0.016860759216833353,1049.0,1041.0,1051.0,1050.0,103405.0,69.0,2-3.5km,2-3.5km
7035,35,el Guinardó,Horta-Guinardó,431435.7975638415,4585367.533275946,2217.714675121415,1734.0,41.1,True,2800.2460310187985,0.0,1603449.0,1603449.0,0.0,0.0,1601773.0,-1676.0,-0.1045246839780997,1584912.0,1584912.0,0.0,1606885.0,1606885.0,0.0,0.0,1185645.760587797,1185446.0300348073,-199.7305529897567,-0.016845718985301145,1049.0,1041.0,1051.0,1050.0,115155.0,75.0,2-3.5km,2-3.5km
7036,35,el Guinardó,Horta-Guinardó,431225.2110820003,4585411.575360609,2230.818906066229,1405.0,17.7,True,2973.469496185174,0.0,1603449.0,1603449.0,0.0,0.0,1601773.0,-1676.0,-0.1045246839780997,1596786.0,1596786.0,0.0,1606885.0,1606885.0,0.0,0.0,1193103.9563860619,1192899.5881408327,-204.36824522912502,-0.017129123085649716,1049.0,1041.0,1051.0,1050.0,99315.0,66.0,2-3.5km,2-3.5km
7037,35,el Guinardó,Horta-Guinardó,431005.0878807736,4585528.878527047,2337.638818716576,1479.0,13.4,True,3152.950006393275,0.0,1603449.0,1603449.0,0.0,0.0,1601773.0,-1676.0,-0.1045246839780997,1565275.0,1565275.0,0.0,1606885.0,1606885.0,0.0,0.0,1143172.834861303,1142980.8491175133,-191.9857437897008,-0.016794113535158813,1049.0,1039.0,1051.0,1050.0,81514.0,55.0,2-3.5km,2-3.5km
7038,35,el Guinardó,Horta-Guinardó,430804.08743775904,4585285.163575488,2093.4531087550304,1270.0,94.3,True,3232.7772445419514,0.0,1603449.0,1603449.0,0.0,0.0,1601773.0,-1676.0,-0.1045246839780997,1591290.0,1591290.0,0.0,1606885.0,1606885.0,0.0,0.0,1176066.5545786978,1175868.4047340092,-198.1498446885962,-0.01684852306335498,1049.0,1041.0,1051.0,1050.0,87903.0,60.0,2-3.5km,2-3.5km
7039,35,el Guinardó,Horta-Guinardó,431037.1543461408,4585034.512114106,1843.4814366500607,1605.0,161.2,True,2634.3990254054543,0.0,1603449.0,1603449.0,0.0,0.0,1601773.0,-1676.0,-0.1045246839780997,1598399.0,1598399.0,0.0,1606885.0,1606885.0,0.0,0.0,1208801.6049118119,1208591.3145435303,-210.29036828153767,-0.017396599030564605,1049.0,1041.0,1051.0,1050.0,92272.0,63.0,2-3.5km,1-2km
7040,35,el Guinardó,Horta-Guinardó,431120.02373941935,4585286.984328137,2098.6713775145645,1487.0,3.6,True,2807.0797108871475,0.0,1603449.0,1603449.0,0.0,0.0,1601773.0,-1676.0,-0.1045246839780997,1595807.0,1595807.0,0.0,1606885.0,1606885.0,0.0,0.0,1188198.10027235,1187991.410039412,-206.6902329379227,-0.017395267076302064,1049.0,1041.0,1051.0,1050.0,100287.0,67.0,2-3.5km,2-3.5km
7041,35,el Guinardó,Horta-Guinardó,431337.504034857,4585239.6939279325,2074.5988433951684,1375.0,24.2,True,2732.3623936195504,0.0,1603449.0,1603449.0,0.0,0.0,1601773.0,-1676.0,-0.1045246839780997,1597420.0,1597420.0,0.0,1606885.0,1606885.0,0.0,0.0,1209316.1625773476,1209106.6639836787,-209.49859366891906,-0.017323723948452528,1049.0,1041.0,1051.0,1050.0,109536.0,72.0,2-3.5km,2-3.5km
7042,35,el Guinardó,Horta-Guinardó,431442.9545719687,4585672.899304561,2519.284621121424,1513.0,22.8,True,3105.574127151515,0.0,1603449.0,1603449.0,0.0,0.0,1601773.0,-1676.0,-0.1045246839780997,1585431.0,1585431.0,0.0,1606885.0,1606885.0,0.0,0.0,1188703.638310701,1188504.7668502654,-198.87146043544635,-0.01673011287473369,1049.0,1041.0,1051.0,1050.0,106912.0,70.0,2-3.5km,2-3.5km
7043,35,el Guinardó,Horta-Guinardó,431331.28411814326,4585807.702325928,2636.213649784198,1409.0,30.6,True,3403.5993572897364,0.0,1603449.0,1603449.0,0.0,0.0,1601773.0,-1676.0,-0.1045246839780997,1588257.0,1588257.0,0.0,1606885.0,1606885.0,0.0,0.0,1175135.2281087027,1174941.1655636954,-194.06254500732757,-0.01651406071109429,1049.0,1040.0,1051.0,1050.0,92022.0,62.0,2-3.5km,2-3.5km
7044,35,el Guinardó,Horta-Guinardó,431272.8883356589,4586030.883195802,2851.860436453489,1282.0,13.2,True,3536.219874590483,0.0,1603449.0,1603449.0,0.0,0.0,1601773.0,-1676.0,-0.1045246839780997,1593206.0,1593206.0,0.0,1606885.0,1606885.0,0.0,0.0,1201156.5197866675,1200957.5777859087,-198.94200075883418,-0.016562537644483455,1049.0,1041.0,1051.0,1050.0,99712.0,68.0,>3.5km,2-3.5km
7045,35,el Guinardó,Horta-Guinardó,431184.3561168652,4585920.36951504,2734.743870482776,1568.0,49.9,True,3543.2013796615665,0.0,1603449.0,1603449.0,0.0,0.0,1601773.0,-1676.0,-0.1045246839780997,1585370.0,1585370.0,0.0,1606885.0,1606885.0,0.0,0.0,1177268.227047425,1177074.124725202,-194.10232222289778,-0.016487518966659294,1049.0,1040.0,1051.0,1050.0,86495.0,59.0,>3.5km,2-3.5km
7046,35,el Guinardó,Horta-Guinardó,431122.81154989,4586055.310943991,2866.3217794117245,1394.0,28.4,True,3657.8159072733965,0.0,1603449.0,1603449.0,0.0,0.0,1601773.0,-1676.0,-0.1045246839780997,1586429.0,1586429.0,0.0,1606885.0,1606885.0,0.0,0.0,1191177.118670517,1190980.6315621892,-196.48710832791403,-0.01649520505793588,1049.0,1041.0,1051.0,1050.0,86631.0,60.0,>3.5km,2-3.5km
7047,35,el Guinardó,Horta-Guinardó,431084.88559718325,4586215.280675907,3024.98541902064,1435.0,14.5,True,3796.611895837213,0.0,1605067.0,1605067.0,0.0,0.0,1603391.0,-1676.0,-0.10441931707523736,1579033.0,1579033.0,0.0,1606885.0,1606885.0,0.0,0.0,1183761.1727408466,1183566.9271211687,-194.24561967793852,-0.016409189974375304,1050.0,1041.0,1051.0,1050.0,97854.0,68.0,>3.5km,2-3.5km
7048,35,el Guinardó,Horta-Guinardó,430979.47693817865,4586336.793244476,3145.6900341318506,1341.0,46.1,True,3965.7045569796937,0.0,1605067.0,1605067.0,0.0,0.0,1603391.0,-1676.0,-0.10441931707523736,1592749.0,1592749.0,0.0,1606885.0,1606885.0,0.0,0.0,1191017.6147272326,1190822.5327106675,-195.08201656513847,-0.016379440081565565,1050.0,1042.0,1051.0,1050.0,101109.0,70.0,>3.5km,2-3.5km
7049,35,el Guinardó,Horta-Guinardó,430912.0077446256,4586230.380246587,3040.6894125985527,1200.0,26.1,True,3813.100179527731,0.0,1603449.0,1603449.0,0.0,0.0,1601773.0,-1676.0,-0.1045246839780997,1583670.0,1583670.0,0.0,1606885.0,1606885.0,0.0,0.0,1172838.4829503342,1172645.885152808,-192.59779752627946,-0.016421510747310235,1049.0,1039.0,1051.0,1050.0,92184.0,64.0,>3.5km,2-3.5km
7050,35,el Guinardó,Horta-Guinardó,430992.1074182166,4586031.246908448,2840.054845783579,1190.0,31.0,True,3656.24980472828,0.0,1603449.0,1603449.0,0.0,0.0,1601773.0,-1676.0,-0.1045246839780997,1575590.0,1575590.0,0.0,1606885.0,1606885.0,0.0,0.0,1175009.2257529576,1174816.3509607327,-192.8747922249604,-0.016414747050293527,1049.0,1039.0,1051.0,1050.0,91316.0,63.0,>3.5km,2-3.5km
7051,35,el Guinardó,Horta-Guinardó,430848.4774402679,4586048.667639335,2852.725654497048,1822.0,32.1,True,3590.06536203429,0.0,1601932.0,1601932.0,0.0,0.0,1600256.0,-1676.0,-0.10462366692219145,1570941.0,1570941.0,0.0,1606885.0,1606885.0,0.0,0.0,1151273.4329616665,1151085.0832163286,-188.34974533785135,-0.016360122621202077,1048.0,1038.0,1051.0,1050.0,79336.0,55.0,>3.5km,2-3.5km
7052,36,la Font d'en Fargues,Horta-Guinardó,430700.6840342606,4586209.934392172,2993.1482356414954,1254.0,6.2,True,3882.9134060476877,0.0,1603449.0,1603449.0,0.0,0.0,1601773.0,-1676.0,-0.1045246839780997,1552518.0,1552518.0,0.0,1606885.0,1606885.0,0.0,0.0,1136636.1811870858,1136446.30117899,-189.88000809587538,-0.016705434090402396,1049.0,1039.0,1051.0,1050.0,62311.0,45.0,>3.5km,2-3.5km
7053,36,la Font d'en Fargues,Horta-Guinardó,430557.25059005024,4586401.877535195,3173.396692007918,1480.0,15.4,True,4145.07085729985,0.0,1601932.0,1601932.0,0.0,0.0,1600256.0,-1676.0,-0.10462366692219145,1533467.0,1533467.0,0.0,1606885.0,1606885.0,0.0,0.0,1123192.8018486456,1123007.8350039427,-184.966844702838,-0.01646795139698224,1048.0,1038.0,1051.0,1050.0,66672.0,47.0,>3.5km,2-3.5km
7054,36,la Font d'en Fargues,Horta-Guinardó,430366.0016003887,4586226.766044158,2994.044956985997,1632.0,7.9,True,4335.089086941304,0.0,1586046.0,1586046.0,0.0,0.0,1584370.0,-1676.0,-0.10567158833980855,1470903.0,1470903.0,0.0,1606885.0,1606885.0,0.0,0.0,1078518.4316990436,1078343.0889908401,-175.34270820347592,-0.016257738676496224,1039.0,1028.0,1051.0,1050.0,61916.0,44.0,>3.5km,2-3.5km
7055,36,la Font d'en Fargues,Horta-Guinardó,430137.15428779606,4586350.406357196,3127.9142315761983,1206.0,31.8,True,4583.985233896288,0.0,1587664.0,1587664.0,0.0,0.0,1585988.0,-1676.0,-0.10556389765088835,1442863.0,1442863.0,0.0,1606885.0,1606885.0,0.0,0.0,1094566.1949451845,1094389.3069237282,-176.88802145631053,-0.016160559523325038,1040.0,1029.0,1051.0,1050.0,64752.0,46.0,>3.5km,2-3.5km
7056,36,la Font d'en Fargues,Horta-Guinardó,430101.1203679969,4586027.908868454,2810.0956293933414,1181.0,25.3,True,4369.366055851152,0.0,1587664.0,1587664.0,0.0,0.0,1585988.0,-1676.0,-0.10556389765088835,1468447.0,1468447.0,0.0,1606885.0,1606885.0,0.0,0.0,1094863.5127238554,1094685.600013636,-177.91271021938883,-0.0162497615594814,1040.0,1029.0,1051.0,1050.0,46687.0,33.0,>3.5km,2-3.5km
7057,36,la Font d'en Fargues,Horta-Guinardó,429908.7106009521,4586351.676714673,3155.9522661555275,1426.0,39.4,True,4260.585518403923,0.0,1598736.0,1598736.0,0.0,0.0,1597060.0,-1676.0,-0.10483281792616167,1447567.0,1447567.0,0.0,1606885.0,1606885.0,0.0,0.0,1084146.2860583533,1083966.41946692,-179.86659143329598,-0.01659062008017752,1046.0,1035.0,1051.0,1050.0,66141.0,47.0,>3.5km,2-3.5km
7058,36,la Font d'en Fargues,Horta-Guinardó,429779.64361819153,4586074.00319626,2906.2524301531453,1348.0,45.2,True,4154.137637535133,0.0,1603550.0,1603550.0,0.0,0.0,1601874.0,-1676.0,-0.10451810046459419,1485548.0,1485548.0,0.0,1606885.0,1606885.0,0.0,0.0,1104870.3357449456,1104687.010668159,-183.3250767865684,-0.01659245169823151,1049.0,1038.0,1051.0,1050.0,52923.0,38.0,>3.5km,2-3.5km
7059,37,el Carmel,Horta-Guinardó,429822.9792468739,4585840.323545092,2668.694713325277,1300.0,16.4,True,4013.002099388308,0.0,1598736.0,1598736.0,0.0,0.0,1597060.0,-1676.0,-0.10483281792616167,1474217.0,1474217.0,0.0,1606885.0,1606885.0,0.0,0.0,1064137.9887351703,1063958.0536941122,-179.93504105811007,-0.01690899516443164,1046.0,1035.0,1051.0,1050.0,35417.0,25.0,>3.5km,2-3.5km
7060,37,el Carmel,Horta-Guinardó,429859.937883266,4585660.438324399,2485.066076148013,1872.0,34.0,True,3130.47851733449,0.0,1605067.0,1605067.0,0.0,0.0,1603391.0,-1676.0,-0.10441931707523736,1599270.0,1599270.0,0.0,1606885.0,1606885.0,0.0,0.0,1176268.307056801,1176061.8079665853,-206.4990902156569,-0.017555441133354048,1050.0,1042.0,1051.0,1050.0,25530.0,18.0,2-3.5km,2-3.5km
7061,37,el Carmel,Horta-Guinardó,429307.0075472862,4585554.199457214,2562.085078083748,1204.0,85.1,True,3961.0839436372753,0.0,1589128.0,1589128.0,0.0,0.0,1587452.0,-1676.0,-0.10546664585860925,1469594.0,1469594.0,0.0,1606885.0,1606885.0,0.0,0.0,1044443.8258846361,1044268.351233624,-175.474651012104,-0.01680077440866466,1041.0,1030.0,1051.0,1050.0,38250.0,27.0,>3.5km,2-3.5km
7062,37,el Carmel,Horta-Guinardó,429081.1327747592,4585872.447448472,2946.848578920226,1367.0,33.7,True,3880.6644474636764,0.0,1603550.0,1603550.0,0.0,0.0,1601874.0,-1676.0,-0.10451810046459419,1562768.0,1562768.0,0.0,1606885.0,1606885.0,0.0,0.0,1084850.3291838798,1084674.8903344744,-175.43884940538555,-0.01617171002172863,1049.0,1039.0,1051.0,1050.0,55153.0,38.0,>3.5km,2-3.5km
7063,37,el Carmel,Horta-Guinardó,429309.8287391934,4585939.685843236,2914.873046904481,1459.0,15.9,True,4051.3466132266326,0.0,1603550.0,1603550.0,0.0,0.0,1601874.0,-1676.0,-0.10451810046459419,1568772.0,1568772.0,0.0,1606885.0,1606885.0,0.0,0.0,1083616.0880628244,1083440.8763492466,-175.21171357785352,-0.016169168722022086,1049.0,1039.0,1051.0,1050.0,55704.0,39.0,>3.5km,2-3.5km
7064,37,el Carmel,Horta-Guinardó,429453.80484753504,4585755.189294399,2690.9203943055018,1698.0,24.1,True,3764.3879626853636,0.0,1601937.0,1601937.0,0.0,0.0,1600261.0,-1676.0,-0.1046233403685663,1525592.0,1525592.0,0.0,1606885.0,1606885.0,0.0,0.0,1079693.7714015103,1079512.3388959772,-181.43250553309917,-0.01680407077810483,1048.0,1037.0,1051.0,1050.0,50063.0,35.0,>3.5km,2-3.5km
7065,37,el Carmel,Horta-Guinardó,429469.9175279422,4585887.405555059,2809.907367855243,1708.0,21.1,True,3909.9280729420257,0.0,1601937.0,1601937.0,0.0,0.0,1600261.0,-1676.0,-0.1046233403685663,1540212.0,1540212.0,0.0,1606885.0,1606885.0,0.0,0.0,1090701.5586713732,1090519.0910460092,-182.46762536396272,-0.016729381553853628,1048.0,1037.0,1051.0,1050.0,55210.0,39.0,>3.5km,2-3.5km
7066,37,el Carmel,Horta-Guinardó,429570.2334536241,4585867.499226479,2759.6215387540988,1743.0,15.5,True,3886.8012858310576,0.0,1598736.0,1598736.0,0.0,0.0,1597060.0,-1676.0,-0.10483281792616167,1440996.0,1440996.0,0.0,1606885.0,1606885.0,0.0,0.0,1065775.5789357263,1065595.3713470465,-180.2075886798557,-0.01690858678332725,1046.0,1035.0,1051.0,1050.0,54942.0,39.0,>3.5km,2-3.5km
7067,37,el Carmel,Horta-Guinardó,429637.4037528628,4585890.850851239,2762.847162587166,1560.0,25.4,True,3933.100265386398,0.0,1603550.0,1603550.0,0.0,0.0,1601874.0,-1676.0,-0.10451810046459419,1539765.0,1539765.0,0.0,1606885.0,1606885.0,0.0,0.0,1107863.7317322837,1107676.3892582909,-187.34247399284504,-0.01691024524287943,1049.0,1039.0,1051.0,1050.0,55899.0,40.0,>3.5km,2-3.5km
7068,37,el Carmel,Horta-Guinardó,429502.9750857778,4586052.600865764,2956.365610926484,1314.0,36.0,True,4078.874711952127,0.0,1603550.0,1603550.0,0.0,0.0,1601874.0,-1676.0,-0.10451810046459419,1487518.0,1487518.0,0.0,1606885.0,1606885.0,0.0,0.0,1082039.5661925909,1081856.6193063862,-182.94688620464876,-0.016907596720181883,1049.0,1038.0,1051.0,1050.0,58144.0,42.0,>3.5km,2-3.5km
7069,37,el Carmel,Horta-Guinardó,429381.1375673997,4586049.236010925,2992.059418463555,1440.0,21.7,True,4106.026467927491,0.0,1603550.0,1603550.0,0.0,0.0,1601874.0,-1676.0,-0.10451810046459419,1545985.0,1545985.0,0.0,1606885.0,1606885.0,0.0,0.0,1087733.071056272,1087550.249668919,-182.82138735288754,-0.01680755988924323,1049.0,1039.0,1051.0,1050.0,62520.0,45.0,>3.5km,2-3.5km
7070,37,el Carmel,Horta-Guinardó,429587.6593354635,4586177.245437074,3052.0982914140795,1437.0,24.0,True,3993.5760748893094,0.0,1601334.0,1601334.0,0.0,0.0,1599658.0,-1676.0,-0.10466273744265718,1535878.0,1535878.0,0.0,1606885.0,1606885.0,0.0,0.0,1095682.8857796204,1095501.3197545044,-181.56602511601523,-0.01657103779501165,1048.0,1037.0,1051.0,1050.0,60372.0,44.0,>3.5km,2-3.5km
7071,37,el Carmel,Horta-Guinardó,429587.1466158433,4586479.096836135,3344.367801980359,1339.0,7.0,True,3992.0577129954095,0.0,1605067.0,1605067.0,0.0,0.0,1603391.0,-1676.0,-0.10441931707523736,1594077.0,1594077.0,0.0,1606885.0,1606885.0,0.0,0.0,1152806.8802492195,1152610.2918720052,-196.5883772142697,-0.01705301907738183,1050.0,1042.0,1051.0,1050.0,67849.0,50.0,>3.5km,2-3.5km
7072,37,el Carmel,Horta-Guinardó,429478.5692160114,4586612.079641756,3500.324754142422,1372.0,8.0,True,4199.930246791326,0.0,1605067.0,1605067.0,0.0,0.0,1603391.0,-1676.0,-0.10441931707523736,1586504.0,1586504.0,0.0,1606885.0,1606885.0,0.0,0.0,1145033.733102766,1144841.1890768502,-192.5440259159077,-0.016815576724902217,1050.0,1040.0,1051.0,1050.0,62535.0,46.0,>3.5km,>3.5km
7073,37,el Carmel,Horta-Guinardó,429258.40329354,4586461.011150072,3421.175101400121,1137.0,36.8,True,4331.749438089706,0.0,1603550.0,1603550.0,0.0,0.0,1601874.0,-1676.0,-0.10451810046459419,1572163.0,1572163.0,0.0,1606885.0,1606885.0,0.0,0.0,1132196.6647236757,1132008.0740844673,-188.59063920844346,-0.016657056594886803,1049.0,1039.0,1051.0,1050.0,61049.0,43.0,>3.5km,2-3.5km
7074,37,el Carmel,Horta-Guinardó,429413.61105318856,4586403.547431908,3318.008530421955,1659.0,43.9,True,4146.738805371651,0.0,1605067.0,1605067.0,0.0,0.0,1603391.0,-1676.0,-0.10441931707523736,1569867.0,1569867.0,0.0,1606885.0,1606885.0,0.0,0.0,1123060.8053224175,1122869.4649390213,-191.34038339625113,-0.01703740193669385,1050.0,1040.0,1051.0,1050.0,63628.0,45.0,>3.5km,2-3.5km
7075,37,el Carmel,Horta-Guinardó,429506.0002582982,4586329.010928204,3220.2426487102675,1194.0,3.5,True,3991.3108134260297,0.0,1597747.0,1597747.0,0.0,0.0,1596071.0,-1676.0,-0.10489770908660757,1511837.0,1511837.0,0.0,1606885.0,1606885.0,0.0,0.0,1083270.9148593452,1083091.400565125,-179.51429422013462,-0.016571505036987285,1046.0,1035.0,1051.0,1050.0,63207.0,45.0,>3.5km,2-3.5km
7076,37,el Carmel,Horta-Guinardó,429380.8276754833,4586197.64102518,3132.252878818843,1404.0,18.5,True,4128.713583094098,0.0,1603550.0,1603550.0,0.0,0.0,1601874.0,-1676.0,-0.10451810046459419,1540126.0,1540126.0,0.0,1606885.0,1606885.0,0.0,0.0,1101564.5675672013,1101380.7511133614,-183.81645383988507,-0.016686852432612514,1049.0,1039.0,1051.0,1050.0,56986.0,41.0,>3.5km,2-3.5km
7077,37,el Carmel,Horta-Guinardó,429176.1804085028,4586027.52492537,3047.4005314190176,1314.0,37.7,True,3965.2319354966626,0.0,1603550.0,1603550.0,0.0,0.0,1601874.0,-1676.0,-0.10451810046459419,1568772.0,1568772.0,0.0,1606885.0,1606885.0,0.0,0.0,1092804.2041536858,1092627.4770947737,-176.72705891216174,-0.016171886806477534,1049.0,1039.0,1051.0,1050.0,56588.0,39.0,>3.5km,2-3.5km
7078,37,el Carmel,Horta-Guinardó,429106.009060085,4586068.8476158725,3113.642884195937,1381.0,5.7,True,3961.2966225569926,0.0,1601937.0,1601937.0,0.0,0.0,1600261.0,-1676.0,-0.1046233403685663,1525508.0,1525508.0,0.0,1606885.0,1606885.0,0.0,0.0,1083204.8325289115,1083022.8163819287,-182.01614698278718,-0.01680348365487273,1048.0,1038.0,1051.0,1050.0,55288.0,38.0,>3.5km,2-3.5km
7079,37,el Carmel,Horta-Guinardó,429270.3843892163,4586232.134287705,3201.8915246498595,1437.0,39.9,True,4192.985176817836,0.0,1599721.0,1599721.0,0.0,0.0,1598045.0,-1676.0,-0.1047682689669011,1522428.0,1522428.0,0.0,1606885.0,1606885.0,0.0,0.0,1086067.8164810166,1085887.5347841287,-180.28169688791968,-0.016599488001776252,1047.0,1036.0,1051.0,1050.0,55099.0,39.0,>3.5km,2-3.5km
7080,37,el Carmel,Horta-Guinardó,429202.9786686414,4586313.150059946,3301.5602207688457,1780.0,13.5,True,4235.037382596123,0.0,1603550.0,1603550.0,0.0,0.0,1601874.0,-1676.0,-0.10451810046459419,1575134.0,1575134.0,0.0,1606885.0,1606885.0,0.0,0.0,1122103.9165853667,1121917.6057733789,-186.31081198784523,-0.016603703920292947,1049.0,1039.0,1051.0,1050.0,56274.0,40.0,>3.5km,2-3.5km
7081,38,la Teixonera,Horta-Guinardó,428963.27132555685,4586264.723726613,3351.3320130287293,1915.0,6.5,True,4446.157072976777,0.0,1588756.0,1588756.0,0.0,0.0,1587080.0,-1676.0,-0.10549134039462321,1370993.0,1370993.0,0.0,1606885.0,1606885.0,0.0,0.0,1016457.2297321395,1016293.6201394408,-163.6095926987473,-0.01609606266875216,1041.0,1029.0,1051.0,1050.0,51755.0,36.0,>3.5km,2-3.5km
7082,38,la Teixonera,Horta-Guinardó,429023.7400897111,4586106.055440743,3182.048782734719,1233.0,1.7,True,4062.761037143882,0.0,1601937.0,1601937.0,0.0,0.0,1600261.0,-1676.0,-0.1046233403685663,1522459.0,1522459.0,0.0,1606885.0,1606885.0,0.0,0.0,1088286.3346754897,1088103.4195444053,-182.91513108438812,-0.01680762913731988,1048.0,1037.0,1051.0,1050.0,51545.0,36.0,>3.5km,2-3.5km
7083,38,la Teixonera,Horta-Guinardó,428931.4854272516,4585948.957511384,3083.5338610837143,1343.0,15.9,True,3770.438632294965,0.0,1603550.0,1603550.0,0.0,0.0,1601874.0,-1676.0,-0.10451810046459419,1578710.0,1578710.0,0.0,1606885.0,1606885.0,0.0,0.0,1096500.284983957,1096302.4979187532,-197.78706520376727,-0.01803803135415155,1049.0,1040.0,1051.0,1050.0,52334.0,36.0,>3.5km,2-3.5km
7084,38,la Teixonera,Horta-Guinardó,428542.0478716351,4585897.336772735,3243.306805123053,1361.0,14.6,True,4151.083522831879,0.0,1601937.0,1601937.0,0.0,0.0,1600261.0,-1676.0,-0.1046233403685663,1326710.0,1326710.0,0.0,1606885.0,1606885.0,0.0,0.0,1044417.109228851,1044218.6425312625,-198.46669758856297,-0.019002627957244164,1048.0,1037.0,1051.0,1050.0,39183.0,27.0,>3.5km,2-3.5km
7085,38,la Teixonera,Horta-Guinardó,428823.4703709365,4586059.615174718,3232.423358600833,1275.0,8.9,True,4064.5262180478444,0.0,1597758.0,1597758.0,0.0,0.0,1596082.0,-1676.0,-0.10489698690289768,1494395.0,1494395.0,0.0,1606885.0,1606885.0,0.0,0.0,1049939.6322073683,1049763.1435309756,-176.4886763927061,-0.01680941179652972,1046.0,1035.0,1051.0,1050.0,52184.0,36.0,>3.5km,2-3.5km
7086,38,la Teixonera,Horta-Guinardó,428599.52589334775,4585954.285816211,3258.296374506105,1487.0,10.7,True,4255.207846505599,0.0,1601937.0,1601937.0,0.0,0.0,1600261.0,-1676.0,-0.1046233403685663,1499371.0,1499371.0,0.0,1606885.0,1606885.0,0.0,0.0,1062307.8093896525,1062139.6667688154,-168.1426208370831,-0.01582805090491514,1048.0,1038.0,1051.0,1050.0,45028.0,31.0,>3.5km,2-3.5km
7087,38,la Teixonera,Horta-Guinardó,428525.35795580485,4586009.278835265,3345.162919553084,1600.0,9.7,True,4292.096359470863,0.0,1603550.0,1603550.0,0.0,0.0,1601874.0,-1676.0,-0.10451810046459419,1472866.0,1472866.0,0.0,1606885.0,1606885.0,0.0,0.0,1057047.8306996648,1056846.9707595962,-200.85994006856345,-0.019001972686100054,1049.0,1039.0,1051.0,1050.0,40098.0,28.0,>3.5km,2-3.5km
7088,38,la Teixonera,Horta-Guinardó,428458.2270551458,4586126.712564125,3480.0896503519225,1704.0,28.3,True,4337.470795644277,0.0,1603550.0,1603550.0,0.0,0.0,1601874.0,-1676.0,-0.10451810046459419,1559201.0,1559201.0,0.0,1606885.0,1606885.0,0.0,0.0,1103802.0902440192,1103617.7813491265,-184.30889489268884,-0.01669763959696284,1049.0,1039.0,1051.0,1050.0,35861.0,25.0,>3.5km,2-3.5km
7089,39,Sant Genís dels Agudells,Horta-Guinardó,428134.4094511907,4586042.680135008,3603.949983613166,1373.0,66.1,True,4101.246487056158,0.0,1599721.0,1599721.0,0.0,0.0,1598045.0,-1676.0,-0.1047682689669011,1504921.0,1504921.0,0.0,1606885.0,1606885.0,0.0,0.0,1046216.0817768562,1046030.3333035468,-185.74847330944613,-0.01775431256934777,1047.0,1035.0,1051.0,1050.0,18700.0,13.0,>3.5km,>3.5km
7090,39,Sant Genís dels Agudells,Horta-Guinardó,427170.0224360372,4586350.634704715,4482.947752203264,1465.0,52.6,True,5457.614774938071,0.0,1597984.0,1597984.0,0.0,0.0,1596308.0,-1676.0,-0.10488215151090374,1507500.0,1507500.0,0.0,1606885.0,1606885.0,0.0,0.0,1012562.4627957607,1012355.2148938533,-207.2479019074235,-0.020467665899365512,1046.0,1034.0,1051.0,1050.0,1465.0,1.0,>3.5km,>3.5km
7091,39,Sant Genís dels Agudells,Horta-Guinardó,427795.7210000702,4586629.06074049,4274.459454393445,1241.0,14.5,True,5054.888852790926,0.0,1589336.0,1589336.0,0.0,0.0,1587660.0,-1676.0,-0.10545284319992752,1323887.0,1323887.0,0.0,1606885.0,1606885.0,0.0,0.0,996635.1580101888,996458.2467409155,-176.9112692733761,-0.01775085575212745,1041.0,1028.0,1051.0,1050.0,11646.0,8.0,>3.5km,>3.5km
7092,39,Sant Genís dels Agudells,Horta-Guinardó,428052.8159349394,4586281.7705261735,3842.4180723481,1479.0,19.1,True,4583.989388369843,0.0,1605067.0,1605067.0,0.0,0.0,1603391.0,-1676.0,-0.10441931707523736,1555791.0,1555791.0,0.0,1606885.0,1606885.0,0.0,0.0,1095723.8125366964,1095529.2271965672,-194.58534012921154,-0.01775861196981103,1050.0,1040.0,1051.0,1050.0,20392.0,14.0,>3.5km,>3.5km
7093,39,Sant Genís dels Agudells,Horta-Guinardó,427987.7214469239,4586516.513350399,4069.322711297906,1704.0,7.7,True,4815.518546760373,0.0,1603550.0,1603550.0,0.0,0.0,1601874.0,-1676.0,-0.10451810046459419,1550956.0,1550956.0,0.0,1606885.0,1606885.0,0.0,0.0,1080522.904357172,1080331.0611078027,-191.84324936941266,-0.01775466754067047,1049.0,1039.0,1051.0,1050.0,16238.0,11.0,>3.5km,>3.5km
7094,40,Montbau,Horta-Guinardó,428282.5789991047,4586677.387947823,4038.731780087186,1224.0,74.5,True,5123.091575164052,0.0,1599721.0,1599721.0,0.0,0.0,1598045.0,-1676.0,-0.1047682689669011,1491820.0,1491820.0,0.0,1606885.0,1606885.0,0.0,0.0,1036204.9070158872,1036001.6492283308,-203.25778755638748,-0.01961559785908938,1047.0,1035.0,1051.0,1050.0,15784.0,11.0,>3.5km,>3.5km
7095,40,Montbau,Horta-Guinardó,428263.1505826963,4586980.189458285,4309.453790451382,1500.0,26.4,True,5477.567506589269,0.0,1599721.0,1599721.0,0.0,0.0,1598045.0,-1676.0,-0.1047682689669011,1465701.0,1465701.0,0.0,1606885.0,1606885.0,0.0,0.0,1036044.0190056706,1035840.7920396737,-203.22696599690244,-0.019615669051585936,1047.0,1035.0,1051.0,1050.0,13166.0,10.0,>3.5km,>3.5km
7096,40,Montbau,Horta-Guinardó,428492.9580840498,4587189.238463498,4388.231780308718,1421.0,12.2,True,5420.913787087337,0.0,1603550.0,1603550.0,0.0,0.0,1601874.0,-1676.0,-0.10451810046459419,1542975.0,1542975.0,0.0,1606885.0,1606885.0,0.0,0.0,1070313.8119426693,1070103.810266626,-210.0016760432627,-0.019620570499982608,1049.0,1039.0,1051.0,1050.0,14497.0,11.0,>3.5km,>3.5km
7097,40,Montbau,Horta-Guinardó,427878.28208039433,4587585.516098864,5026.006787216017,869.0,331.2,False,,,,,,,,,,,,,,,,,,,,,,,,,3790.0,3.0,unsnapped,>3.5km
7098,41,la Vall d'Hebron,Horta-Guinardó,429012.0492959348,4587386.487999125,4376.64280537257,2141.0,15.2,True,5151.9871785719215,0.0,1601334.0,1601334.0,0.0,0.0,1599658.0,-1676.0,-0.10466273744265718,1573872.0,1573872.0,0.0,1606885.0,1606885.0,0.0,0.0,1117675.2040726205,1117492.4304603655,-182.77361225499772,-0.01635301665358607,1048.0,1037.0,1051.0,1050.0,15978.0,13.0,>3.5km,>3.5km
7099,41,la Vall d'Hebron,Horta-Guinardó,428888.4752271039,4587140.17588768,4186.359684493586,1033.0,56.2,True,5181.534408111441,0.0,1601334.0,1601334.0,0.0,0.0,1599658.0,-1676.0,-0.10466273744265718,1568367.0,1568367.0,0.0,1606885.0,1606885.0,0.0,0.0,1112131.089416167,1111950.1992472536,-180.89016891340725,-0.016265184080805507,1048.0,1037.0,1051.0,1050.0,16235.0,13.0,>3.5km,>3.5km
7100,41,la Vall d'Hebron,Horta-Guinardó,428972.1139186007,4587088.540843051,4108.574203862911,1190.0,50.8,True,5113.588456777383,0.0,1601334.0,1601334.0,0.0,0.0,1599658.0,-1676.0,-0.10466273744265718,1563532.0,1563532.0,0.0,1606885.0,1606885.0,0.0,0.0,1118388.1118570273,1118205.9884276444,-182.1234293829184,-0.01628445684034602,1048.0,1037.0,1051.0,1050.0,24131.0,19.0,>3.5km,>3.5km
7101,41,la Vall d'Hebron,Horta-Guinardó,428736.5396977753,4586623.273961162,3772.676402007373,1505.0,107.0,True,4835.531818986838,0.0,1596141.0,1596141.0,0.0,0.0,1594465.0,-1676.0,-0.10500325472498984,1534800.0,1534800.0,0.0,1606885.0,1606885.0,0.0,0.0,1076421.4127890565,1076246.2793642546,-175.1334248019848,-0.01626996850129599,1045.0,1034.0,1051.0,1050.0,36346.0,26.0,>3.5km,>3.5km
7102,42,la Clota,Horta-Guinardó,429235.7765222769,4586712.990275912,3666.957632940951,669.0,34.1,True,4813.393627533204,0.0,1596141.0,1596141.0,0.0,0.0,1594465.0,-1676.0,-0.10500325472498984,1485163.0,1485163.0,0.0,1606885.0,1606885.0,0.0,0.0,1079378.0869643765,1079201.2372919412,-176.8496724353172,-0.0163844045539859,1045.0,1034.0,1051.0,1050.0,46311.0,34.0,>3.5km,>3.5km
7103,43,Horta,Horta-Guinardó,428874.4953642565,4588298.071356395,5287.451515866161,1509.0,113.4,True,6222.371883904258,0.0,1590807.0,1590807.0,0.0,0.0,1589131.0,-1676.0,-0.10535533223074829,1426694.0,1426694.0,0.0,1606885.0,1606885.0,0.0,0.0,1040593.2737477006,1040425.4325563178,-167.84119138284586,-0.01612937500339255,1042.0,1031.0,1051.0,1050.0,1509.0,1.0,>3.5km,>3.5km
7104,43,Horta,Horta-Guinardó,429948.5504388124,4587738.41067736,4527.276874972732,1565.0,40.1,True,5772.567834145909,0.0,1590807.0,1590807.0,0.0,0.0,1589131.0,-1676.0,-0.10535533223074829,1471948.0,1471948.0,0.0,1606885.0,1606885.0,0.0,0.0,1075659.272427262,1075490.2398303736,-169.0325968884863,-0.015714325272077882,1042.0,1031.0,1051.0,1050.0,45830.0,33.0,>3.5km,>3.5km
7105,43,Horta,Horta-Guinardó,430039.52470883896,4587499.147501348,4280.791524920642,1031.0,3.6,True,5428.577269944173,0.0,1585762.0,1585762.0,0.0,0.0,1584086.0,-1676.0,-0.10569051345662211,1451953.0,1451953.0,0.0,1606885.0,1606885.0,0.0,0.0,1081573.94360883,1081403.6937145314,-170.24989429861307,-0.01574093896257794,1039.0,1028.0,1051.0,1050.0,67654.0,49.0,>3.5km,>3.5km
7106,43,Horta,Horta-Guinardó,430020.7399481937,4587242.952392971,4027.2021382516873,1167.0,56.5,True,5197.113980218463,0.0,1585762.0,1585762.0,0.0,0.0,1584086.0,-1676.0,-0.10569051345662211,1441388.0,1441388.0,0.0,1606885.0,1606885.0,0.0,0.0,1078915.6529506,1078744.4999891222,-171.15296147787012,-0.015863423707850002,1039.0,1028.0,1051.0,1050.0,64950.0,48.0,>3.5km,>3.5km
7107,43,Horta,Horta-Guinardó,429867.8200584124,4587324.3912398415,4124.904911851766,1170.0,84.9,True,5018.0908292409895,0.0,1584285.0,1584285.0,0.0,0.0,1582609.0,-1676.0,-0.10578904679397962,1406045.0,1406045.0,0.0,1606885.0,1606885.0,0.0,0.0,1073050.3857612154,1072879.8623548674,-170.52340634795837,-0.015891463123326694,1038.0,1027.0,1051.0,1050.0,46309.0,36.0,>3.5km,>3.5km
7108,43,Horta,Horta-Guinardó,429780.4242195716,4587543.638174481,4353.867132508138,1240.0,46.1,True,5425.28088904866,0.0,1588122.0,1588122.0,0.0,0.0,1586446.0,-1676.0,-0.10553345397897643,1422968.0,1422968.0,0.0,1606885.0,1606885.0,0.0,0.0,1065456.2422212628,1065289.2266885221,-167.01553274062462,-0.01567549432085833,1040.0,1029.0,1051.0,1050.0,49599.0,36.0,>3.5km,>3.5km
7109,43,Horta,Horta-Guinardó,429571.94413382217,4587602.060245256,4445.380247466255,1672.0,96.7,True,5516.957681016601,0.0,1593646.0,1593646.0,0.0,0.0,1591970.0,-1676.0,-0.10516764701822111,1541490.0,1541490.0,0.0,1606885.0,1606885.0,0.0,0.0,1099267.7654901945,1099091.2998892502,-176.465600944357,-0.016053013331621346,1044.0,1033.0,1051.0,1050.0,30356.0,23.0,>3.5km,>3.5km
7110,43,Horta,Horta-Guinardó,429641.6835620445,4587320.258267964,4155.5857828778935,1027.0,58.6,True,5101.785556267544,0.0,1575576.0,1575576.0,0.0,0.0,1573900.0,-1676.0,-0.10637379599587707,1389345.0,1389345.0,0.0,1606885.0,1606885.0,0.0,0.0,1043129.8815888603,1042964.6456739935,-165.23591486678924,-0.015840397038104925,1034.0,1023.0,1051.0,1050.0,42265.0,32.0,>3.5km,>3.5km
7111,43,Horta,Horta-Guinardó,429416.9481665399,4587390.67758083,4270.470680566201,883.0,43.8,True,5204.184230092308,0.0,1597747.0,1597747.0,0.0,0.0,1596071.0,-1676.0,-0.10489770908660757,1563532.0,1563532.0,0.0,1606885.0,1606885.0,0.0,0.0,1104529.0467391165,1104350.4399768992,-178.60676221735775,-0.016170399750432607,1046.0,1035.0,1051.0,1050.0,32877.0,25.0,>3.5km,>3.5km
7112,43,Horta,Horta-Guinardó,429377.3694762561,4587087.98073,3986.238315267685,1292.0,36.4,True,4723.746646786965,0.0,1603550.0,1603550.0,0.0,0.0,1601874.0,-1676.0,-0.10451810046459419,1582517.0,1582517.0,0.0,1606885.0,1606885.0,0.0,0.0,1118281.4124187394,1118095.845398871,-185.56701986840926,-0.016593946551167738,1049.0,1039.0,1051.0,1050.0,40226.0,30.0,>3.5km,>3.5km
7113,43,Horta,Horta-Guinardó,429506.7389475016,4587136.966973812,4003.0749478421208,1167.0,21.0,True,4730.824978165562,0.0,1603550.0,1603550.0,0.0,0.0,1601874.0,-1676.0,-0.10451810046459419,1573775.0,1573775.0,0.0,1606885.0,1606885.0,0.0,0.0,1114036.9090051341,1113852.0895319888,-184.8194731452968,-0.0165900673174595,1049.0,1039.0,1051.0,1050.0,43507.0,33.0,>3.5km,>3.5km
7114,43,Horta,Horta-Guinardó,429628.2845892224,4586981.666646215,3825.684671735415,1183.0,21.2,True,4671.798597242962,0.0,1601334.0,1601334.0,0.0,0.0,1599658.0,-1676.0,-0.10466273744265718,1530670.0,1530670.0,0.0,1606885.0,1606885.0,0.0,0.0,1096815.2979741972,1096633.2504113412,-182.04756285599433,-0.016597832214068648,1048.0,1037.0,1051.0,1050.0,54866.0,41.0,>3.5km,>3.5km
7115,43,Horta,Horta-Guinardó,429787.3741879972,4587075.404617374,3889.733582315844,1069.0,22.2,True,4915.402524582859,0.0,1588122.0,1588122.0,0.0,0.0,1586446.0,-1676.0,-0.10553345397897643,1474664.0,1474664.0,0.0,1606885.0,1606885.0,0.0,0.0,1045787.4185609305,1045620.9339816076,-166.48457932297606,-0.015919543146930313,1040.0,1029.0,1051.0,1050.0,61832.0,46.0,>3.5km,>3.5km
7116,43,Horta,Horta-Guinardó,429961.4560885048,4587055.813846095,3847.0665671415895,1485.0,41.0,True,4955.37747815287,0.0,1566897.0,1566897.0,0.0,0.0,1565221.0,-1676.0,-0.10696299756780439,1303961.0,1301885.0,-0.1592072155532259,1606885.0,1606885.0,0.0,0.0,1035283.2059137704,1035116.4820707842,-166.7238429861609,-0.016104177295043213,1028.0,1017.0,1051.0,1050.0,55648.0,42.0,>3.5km,>3.5km
7117,43,Horta,Horta-Guinardó,429991.1806207383,4586909.947265345,3698.816149600911,2786.0,8.5,True,4815.036791442154,0.0,1599721.0,1599721.0,0.0,0.0,1598045.0,-1676.0,-0.1047682689669011,1515669.0,1515669.0,0.0,1606885.0,1606885.0,0.0,0.0,1116321.8246254555,1116141.6264823566,-180.198143098969,-0.01614213205581898,1047.0,1036.0,1051.0,1050.0,70246.0,52.0,>3.5km,>3.5km
7118,43,Horta,Horta-Guinardó,429715.07701577584,4586847.430301549,3677.298050305931,1231.0,11.8,True,4472.805313174949,0.0,1603550.0,1603550.0,0.0,0.0,1601874.0,-1676.0,-0.10451810046459419,1566476.0,1566476.0,0.0,1606885.0,1606885.0,0.0,0.0,1136338.0520176655,1136153.2822713587,-184.76974630681798,-0.016260103758625657,1049.0,1039.0,1051.0,1050.0,63538.0,47.0,>3.5km,>3.5km
7119,43,Horta,Horta-Guinardó,429720.1675473649,4586703.965489195,3535.407826219259,1300.0,36.4,True,4320.13023096389,0.0,1603550.0,1603550.0,0.0,0.0,1601874.0,-1676.0,-0.10451810046459419,1548187.0,1548187.0,0.0,1606885.0,1606885.0,0.0,0.0,1132785.5855883113,1132601.387583952,-184.1980043593794,-0.016260623961216483,1049.0,1038.0,1051.0,1050.0,66909.0,49.0,>3.5km,>3.5km
7120,43,Horta,Horta-Guinardó,429786.4401121324,4586521.713775936,3344.0290169977006,1233.0,36.8,True,4398.244917142721,0.0,1594125.0,1594125.0,0.0,0.0,1592449.0,-1676.0,-0.10513604642045009,1488631.0,1488631.0,0.0,1606885.0,1606885.0,0.0,0.0,1103939.925300401,1103761.2873645837,-178.63793581724167,-0.016181852990653566,1043.0,1032.0,1051.0,1050.0,70295.0,51.0,>3.5km,2-3.5km
7121,43,Horta,Horta-Guinardó,429872.1055104163,4586727.173844799,3532.695171852573,1151.0,22.2,True,4473.580593456132,0.0,1603550.0,1603550.0,0.0,0.0,1601874.0,-1676.0,-0.10451810046459419,1527772.0,1527772.0,0.0,1606885.0,1606885.0,0.0,0.0,1126626.5381966303,1126443.3406921471,-183.19750448316336,-0.0162607126915725,1049.0,1038.0,1051.0,1050.0,71455.0,52.0,>3.5km,>3.5km
7122,43,Horta,Horta-Guinardó,430036.5892294399,4586668.414550595,3453.841502124925,1293.0,31.1,True,4519.122127717682,0.0,1603550.0,1603550.0,0.0,0.0,1601874.0,-1676.0,-0.10451810046459419,1573775.0,1573775.0,0.0,1606885.0,1606885.0,0.0,0.0,1151028.968919301,1150842.4859025865,-186.4830167144537,-0.016201418187549377,1049.0,1039.0,1051.0,1050.0,81531.0,60.0,>3.5km,2-3.5km
7123,43,Horta,Horta-Guinardó,430162.2074568773,4586819.939277437,3594.414849784612,1421.0,38.8,True,4687.700758877343,0.0,1587664.0,1587664.0,0.0,0.0,1585988.0,-1676.0,-0.10556389765088835,1459709.0,1459709.0,0.0,1606885.0,1606885.0,0.0,0.0,1097111.3416950733,1096935.088251042,-176.2534440313466,-0.016065228508077328,1040.0,1029.0,1051.0,1050.0,78170.0,58.0,>3.5km,>3.5km
8001,44,Vilapicina i la Torre Llobeta,Nou Barris,430334.8106938312,4586835.50056805,3603.114845983024,1271.0,27.5,True,4685.043269972271,0.0,1585048.0,1585048.0,0.0,0.0,1583372.0,-1676.0,-0.10573812275716571,1438736.0,1438736.0,0.0,1606885.0,1606885.0,0.0,0.0,1105418.042984618,1105240.542523881,-177.50046073715203,-0.016057315317371017,1038.0,1027.0,1051.0,1050.0,80871.0,59.0,>3.5km,>3.5km
8002,44,Vilapicina i la Torre Llobeta,Nou Barris,430277.75846255553,4586659.060858675,3428.111656100625,1251.0,23.3,True,4560.721851562171,0.0,1603550.0,1603550.0,0.0,0.0,1601874.0,-1676.0,-0.10451810046459419,1569896.0,1569896.0,0.0,1606885.0,1606885.0,0.0,0.0,1142081.3438144103,1141896.7372351128,-184.60657929745503,-0.016164048235031307,1049.0,1039.0,1051.0,1050.0,79804.0,58.0,>3.5km,2-3.5km
8003,44,Vilapicina i la Torre Llobeta,Nou Barris,430421.0696613132,4586653.681458775,3420.984436368069,1192.0,5.0,True,4471.535852539361,0.0,1603550.0,1603550.0,0.0,0.0,1601874.0,-1676.0,-0.10451810046459419,1548438.0,1548438.0,0.0,1606885.0,1606885.0,0.0,0.0,1138949.5718464123,1138764.469906502,-185.1019399103243,-0.016251987312330747,1049.0,1039.0,1051.0,1050.0,85817.0,62.0,>3.5km,2-3.5km
8004,44,Vilapicina i la Torre Llobeta,Nou Barris,430496.8607548868,4586802.978121878,3571.713536864801,1455.0,19.1,True,4548.865096634358,0.0,1594758.0,1594758.0,0.0,0.0,1593082.0,-1676.0,-0.10509431525033892,1499153.0,1499153.0,0.0,1606885.0,1606885.0,0.0,0.0,1116515.130739613,1116335.6484315363,-179.4823080766946,-0.01607522398355678,1044.0,1033.0,1051.0,1050.0,87180.0,63.0,>3.5km,>3.5km
8005,44,Vilapicina i la Torre Llobeta,Nou Barris,430657.271854265,4586786.527543912,3563.6456834009728,1137.0,8.1,True,4461.367888526105,0.0,1601334.0,1601334.0,0.0,0.0,1599658.0,-1676.0,-0.10466273744265718,1500552.0,1500552.0,0.0,1606885.0,1606885.0,0.0,0.0,1129355.165265239,1129173.2453374644,-181.91992777469568,-0.016108300857859022,1048.0,1037.0,1051.0,1050.0,95652.0,66.0,>3.5km,>3.5km
8006,44,Vilapicina i la Torre Llobeta,Nou Barris,430584.9942249255,4586623.940878204,3396.6455391117424,1648.0,28.2,True,4319.471239913291,0.0,1603550.0,1603550.0,0.0,0.0,1601874.0,-1676.0,-0.10451810046459419,1561447.0,1561447.0,0.0,1606885.0,1606885.0,0.0,0.0,1150050.5225860258,1149863.6154638943,-186.90712213143706,-0.016252079231367515,1049.0,1039.0,1051.0,1050.0,88488.0,63.0,>3.5km,2-3.5km
8007,44,Vilapicina i la Torre Llobeta,Nou Barris,430775.6978687003,4586716.043800927,3504.3719217951266,1145.0,11.2,True,4320.594801798611,0.0,1603550.0,1603550.0,0.0,0.0,1601874.0,-1676.0,-0.10451810046459419,1502161.0,1502161.0,0.0,1606885.0,1606885.0,0.0,0.0,1138651.7295631475,1138467.124333642,-184.6052295055706,-0.016212615737772235,1049.0,1039.0,1051.0,1050.0,99994.0,68.0,>3.5km,>3.5km
8008,44,Vilapicina i la Torre Llobeta,Nou Barris,430748.7300691512,4586539.280913197,3325.725626318896,1632.0,42.2,True,4134.634940989862,0.0,1605067.0,1605067.0,0.0,0.0,1603391.0,-1676.0,-0.10441931707523736,1580498.0,1580498.0,0.0,1606885.0,1606885.0,0.0,0.0,1172546.4305073512,1172355.1552838974,-191.275223453762,-0.016312805913451016,1050.0,1040.0,1051.0,1050.0,94076.0,66.0,>3.5km,2-3.5km
8009,44,Vilapicina i la Torre Llobeta,Nou Barris,430995.1842664622,4586449.880516177,3258.667229165364,1785.0,28.7,True,4016.314995500066,0.0,1603449.0,1603449.0,0.0,0.0,1601773.0,-1676.0,-0.1045246839780997,1559982.0,1559982.0,0.0,1606885.0,1606885.0,0.0,0.0,1159642.6150055013,1159452.4247428426,-190.19026265875436,-0.01640076521832997,1049.0,1039.0,1051.0,1050.0,94846.0,66.0,>3.5km,2-3.5km
8010,44,Vilapicina i la Torre Llobeta,Nou Barris,430873.4747067,4586704.01969243,3504.5326173838507,1085.0,8.8,True,4302.166103034857,0.0,1601932.0,1601932.0,0.0,0.0,1600256.0,-1676.0,-0.10462366692219145,1544022.0,1544022.0,0.0,1606885.0,1606885.0,0.0,0.0,1150520.338866347,1150333.733388006,-186.6054783409927,-0.016219224644464993,1048.0,1038.0,1051.0,1050.0,99717.0,68.0,>3.5km,>3.5km
8011,44,Vilapicina i la Torre Llobeta,Nou Barris,430969.9653366315,4586720.31296254,3529.2873476160416,1166.0,38.5,True,4222.118882878179,0.0,1601932.0,1601932.0,0.0,0.0,1600256.0,-1676.0,-0.10462366692219145,1526058.0,1526058.0,0.0,1606885.0,1606885.0,0.0,0.0,1139290.2199728496,1139105.3604825397,-184.85949030984193,-0.016225847204608436,1048.0,1038.0,1051.0,1050.0,104868.0,71.0,>3.5km,>3.5km
8012,44,Vilapicina i la Torre Llobeta,Nou Barris,431152.3294926508,4586496.132490296,3307.988896373055,1299.0,29.5,True,3967.7953375133866,0.0,1605067.0,1605067.0,0.0,0.0,1603391.0,-1676.0,-0.10441931707523736,1586429.0,1586429.0,0.0,1606885.0,1606885.0,0.0,0.0,1189320.263841612,1189125.2062959329,-195.05754567915574,-0.016400758618969648,1050.0,1042.0,1051.0,1050.0,106917.0,74.0,>3.5km,2-3.5km
8013,44,Vilapicina i la Torre Llobeta,Nou Barris,431074.8609767534,4586711.456389818,3520.82621241249,1169.0,59.9,True,4209.737423872515,0.0,1603449.0,1603449.0,0.0,0.0,1601773.0,-1676.0,-0.1045246839780997,1579033.0,1579033.0,0.0,1606885.0,1606885.0,0.0,0.0,1178503.090470653,1178310.8440296468,-192.2464410061948,-0.016312765113701846,1049.0,1039.0,1051.0,1050.0,107268.0,73.0,>3.5km,>3.5km
8014,44,Vilapicina i la Torre Llobeta,Nou Barris,431185.3568894072,4586747.295042207,3560.414284098229,1253.0,20.6,True,4292.189766992488,0.0,1599504.0,1599504.0,0.0,0.0,1597828.0,-1676.0,-0.10478248256959657,1521357.0,1521357.0,0.0,1608138.0,1608138.0,0.0,0.0,1136310.8472863631,1136128.3377881106,-182.50949825253338,-0.016061581977184006,1047.0,1036.0,1052.0,1051.0,115748.0,79.0,>3.5km,>3.5km
8015,44,Vilapicina i la Torre Llobeta,Nou Barris,431370.37114532193,4586676.33074462,3503.756375683153,1372.0,4.5,True,4227.570234140385,0.0,1600615.0,1600615.0,0.0,0.0,1598939.0,-1676.0,-0.10470975218900236,1552155.0,1552155.0,0.0,1606885.0,1606885.0,0.0,0.0,1135385.6543737906,1135199.3482581244,-186.30611566617154,-0.01640906021213793,1047.0,1037.0,1051.0,1050.0,110201.0,75.0,>3.5km,>3.5km
8016,44,Vilapicina i la Torre Llobeta,Nou Barris,431408.58529424656,4586802.149617883,3632.930746854597,1136.0,12.0,True,4351.035312699913,0.0,1599098.0,1599098.0,0.0,0.0,1597422.0,-1676.0,-0.10480908612230144,1530022.0,1530022.0,0.0,1606885.0,1606885.0,0.0,0.0,1127261.2172754372,1127076.6575789526,-184.55969648458995,-0.016372398309831525,1046.0,1036.0,1051.0,1050.0,112370.0,77.0,>3.5km,>3.5km
8017,44,Vilapicina i la Torre Llobeta,Nou Barris,431573.10363551416,4586652.777315742,3507.1713899325005,1354.0,25.6,True,4156.109986245139,0.0,1599098.0,1599098.0,0.0,0.0,1597422.0,-1676.0,-0.10480908612230144,1499554.0,1499554.0,0.0,1606885.0,1606885.0,0.0,0.0,1121380.6086626574,1121197.2968403231,-183.31182233430445,-0.016346976300305346,1046.0,1035.0,1051.0,1050.0,108220.0,75.0,>3.5km,>3.5km
8018,44,Vilapicina i la Torre Llobeta,Nou Barris,431772.0415100465,4586610.587176887,3503.4129035713468,1490.0,64.1,True,3985.129806741403,0.0,1600615.0,1600615.0,0.0,0.0,1598939.0,-1676.0,-0.10470975218900236,1581512.0,1581512.0,0.0,1606885.0,1606885.0,0.0,0.0,1161150.4911559103,1160955.8926552313,-194.59850067901425,-0.01675911108518707,1047.0,1039.0,1051.0,1050.0,101423.0,70.0,>3.5km,>3.5km
8019,44,Vilapicina i la Torre Llobeta,Nou Barris,431687.7533997,4586754.030133899,3626.836109402858,1827.0,7.9,True,4152.903620524667,0.0,1594522.0,1594522.0,0.0,0.0,1592846.0,-1676.0,-0.10510986991712877,1491587.0,1491587.0,0.0,1606885.0,1606885.0,0.0,0.0,1115681.0842948933,1115499.3501780927,-181.73411680059507,-0.01628907394405189,1044.0,1033.0,1051.0,1050.0,105612.0,73.0,>3.5km,>3.5km
8020,45,Porta,Nou Barris,431575.3202087115,4586909.436837162,3761.050595263511,1347.0,19.8,True,4409.657492970633,0.0,1599098.0,1599098.0,0.0,0.0,1597422.0,-1676.0,-0.10480908612230144,1548661.0,1548661.0,0.0,1606885.0,1606885.0,0.0,0.0,1136065.986481562,1135880.9290162055,-185.0574653565418,-0.016289323644806192,1046.0,1036.0,1051.0,1050.0,100752.0,70.0,>3.5km,>3.5km
8021,45,Porta,Nou Barris,431467.8826280109,4586994.072664033,3830.396652978113,1443.0,17.9,True,4549.793738249815,0.0,1582214.0,1582214.0,0.0,0.0,1580538.0,-1676.0,-0.10592751675816293,1464585.0,1464585.0,0.0,1606885.0,1606885.0,0.0,0.0,1106585.5767900606,1106408.3408092696,-177.23598079103976,-0.016016473059874758,1036.0,1025.0,1051.0,1050.0,102982.0,71.0,>3.5km,>3.5km
8022,45,Porta,Nou Barris,431296.1386316413,4587095.73841753,3915.027402153016,1200.0,15.3,True,4568.098914984067,0.0,1599716.0,1599716.0,0.0,0.0,1598040.0,-1676.0,-0.10476859642586558,1477109.0,1477109.0,0.0,1606885.0,1606885.0,0.0,0.0,1127320.0887400187,1127138.716626684,-181.3721133347135,-0.01608878570925044,1047.0,1036.0,1051.0,1050.0,98689.0,68.0,>3.5km,>3.5km
8023,45,Porta,Nou Barris,431338.1012162063,4586940.456520962,3763.615660189514,1384.0,35.9,True,4485.270547520488,0.0,1586187.0,1586187.0,0.0,0.0,1584511.0,-1676.0,-0.10566219493666258,1469473.0,1469473.0,0.0,1606885.0,1606885.0,0.0,0.0,1118400.8354338189,1118222.5474496852,-178.28798413369805,-0.015941331451575814,1039.0,1028.0,1051.0,1050.0,106822.0,73.0,>3.5km,>3.5km
8024,45,Porta,Nou Barris,431152.3373596461,4586919.948034623,3731.4527021019417,1343.0,61.3,True,4394.078482207383,0.0,1601932.0,1601932.0,0.0,0.0,1600256.0,-1676.0,-0.10462366692219145,1544022.0,1544022.0,0.0,1606885.0,1606885.0,0.0,0.0,1152584.1316146923,1152397.2266869037,-186.90492778853513,-0.016216163546056633,1048.0,1038.0,1051.0,1050.0,98486.0,68.0,>3.5km,>3.5km
8025,45,Porta,Nou Barris,431123.2704186662,4587025.454673128,3835.9090878341262,1219.0,5.1,True,4613.33913663519,0.0,1601932.0,1601932.0,0.0,0.0,1600256.0,-1676.0,-0.10462366692219145,1527748.0,1527748.0,0.0,1606885.0,1606885.0,0.0,0.0,1152091.7489115973,1151905.5217904865,-186.2271211107727,-0.016164261334802976,1048.0,1038.0,1051.0,1050.0,98051.0,68.0,>3.5km,>3.5km
8026,45,Porta,Nou Barris,431135.31901654095,4587188.750539279,3999.49756139436,1341.0,46.5,True,4716.805876539077,0.0,1594758.0,1594758.0,0.0,0.0,1593082.0,-1676.0,-0.10509431525033892,1475818.0,1475818.0,0.0,1606885.0,1606885.0,0.0,0.0,1121954.5102203651,1121774.2798312658,-180.2303890993353,-0.016063965825489298,1044.0,1033.0,1051.0,1050.0,98611.0,69.0,>3.5km,>3.5km
8027,45,Porta,Nou Barris,431351.9614241225,4587505.120336118,4327.476020181141,1405.0,72.0,True,4956.181950183215,0.0,1583571.0,1583571.0,0.0,0.0,1581895.0,-1676.0,-0.1058367449264984,1425937.0,1425937.0,0.0,1606885.0,1606885.0,0.0,0.0,1098191.7646959906,1098016.8475098424,-174.91718614823185,-0.015927745205469985,1037.0,1026.0,1051.0,1050.0,64143.0,44.0,>3.5km,>3.5km
8028,45,Porta,Nou Barris,431368.5632107409,4587278.423224247,4102.951523744215,1066.0,46.4,True,4733.043857906794,0.0,1587652.0,1587652.0,0.0,0.0,1585976.0,-1676.0,-0.10556469553781307,1449535.0,1449535.0,0.0,1606885.0,1606885.0,0.0,0.0,1112089.6143561308,1111911.3209517614,-178.2934043693822,-0.016032287512424002,1040.0,1029.0,1051.0,1050.0,98659.0,69.0,>3.5km,>3.5km
8029,45,Porta,Nou Barris,431669.3710896934,4587429.203897079,4289.07797596881,1484.0,10.6,True,4845.840391884646,0.0,1580313.0,1580313.0,0.0,0.0,1578637.0,-1676.0,-0.10605493974927752,1480379.0,1480379.0,0.0,1606885.0,1606885.0,0.0,0.0,1095160.1433022541,1094984.5917670473,-175.5515352068469,-0.016029759326111295,1035.0,1024.0,1051.0,1050.0,94414.0,66.0,>3.5km,>3.5km
8030,45,Porta,Nou Barris,431514.8451735661,4587742.331632099,4579.096365437587,1442.0,30.1,True,5334.426119706709,0.0,1564588.0,1564588.0,0.0,0.0,1562912.0,-1676.0,-0.1071208522627043,1382453.0,1382453.0,0.0,1606885.0,1606885.0,0.0,0.0,1065955.9532213216,1065784.4864964306,-171.46672489098273,-0.016085723277102573,1026.0,1015.0,1051.0,1050.0,107538.0,73.0,>3.5km,>3.5km
8031,45,Porta,Nou Barris,431300.2570888087,4587755.347688993,4573.378090212229,1260.0,7.7,True,5400.384249152056,0.0,1583287.0,1583287.0,0.0,0.0,1581611.0,-1676.0,-0.10585572925186652,1457123.0,1457123.0,0.0,1606885.0,1606885.0,0.0,0.0,1101045.0577334715,1100872.7042995282,-172.3534339433536,-0.015653622232149826,1037.0,1026.0,1051.0,1050.0,98761.0,68.0,>3.5km,>3.5km
8032,45,Porta,Nou Barris,431203.1555849445,4587626.570598751,4439.567903907402,1264.0,12.3,True,5299.503239207586,0.0,1583623.0,1583623.0,0.0,0.0,1581947.0,-1676.0,-0.10583326966077153,1399489.0,1399489.0,0.0,1606885.0,1606885.0,0.0,0.0,1093949.5696788253,1093776.040886608,-173.52879221737385,-0.01586259522624251,1037.0,1026.0,1051.0,1050.0,102830.0,72.0,>3.5km,>3.5km
8033,45,Porta,Nou Barris,431071.5279070959,4587670.089944988,4479.280914518563,1481.0,52.1,True,5257.6461852095,0.0,1587664.0,1587664.0,0.0,0.0,1585988.0,-1676.0,-0.10556389765088835,1482185.0,1482185.0,0.0,1606885.0,1606885.0,0.0,0.0,1115528.5015803825,1115351.7931392246,-176.7084411578253,-0.015840782275619164,1040.0,1029.0,1051.0,1050.0,93359.0,65.0,>3.5km,>3.5km
8034,45,Porta,Nou Barris,430977.2523593197,4587532.594167664,4339.519818321109,1234.0,6.5,True,5178.486945915194,0.0,1593465.0,1593465.0,0.0,0.0,1591789.0,-1676.0,-0.10517959289974992,1492757.0,1492757.0,0.0,1606885.0,1606885.0,0.0,0.0,1125185.9769780673,1125006.9487783257,-179.02819974161685,-0.015910987463817864,1043.0,1032.0,1051.0,1050.0,93884.0,67.0,>3.5km,>3.5km
8035,45,Porta,Nou Barris,431102.30882270535,4587432.476968975,4242.256503207269,4462.0,34.4,True,5035.121287752473,0.0,1590147.0,1590147.0,0.0,0.0,1588471.0,-1676.0,-0.10539906058999576,1419828.0,1419828.0,0.0,1606885.0,1606885.0,0.0,0.0,1112967.405544872,1112788.9145070459,-178.4910378260538,-0.016037400281158323,1041.0,1030.0,1051.0,1050.0,96590.0,68.0,>3.5km,>3.5km
8036,45,Porta,Nou Barris,430986.241771486,4587394.303406917,4203.122632790625,1507.0,20.2,True,4976.7955559069105,0.0,1586666.0,1586666.0,0.0,0.0,1584990.0,-1676.0,-0.10563029648331786,1436057.0,1436057.0,0.0,1606885.0,1606885.0,0.0,0.0,1105817.3650977567,1105641.4684205826,-175.89667717413977,-0.015906485349738573,1039.0,1028.0,1051.0,1050.0,89849.0,63.0,>3.5km,>3.5km
8037,45,Porta,Nou Barris,430950.6568814319,4587268.8258791575,4074.586754140226,1515.0,40.2,True,4841.464477779287,0.0,1599716.0,1599716.0,0.0,0.0,1598040.0,-1676.0,-0.10476859642586558,1478363.0,1478363.0,0.0,1606885.0,1606885.0,0.0,0.0,1133280.3747771196,1133098.3934519778,-181.98132514185272,-0.016057926104794912,1047.0,1036.0,1051.0,1050.0,97855.0,68.0,>3.5km,>3.5km
8038,46,el Turó de la Peira,Nou Barris,430915.00729490776,4587083.334265831,3885.969620920996,1615.0,34.4,True,4623.787831187786,0.0,1586046.0,1586046.0,0.0,0.0,1584370.0,-1676.0,-0.10567158833980855,1413574.0,1413574.0,0.0,1606885.0,1606885.0,0.0,0.0,1108739.3758987912,1108561.5609974312,-177.81490136007778,-0.016037574314155974,1039.0,1028.0,1051.0,1050.0,99091.0,69.0,>3.5km,>3.5km
8039,46,el Turó de la Peira,Nou Barris,430772.0315676696,4587312.333052865,4097.241363846819,1532.0,40.5,True,4904.1909079932475,0.0,1599716.0,1599716.0,0.0,0.0,1598040.0,-1676.0,-0.10476859642586558,1479914.0,1479914.0,0.0,1606885.0,1606885.0,0.0,0.0,1129635.312810541,1129454.08525574,-181.2275548009202,-0.01604301430255617,1047.0,1036.0,1051.0,1050.0,90367.0,63.0,>3.5km,>3.5km
8040,46,el Turó de la Peira,Nou Barris,430716.3731439712,4587180.760770101,3961.30093746858,1886.0,11.9,True,4819.211357294091,0.0,1585048.0,1585048.0,0.0,0.0,1583372.0,-1676.0,-0.10573812275716571,1443984.0,1443984.0,0.0,1606885.0,1606885.0,0.0,0.0,1102511.5380636773,1102335.6542417547,-175.88382192258723,-0.01595301417266699,1038.0,1027.0,1051.0,1050.0,90781.0,63.0,>3.5km,>3.5km
8041,46,el Turó de la Peira,Nou Barris,430608.8063510372,4587111.471995764,3884.743210470641,2496.0,54.9,True,4813.284085717467,0.0,1574926.0,1574926.0,0.0,0.0,1573250.0,-1676.0,-0.1064176983553513,1382366.0,1382366.0,0.0,1606885.0,1606885.0,0.0,0.0,1083814.2642666658,1083641.7666806725,-172.49758599326015,-0.015915788496285947,1032.0,1021.0,1051.0,1050.0,90249.0,63.0,>3.5km,>3.5km
8042,46,el Turó de la Peira,Nou Barris,430840.43579708505,4586979.672447073,3773.678030021216,1226.0,32.1,True,4529.074092142558,0.0,1583571.0,1583571.0,0.0,0.0,1581895.0,-1676.0,-0.1058367449264984,1433788.0,1433788.0,0.0,1606885.0,1606885.0,0.0,0.0,1094142.5694941967,1093967.7312658476,-174.83822834910825,-0.015979474085350043,1037.0,1026.0,1051.0,1050.0,98430.0,68.0,>3.5km,>3.5km
8043,46,el Turó de la Peira,Nou Barris,430727.617023369,4586918.490446182,3700.983341398821,1126.0,66.9,True,4556.152857594163,0.0,1601932.0,1601932.0,0.0,0.0,1600256.0,-1676.0,-0.10462366692219145,1542424.0,1542424.0,0.0,1606885.0,1606885.0,0.0,0.0,1139917.3694175933,1139733.2041536923,-184.16526390099898,-0.016156018746787997,1048.0,1037.0,1051.0,1050.0,97367.0,67.0,>3.5km,>3.5km
8044,46,el Turó de la Peira,Nou Barris,430570.5504317487,4586980.972899382,3752.433337388917,1330.0,17.0,True,4763.051185627492,0.0,1585048.0,1585048.0,0.0,0.0,1583372.0,-1676.0,-0.10573812275716571,1433788.0,1433788.0,0.0,1606885.0,1606885.0,0.0,0.0,1105422.922664864,1105245.888339956,-177.03432490793057,-0.01601507633667941,1038.0,1027.0,1051.0,1050.0,90213.0,63.0,>3.5km,>3.5km
8045,46,el Turó de la Peira,Nou Barris,430469.033700253,4586928.6160362,3696.6078976850536,1736.0,11.8,True,4763.98227377134,0.0,1594758.0,1594758.0,0.0,0.0,1593082.0,-1676.0,-0.10509431525033892,1477109.0,1477109.0,0.0,1606885.0,1606885.0,0.0,0.0,1116362.5021362286,1116183.2685785044,-179.23355772416107,-0.016055139560956822,1044.0,1033.0,1051.0,1050.0,89526.0,63.0,>3.5km,>3.5km
8046,46,el Turó de la Peira,Nou Barris,430223.4128138889,4586971.699126268,3742.635586469845,1448.0,7.0,True,5023.220827735346,0.0,1583571.0,1583571.0,0.0,0.0,1581895.0,-1676.0,-0.1058367449264984,1375205.0,1375205.0,0.0,1606885.0,1606885.0,0.0,0.0,1087973.5141376946,1087798.8672952603,-174.64684243430384,-0.01605249026422535,1037.0,1026.0,1051.0,1050.0,73612.0,54.0,>3.5km,>3.5km
8047,46,el Turó de la Peira,Nou Barris,430306.5796265515,4587121.475034964,3889.568739400355,1630.0,105.5,True,4993.753229174189,0.0,1564653.0,1564653.0,0.0,0.0,1562977.0,-1676.0,-0.10711640216712587,1316943.0,1316943.0,0.0,1606885.0,1606885.0,0.0,0.0,1047234.7548589384,1047066.6572864166,-168.09757252177224,-0.016051565491102787,1026.0,1015.0,1051.0,1050.0,50390.0,36.0,>3.5km,>3.5km
8048,47,Can Peguera,Nou Barris,430467.4189000245,4587314.188142577,4082.072170711538,971.0,12.2,True,5061.086958821716,0.0,1585189.0,1585189.0,0.0,0.0,1583513.0,-1676.0,-0.10572871752201157,1425592.0,1425592.0,0.0,1606885.0,1606885.0,0.0,0.0,1096529.0830758894,1096355.288502251,-173.79457363835536,-0.015849517930782257,1038.0,1027.0,1051.0,1050.0,83197.0,58.0,>3.5km,>3.5km
8049,47,Can Peguera,Nou Barris,430260.8181069312,4587412.983103837,4182.189230553117,1216.0,23.1,True,5322.342422853538,0.0,1585762.0,1585762.0,0.0,0.0,1584086.0,-1676.0,-0.10569051345662211,1398986.0,1398986.0,0.0,1606885.0,1606885.0,0.0,0.0,1083949.2660469112,1083779.0795713677,-170.1864755435381,-0.01570059419516898,1039.0,1028.0,1051.0,1050.0,77614.0,54.0,>3.5km,>3.5km
8050,48,la Guineueta,Nou Barris,430652.96836417215,4587424.620364559,4199.957482974933,1380.0,64.9,True,5061.796007898522,0.0,1587664.0,1587664.0,0.0,0.0,1585988.0,-1676.0,-0.10556389765088835,1480202.0,1480202.0,0.0,1606885.0,1606885.0,0.0,0.0,1117902.4679112649,1117724.3728709726,-178.09504029224627,-0.01593117873914407,1040.0,1029.0,1051.0,1050.0,95292.0,66.0,>3.5km,>3.5km
8051,48,la Guineueta,Nou Barris,430218.7110030772,4587702.975672037,4473.475738803199,1339.0,26.2,True,5682.560545362771,0.0,1590807.0,1590807.0,0.0,0.0,1589131.0,-1676.0,-0.10535533223074829,1460861.0,1460861.0,0.0,1606885.0,1606885.0,0.0,0.0,1088710.4826775312,1088542.4916032911,-167.99107424006797,-0.015430279850609817,1042.0,1031.0,1051.0,1050.0,62999.0,42.0,>3.5km,>3.5km
8052,48,la Guineueta,Nou Barris,430348.59622230247,4587754.733056876,4522.106642626037,887.0,13.0,True,5772.843973545767,0.0,1580411.0,1580411.0,0.0,0.0,1578735.0,-1676.0,-0.10604836336876926,1366983.0,1364714.0,-0.16598597056437425,1606885.0,1606885.0,0.0,0.0,1066309.3447302368,1066144.023607981,-165.3211222558748,-0.01550404890221599,1037.0,1026.0,1051.0,1050.0,64570.0,44.0,>3.5km,>3.5km
8053,48,la Guineueta,Nou Barris,430439.096676104,4587745.544918851,4512.971634083207,1118.0,48.3,True,5861.564996659933,0.0,1589822.0,1589822.0,0.0,0.0,1588146.0,-1676.0,-0.1054206068352306,1379662.0,1377586.0,-0.15047163725608156,1606885.0,1606885.0,0.0,0.0,1078176.1925960353,1078009.0257344714,-167.16686156392097,-0.01550459588255387,1041.0,1030.0,1051.0,1050.0,67442.0,46.0,>3.5km,>3.5km
8054,48,la Guineueta,Nou Barris,430612.70312658703,4587726.940890545,4499.568102407761,1592.0,38.1,True,6075.546521798466,0.0,1589822.0,1589822.0,0.0,0.0,1588146.0,-1676.0,-0.1054206068352306,1417303.0,1417303.0,0.0,1606885.0,1606885.0,0.0,0.0,1076136.8726908346,1075970.0229399535,-166.8497508810833,-0.01550451017107913,1041.0,1030.0,1051.0,1050.0,77080.0,53.0,>3.5km,>3.5km
8055,48,la Guineueta,Nou Barris,430879.6134607821,4587716.220237819,4509.9160892461305,1797.0,63.0,True,5539.736969611191,0.0,1587664.0,1587664.0,0.0,0.0,1585988.0,-1676.0,-0.10556389765088835,1467690.0,1467690.0,0.0,1606885.0,1606885.0,0.0,0.0,1115204.412131122,1115028.1706185676,-176.24151255446486,-0.015803516434953178,1040.0,1029.0,1051.0,1050.0,87156.0,61.0,>3.5km,>3.5km
8056,48,la Guineueta,Nou Barris,430699.8679685664,4587889.629825019,4667.0199427032185,1481.0,19.7,True,5765.854399638333,0.0,1584285.0,1584285.0,0.0,0.0,1582609.0,-1676.0,-0.10578904679397962,1384755.0,1382679.0,-0.1499182165798282,1606885.0,1606885.0,0.0,0.0,1081577.0103706117,1081407.220835827,-169.78953478462063,-0.0156983306002816,1038.0,1027.0,1051.0,1050.0,76880.0,52.0,>3.5km,>3.5km
8057,48,la Guineueta,Nou Barris,430825.52280838985,4588021.808751164,4808.634393986512,1305.0,20.2,True,5796.859027714926,0.0,1585831.0,1585831.0,0.0,0.0,1584155.0,-1676.0,-0.1056859148295121,1423960.0,1423960.0,0.0,1606885.0,1606885.0,0.0,0.0,1060528.0336165295,1060362.550783839,-165.48283269046806,-0.01560381502845818,1040.0,1028.0,1051.0,1050.0,78192.0,54.0,>3.5km,>3.5km
8058,48,la Guineueta,Nou Barris,430497.8178978815,4588013.57014991,4781.931211155995,1612.0,11.9,True,6064.193820339642,0.0,1590807.0,1590807.0,0.0,0.0,1589131.0,-1676.0,-0.10535533223074829,1442377.0,1442377.0,0.0,1606885.0,1606885.0,0.0,0.0,1080496.8283322798,1080329.6115114074,-167.21682087238878,-0.015475919640641964,1042.0,1031.0,1051.0,1050.0,70480.0,48.0,>3.5km,>3.5km
8059,48,la Guineueta,Nou Barris,430232.2605126175,4587949.711102551,4719.56145962595,992.0,55.7,True,6115.824592385439,0.0,1593646.0,1593646.0,0.0,0.0,1591970.0,-1676.0,-0.10516764701822111,1503773.0,1503773.0,0.0,1606885.0,1606885.0,0.0,0.0,1084820.2327235516,1084651.1109702706,-169.12175328098238,-0.015589841356146631,1044.0,1032.0,1051.0,1050.0,44955.0,33.0,>3.5km,>3.5km
8060,49,Canyelles,Nou Barris,430133.4981270998,4588073.520693493,4847.549075964934,1175.0,22.0,True,6240.058549692727,0.0,1593646.0,1593646.0,0.0,0.0,1591970.0,-1676.0,-0.10516764701822111,1512788.0,1512788.0,0.0,1606885.0,1606885.0,0.0,0.0,1085342.0010156452,1085171.5534630842,-170.44755256106146,-0.015704501659528466,1044.0,1033.0,1051.0,1050.0,36771.0,27.0,>3.5km,>3.5km
8061,49,Canyelles,Nou Barris,430071.0662665031,4588251.234861647,5028.609301816554,1635.0,55.8,True,6406.204734102343,0.0,1590807.0,1590807.0,0.0,0.0,1589131.0,-1676.0,-0.10535533223074829,1492113.0,1492113.0,0.0,1606885.0,1606885.0,0.0,0.0,1072921.4463027078,1072752.9983015864,-168.44800112140365,-0.015699937931325375,1042.0,1030.0,1051.0,1050.0,17787.0,14.0,>3.5km,>3.5km
8062,49,Canyelles,Nou Barris,430346.44901654025,4588231.092898893,4998.466112675291,1122.0,85.7,True,6530.352567198913,0.0,1586320.0,1586320.0,0.0,0.0,1584644.0,-1676.0,-0.10565333602299662,1451992.0,1451992.0,0.0,1606885.0,1606885.0,0.0,0.0,1054528.1076802227,1054363.047102849,-165.06057737371884,-0.015652553608724876,1040.0,1027.0,1051.0,1050.0,41240.0,29.0,>3.5km,>3.5km
8063,49,Canyelles,Nou Barris,430570.5177089674,4588266.772716133,5037.137610166043,1055.0,29.6,True,6273.692656023097,0.0,1593646.0,1593646.0,0.0,0.0,1591970.0,-1676.0,-0.10516764701822111,1532496.0,1532496.0,0.0,1606885.0,1606885.0,0.0,0.0,1082514.7266925436,1082348.8880531627,-165.83863938087597,-0.015319758271332742,1044.0,1032.0,1051.0,1050.0,56749.0,39.0,>3.5km,>3.5km
8064,49,Canyelles,Nou Barris,430068.32987390767,4588609.315675316,5386.175259983643,1800.0,156.9,True,6757.250210351102,0.0,1575725.0,1575725.0,0.0,0.0,1574049.0,-1676.0,-0.10636373732726205,1435323.0,1435323.0,0.0,1606885.0,1606885.0,0.0,0.0,1036434.0214211924,1036271.384123184,-162.63729800842702,-0.015692006885823125,1035.0,1022.0,1051.0,1050.0,10690.0,8.0,>3.5km,>3.5km
8065,50,les Roquetes,Nou Barris,430761.35729438,4588802.340489885,5581.799080121135,1763.0,9.9,True,6574.214935520058,0.0,1568887.0,1568887.0,0.0,0.0,1567211.0,-1676.0,-0.10682732408388877,1410724.0,1410724.0,0.0,1606885.0,1606885.0,0.0,0.0,1026699.6976660925,1026540.1844619011,-159.51320419146214,-0.015536500551628649,1031.0,1018.0,1051.0,1050.0,36942.0,24.0,>3.5km,>3.5km
8066,50,les Roquetes,Nou Barris,431169.4104171862,4589014.114313023,5825.07577264194,1564.0,20.0,True,7037.336149602174,0.0,1526978.0,1526978.0,0.0,0.0,1525302.0,-1676.0,-0.109759276165079,1284748.0,1284748.0,0.0,1606885.0,1606885.0,0.0,0.0,995470.5452255072,995317.3914627627,-153.15376274450682,-0.015385062217969734,1006.0,993.0,1051.0,1049.0,29225.0,19.0,>3.5km,>3.5km
8067,50,les Roquetes,Nou Barris,431454.4113365052,4589066.132727079,5891.737910418487,1808.0,55.3,True,7042.18676622894,0.0,1493468.0,1493468.0,0.0,0.0,1491792.0,-1676.0,-0.11222202283544074,1301863.0,1301863.0,0.0,1606885.0,1606885.0,0.0,0.0,998462.4607095241,998309.2645599999,-153.19614952418488,-0.015343205734076486,986.0,973.0,1051.0,1049.0,22071.0,14.0,>3.5km,>3.5km
8068,50,les Roquetes,Nou Barris,431152.9348875976,4588780.653753543,5591.259350257808,1865.0,7.3,True,6690.808928137027,0.0,1575725.0,1575725.0,0.0,0.0,1574049.0,-1676.0,-0.10636373732726205,1415988.0,1415988.0,0.0,1606885.0,1606885.0,0.0,0.0,1044687.5043543988,1044526.5610632851,-160.9432911137119,-0.01540587883389803,1035.0,1022.0,1051.0,1050.0,56883.0,39.0,>3.5km,>3.5km
8069,50,les Roquetes,Nou Barris,431007.0090060481,4588736.01793893,5537.536161113857,1540.0,6.9,True,6607.587284742213,0.0,1568887.0,1568887.0,0.0,0.0,1567211.0,-1676.0,-0.10682732408388877,1421667.0,1421667.0,0.0,1606885.0,1606885.0,0.0,0.0,1038542.630451963,1038382.6535573802,-159.97689458285458,-0.015403979566369297,1031.0,1018.0,1051.0,1050.0,51412.0,35.0,>3.5km,>3.5km
8070,50,les Roquetes,Nou Barris,431061.5894066922,4588650.330555721,5458.822250938823,1477.0,22.6,True,6504.7080312156195,0.0,1576710.0,1576710.0,0.0,0.0,1575034.0,-1676.0,-0.10629728992649251,1420384.0,1420384.0,0.0,1606885.0,1606885.0,0.0,0.0,1050191.6965769723,1050029.799067774,-161.89750919817016,-0.01541599592968255,1036.0,1023.0,1051.0,1050.0,60919.0,42.0,>3.5km,>3.5km
8071,50,les Roquetes,Nou Barris,431019.557429084,4588578.031097875,5382.008458574762,1715.0,37.1,True,6435.973538959478,0.0,1568887.0,1568887.0,0.0,0.0,1567211.0,-1676.0,-0.10682732408388877,1413865.0,1413865.0,0.0,1606885.0,1606885.0,0.0,0.0,1030418.8174106756,1030259.1690915269,-159.64831914869137,-0.015493536846490179,1031.0,1018.0,1051.0,1050.0,61083.0,42.0,>3.5km,>3.5km
8072,50,les Roquetes,Nou Barris,430817.3992069391,4588575.108897672,5359.254037625507,1186.0,12.0,True,6377.117704793618,0.0,1576710.0,1576710.0,0.0,0.0,1575034.0,-1676.0,-0.10629728992649251,1440263.0,1440263.0,0.0,1606885.0,1606885.0,0.0,0.0,1046937.156186438,1046774.4678333,-162.68835313804448,-0.015539457375899363,1036.0,1023.0,1051.0,1050.0,58941.0,40.0,>3.5km,>3.5km
8073,50,les Roquetes,Nou Barris,430934.1189066249,4588446.279666443,5241.643620187704,1725.0,52.8,True,6221.70096269301,0.0,1589397.0,1589397.0,0.0,0.0,1587721.0,-1676.0,-0.10544879598992574,1512755.0,1512755.0,0.0,1606885.0,1606885.0,0.0,0.0,1068801.4634271471,1068635.3537427185,-166.1096844286658,-0.015541678236108473,1041.0,1028.0,1051.0,1050.0,73282.0,51.0,>3.5km,>3.5km
8074,50,les Roquetes,Nou Barris,431318.8099918376,4588609.660507323,5427.257964940987,1513.0,9.2,True,6544.883678492275,0.0,1562194.0,1562194.0,0.0,0.0,1560518.0,-1676.0,-0.1072850106964948,1388015.0,1385939.0,-0.14956610699452094,1606885.0,1606885.0,0.0,0.0,1028280.7353244346,1028122.2580181457,-158.47730628889985,-0.015411871568215114,1027.0,1014.0,1051.0,1050.0,69074.0,47.0,>3.5km,>3.5km
8075,51,Verdun,Nou Barris,431338.7309361214,4588448.753352393,5267.829707758263,1876.0,21.3,True,6264.930031761466,0.0,1564204.0,1564204.0,0.0,0.0,1562528.0,-1676.0,-0.10714714960452729,1418912.0,1418912.0,0.0,1606885.0,1606885.0,0.0,0.0,1052674.931944265,1052514.2015730382,-160.73037122678943,-0.015268756417512892,1030.0,1017.0,1051.0,1050.0,76677.0,52.0,>3.5km,>3.5km
8076,51,Verdun,Nou Barris,431248.6352250804,4588221.647326079,5036.101051154273,1585.0,19.9,True,6018.73810109121,0.0,1585762.0,1585762.0,0.0,0.0,1584086.0,-1676.0,-0.10569051345662211,1372896.0,1368551.0,-0.31648427848868377,1606885.0,1606885.0,0.0,0.0,1069100.9372086397,1068934.744180243,-166.193028396694,-0.015545120447711355,1039.0,1028.0,1051.0,1050.0,77631.0,52.0,>3.5km,>3.5km
8077,51,Verdun,Nou Barris,431152.1784478027,4588370.278661452,5181.00976628525,1407.0,19.5,True,6161.97268650916,0.0,1572499.0,1572499.0,0.0,0.0,1570823.0,-1676.0,-0.10658194377230129,1329836.0,1329836.0,0.0,1606885.0,1606885.0,0.0,0.0,1057113.8398839016,1056949.1358828126,-164.70400108909234,-0.015580535877496514,1033.0,1022.0,1051.0,1050.0,74592.0,52.0,>3.5km,>3.5km
8078,51,Verdun,Nou Barris,430945.6626824221,4588283.0244624885,5080.54142381168,1536.0,1.5,True,6064.757809908574,0.0,1587730.0,1587730.0,0.0,0.0,1586054.0,-1676.0,-0.10555950948838909,1450485.0,1450485.0,0.0,1606885.0,1606885.0,0.0,0.0,1066716.4712472768,1066550.4309505934,-166.04029668332078,-0.015565551030554096,1041.0,1029.0,1051.0,1050.0,75214.0,51.0,>3.5km,>3.5km
8079,51,Verdun,Nou Barris,430980.330000225,4588117.321903261,4919.892415486605,1420.0,6.6,True,5844.276571659814,0.0,1572499.0,1572499.0,0.0,0.0,1570823.0,-1676.0,-0.10658194377230129,1335054.0,1335054.0,0.0,1606885.0,1606885.0,0.0,0.0,1055067.584014321,1054903.1963007126,-164.38771360833198,-0.015580775686697683,1033.0,1022.0,1051.0,1050.0,76808.0,52.0,>3.5km,>3.5km
8080,51,Verdun,Nou Barris,431077.42578369984,4588140.440486683,4949.668023834513,1518.0,39.1,True,5903.427406824814,0.0,1556580.0,1556580.0,0.0,0.0,1554904.0,-1676.0,-0.10767194747459173,1253919.0,1253919.0,0.0,1606885.0,1606885.0,0.0,0.0,1038850.0723134999,1038688.2231354034,-161.84917809651233,-0.015579647382232666,1025.0,1013.0,1051.0,1050.0,75899.0,51.0,>3.5km,>3.5km
8081,51,Verdun,Nou Barris,431093.5543540973,4588021.055069818,4830.549107862399,1626.0,29.7,True,5720.4844182327315,0.0,1567952.0,1567952.0,0.0,0.0,1566276.0,-1676.0,-0.1068910272763452,1384846.0,1382770.0,-0.14990836526227466,1606885.0,1606885.0,0.0,0.0,1047566.0110538482,1047404.1295955818,-161.8814582664054,-0.015453103342246961,1032.0,1020.0,1051.0,1050.0,85234.0,58.0,>3.5km,>3.5km
8082,51,Verdun,Nou Barris,431140.3396408396,4587963.04933715,4773.608860133255,1590.0,23.1,True,5697.392470553578,0.0,1585762.0,1585762.0,0.0,0.0,1584086.0,-1676.0,-0.10569051345662211,1380977.0,1378901.0,-0.15032835449105958,1606885.0,1606885.0,0.0,0.0,1070974.7174402983,1070807.3571250327,-167.36031526559964,-0.01562691560689706,1039.0,1028.0,1051.0,1050.0,90437.0,61.0,>3.5km,>3.5km
8083,52,la Prosperitat,Nou Barris,431201.7006045772,4587836.105004903,4648.850696567149,1282.0,23.7,True,5522.189855134954,0.0,1587664.0,1587664.0,0.0,0.0,1585988.0,-1676.0,-0.10556389765088835,1461900.0,1461900.0,0.0,1606885.0,1606885.0,0.0,0.0,1110044.8261575804,1109870.2897344856,-174.53642309480347,-0.015723367109323073,1040.0,1029.0,1051.0,1050.0,93558.0,65.0,>3.5km,>3.5km
8084,52,la Prosperitat,Nou Barris,431443.5606705191,4587873.857369104,4702.720426753813,1087.0,44.5,True,5629.207334484283,0.0,1566897.0,1566897.0,0.0,0.0,1565221.0,-1676.0,-0.10696299756780439,1379500.0,1379500.0,0.0,1606885.0,1606885.0,0.0,0.0,1062373.5009789579,1062208.081268855,-165.41971010295674,-0.015570767714982113,1028.0,1017.0,1051.0,1050.0,95261.0,64.0,>3.5km,>3.5km
8085,52,la Prosperitat,Nou Barris,431381.9138906231,4587946.56632101,4769.910206659745,1504.0,1.5,True,5700.315525280253,0.0,1583287.0,1583287.0,0.0,0.0,1581611.0,-1676.0,-0.10585572925186652,1379362.0,1379362.0,0.0,1606885.0,1606885.0,0.0,0.0,1083336.4062541055,1083166.2964990651,-170.10975504037924,-0.015702394386299116,1037.0,1026.0,1051.0,1050.0,90624.0,60.0,>3.5km,>3.5km
8086,52,la Prosperitat,Nou Barris,431290.1516839723,4588009.748484822,4826.691343063016,1642.0,25.7,True,5721.687123642652,0.0,1583287.0,1583287.0,0.0,0.0,1581611.0,-1676.0,-0.10585572925186652,1371295.0,1371295.0,0.0,1606885.0,1606885.0,0.0,0.0,1080735.3556467127,1080565.5833681533,-169.77227855939418,-0.01570895942955455,1037.0,1026.0,1051.0,1050.0,88427.0,60.0,>3.5km,>3.5km
8087,52,la Prosperitat,Nou Barris,431399.44203371217,4588176.27993881,5000.291119589604,1204.0,32.6,True,6008.041991762858,0.0,1572772.0,1572772.0,0.0,0.0,1571096.0,-1676.0,-0.10656344339802591,1383274.0,1383274.0,0.0,1606885.0,1606885.0,0.0,0.0,1057306.1479989542,1057141.4214521935,-164.7265467606485,-0.015579834381215707,1031.0,1020.0,1051.0,1050.0,80492.0,53.0,>3.5km,>3.5km
8088,52,la Prosperitat,Nou Barris,431473.78957752953,4588292.932342711,5122.803212789198,1249.0,11.7,True,6007.918514304854,0.0,1583287.0,1583287.0,0.0,0.0,1581611.0,-1676.0,-0.10585572925186652,1413737.0,1413737.0,0.0,1606885.0,1606885.0,0.0,0.0,1063825.6139796018,1063661.0352728816,-164.57870672014542,-0.01547045912012616,1037.0,1026.0,1051.0,1050.0,79068.0,52.0,>3.5km,>3.5km
8089,52,la Prosperitat,Nou Barris,431507.6876479708,4588405.055725213,5237.592089505882,1217.0,40.2,True,6109.174484217226,0.0,1553876.0,1553876.0,0.0,0.0,1552200.0,-1676.0,-0.10785931438544646,1317318.0,1317318.0,0.0,1606885.0,1606885.0,0.0,0.0,1029678.237003299,1029520.8631193491,-157.37388394982554,-0.015283792382349956,1023.0,1010.0,1051.0,1049.0,75663.0,51.0,>3.5km,>3.5km
8090,52,la Prosperitat,Nou Barris,431634.8751466999,4588264.765051194,5111.960838930744,1204.0,26.6,True,5923.807474983724,0.0,1583287.0,1583287.0,0.0,0.0,1581611.0,-1676.0,-0.10585572925186652,1422180.0,1422180.0,0.0,1606885.0,1606885.0,0.0,0.0,1066874.9985130827,1066708.8785397236,-166.11997335916385,-0.015570706370538945,1037.0,1026.0,1051.0,1050.0,79932.0,54.0,>3.5km,>3.5km
8091,52,la Prosperitat,Nou Barris,431538.2335945508,4588112.688956516,4949.802753959409,1168.0,26.3,True,5778.817718301752,0.0,1565376.0,1565376.0,0.0,0.0,1563700.0,-1676.0,-0.10706692832904044,1330418.0,1328342.0,-0.15604118404892298,1606885.0,1606885.0,0.0,0.0,1058243.9019185435,1058077.9694557346,-165.9324628089089,-0.015679982895066214,1027.0,1016.0,1051.0,1050.0,88075.0,58.0,>3.5km,>3.5km
8092,52,la Prosperitat,Nou Barris,431651.81381010433,4587928.414909875,4780.564818566494,993.0,33.9,True,5425.0258113880645,0.0,1565969.0,1565969.0,0.0,0.0,1564293.0,-1676.0,-0.10702638430262668,1366732.0,1366732.0,0.0,1606885.0,1606885.0,0.0,0.0,1051205.9963535846,1051038.0441616916,-167.95219189301133,-0.015977096066384956,1027.0,1016.0,1051.0,1050.0,92063.0,62.0,>3.5km,>3.5km
8093,52,la Prosperitat,Nou Barris,431680.74834348535,4588127.739073471,4981.969759138866,1250.0,37.5,True,5717.372854582902,0.0,1560854.0,1560854.0,0.0,0.0,1559178.0,-1676.0,-0.10737711534839262,1359915.0,1359915.0,0.0,1606885.0,1606885.0,0.0,0.0,1030489.674801365,1030326.3489504268,-163.325850938214,-0.015849343756859702,1024.0,1013.0,1051.0,1050.0,94576.0,62.0,>3.5km,>3.5km
8094,52,la Prosperitat,Nou Barris,431814.8356655793,4588128.750621272,5002.808535461355,1414.0,56.4,True,5663.140348462292,0.0,1566023.0,1566023.0,0.0,0.0,1564347.0,-1676.0,-0.10702269379185363,1407988.0,1407988.0,0.0,1606885.0,1606885.0,0.0,0.0,1068751.1730778157,1068579.6532193595,-171.51985845621675,-0.016048624111660123,1027.0,1016.0,1051.0,1050.0,82196.0,56.0,>3.5km,>3.5km
8095,52,la Prosperitat,Nou Barris,431910.2564034189,4588031.741241555,4923.656829265479,1087.0,67.3,True,5651.41663545305,0.0,1576035.0,1576035.0,0.0,0.0,1574359.0,-1676.0,-0.10634281599076163,1490972.0,1490972.0,0.0,1606885.0,1606885.0,0.0,0.0,1084883.1026369282,1084708.362375617,-174.74026131117716,-0.016106828550140718,1033.0,1022.0,1051.0,1050.0,80470.0,56.0,>3.5km,>3.5km
8096,52,la Prosperitat,Nou Barris,431961.5849772771,4588303.75160457,5200.466912683198,1523.0,34.6,True,5737.056637715483,0.0,1567487.0,1567487.0,0.0,0.0,1565811.0,-1676.0,-0.10692273683928478,1375893.0,1375893.0,0.0,1606885.0,1606885.0,0.0,0.0,1049497.1662488256,1049330.212785702,-166.95346312364563,-0.015907947967156548,1028.0,1017.0,1051.0,1050.0,69748.0,48.0,>3.5km,>3.5km
8097,52,la Prosperitat,Nou Barris,432018.79249278095,4588549.11963231,5452.173718987152,1317.0,10.8,True,6006.873416170108,0.0,1569280.0,1569280.0,0.0,0.0,1567604.0,-1676.0,-0.10680057096247961,1409049.0,1409049.0,0.0,1606885.0,1606885.0,0.0,0.0,1044984.0506341277,1044819.3430824819,-164.7075516458135,-0.01576172875996184,1029.0,1018.0,1051.0,1050.0,65829.0,43.0,>3.5km,>3.5km
8098,52,la Prosperitat,Nou Barris,431881.9974209814,4588513.234212372,5393.0913182703935,1267.0,54.5,True,5979.417455274642,0.0,1572772.0,1572772.0,0.0,0.0,1571096.0,-1676.0,-0.10656344339802591,1444463.0,1444463.0,0.0,1606885.0,1606885.0,0.0,0.0,1050840.8766988793,1050675.442641372,-165.4340575071983,-0.015743016966269365,1031.0,1020.0,1051.0,1050.0,72246.0,48.0,>3.5km,>3.5km
8099,52,la Prosperitat,Nou Barris,431817.74823572754,4588340.580039978,5212.435633784637,1422.0,23.9,True,5846.358425566245,0.0,1574926.0,1574926.0,0.0,0.0,1573250.0,-1676.0,-0.1064176983553513,1467246.0,1467246.0,0.0,1606885.0,1606885.0,0.0,0.0,1077035.3643004266,1076862.9079136825,-172.45638674404472,-0.016012137805341366,1032.0,1021.0,1051.0,1050.0,78073.0,53.0,>3.5km,>3.5km
8100,52,la Prosperitat,Nou Barris,431764.09023515694,4588417.336015939,5280.337689783702,1269.0,56.0,True,6059.697773695615,0.0,1569280.0,1569280.0,0.0,0.0,1567604.0,-1676.0,-0.10680057096247961,1405988.0,1405988.0,0.0,1606885.0,1606885.0,0.0,0.0,1052547.7961901964,1052381.5779108363,-166.21827936009504,-0.015791993481126365,1029.0,1018.0,1051.0,1050.0,71394.0,48.0,>3.5km,>3.5km
8101,52,la Prosperitat,Nou Barris,431763.6676441107,4588588.838365555,5450.07483201663,1680.0,12.2,True,6178.026508808134,0.0,1537107.0,1537107.0,0.0,0.0,1535431.0,-1676.0,-0.10903600074685757,1299030.0,1294685.0,-0.3344803430251803,1606885.0,1606885.0,0.0,0.0,1016359.0756263131,1016200.5823796301,-158.49324668303598,-0.01559421768191201,1013.0,1000.0,1051.0,1049.0,75199.0,50.0,>3.5km,>3.5km
8102,52,la Prosperitat,Nou Barris,431593.208685828,4588500.488026085,5341.272658725062,1567.0,44.5,True,6133.070820033691,0.0,1554962.0,1554962.0,0.0,0.0,1553286.0,-1676.0,-0.1077839844317739,1379614.0,1379614.0,0.0,1606885.0,1606885.0,0.0,0.0,1034060.042468171,1033899.8784899326,-160.16397823835723,-0.015488847036006342,1024.0,1012.0,1051.0,1050.0,69179.0,47.0,>3.5km,>3.5km
8103,53,la Trinitat Nova,Nou Barris,431609.2655427377,4588850.593156333,5691.0779906905445,1653.0,26.8,True,6647.605380414249,0.0,1559838.0,1559838.0,0.0,0.0,1558162.0,-1676.0,-0.10744705539934275,1398246.0,1398246.0,0.0,1606885.0,1606885.0,0.0,0.0,1040661.5247679958,1040501.2435035126,-160.2812644832302,-0.0154018632060951,1027.0,1014.0,1051.0,1050.0,63409.0,41.0,>3.5km,>3.5km
8104,53,la Trinitat Nova,Nou Barris,431814.33235685393,4588756.539805517,5623.240097345101,1234.0,49.1,True,6582.393901484374,0.0,1234.0,1234.0,0.0,0.0,1234.0,0.0,0.0,1234.0,1234.0,0.0,1234.0,1234.0,0.0,0.0,1234.0,1234.0,0.0,0.0,1.0,1.0,1.0,1.0,50837.0,33.0,>3.5km,>3.5km
8105,53,la Trinitat Nova,Nou Barris,432057.03944614896,4588829.620774991,5734.924032177157,1426.0,60.9,True,6430.380957099565,0.0,1571505.0,1571505.0,0.0,0.0,1569829.0,-1676.0,-0.10664935841756787,1467347.0,1467347.0,0.0,1606885.0,1606885.0,0.0,0.0,1059351.0993506692,1059183.2061708907,-167.89317977847531,-0.015848681318345322,1030.0,1019.0,1051.0,1050.0,51005.0,32.0,>3.5km,>3.5km
8106,53,la Trinitat Nova,Nou Barris,432174.30790613353,4589133.894468057,6055.796767331098,1236.0,5.7,True,6570.32064854597,0.0,1557643.0,1557643.0,0.0,0.0,1555967.0,-1676.0,-0.10759846768482893,1405878.0,1405878.0,0.0,1606885.0,1606885.0,0.0,0.0,1026213.3280056312,1026050.7206609908,-162.6073446404189,-0.015845374465797875,1022.0,1011.0,1051.0,1050.0,33179.0,19.0,>3.5km,>3.5km
8107,53,la Trinitat Nova,Nou Barris,431948.0969661391,4589274.7681006165,6155.556701668187,1872.0,46.0,True,7016.799525796896,0.0,1491639.0,1491639.0,0.0,0.0,1489963.0,-1676.0,-0.11235962588803323,1176687.0,1176687.0,0.0,1606885.0,1606885.0,0.0,0.0,988186.6186334965,988031.8820070628,-154.73662643367425,-0.01565864417873318,985.0,972.0,1051.0,1049.0,20421.0,12.0,>3.5km,>3.5km
8108,54,Torre Baró,Nou Barris,431603.700311754,4589750.86527836,6586.510456581894,1929.0,22.2,True,7962.845454438723,0.0,1268311.0,1266235.0,-2076.0,-0.1636822514351764,1264559.0,-3752.0,-0.2958264968134787,1009090.0,1007324.0,-0.17500916667492494,1606885.0,1606885.0,0.0,0.0,903967.4624686347,903826.2084586172,-141.2540100174956,-0.015626006010409556,838.0,825.0,1051.0,1049.0,5335.0,3.0,>3.5km,>3.5km
8109,54,Torre Baró,Nou Barris,430735.5307038729,4589488.293928585,6264.935330042616,979.0,61.2,True,8465.274072675029,0.0,1228802.0,1228802.0,0.0,0.0,1227126.0,-1676.0,-0.1363930071728399,846229.0,846229.0,0.0,1606885.0,1606885.0,0.0,0.0,866667.2093900163,866534.4308064028,-132.77858361345716,-0.01532059620750049,818.0,809.0,1051.0,1048.0,4351.0,3.0,>3.5km,>3.5km
8110,55,Ciutat Meridiana,Nou Barris,430736.5067634423,4590184.942174668,6960.684327675329,1990.0,12.5,True,9343.563409145523,0.0,1087740.0,1087740.0,0.0,0.0,1087740.0,0.0,0.0,914240.0,912474.0,-0.19316590829541477,1606885.0,1606885.0,0.0,0.0,844089.3476056233,843955.3408412964,-134.00676432694308,-0.015875898055943,719.0,710.0,1051.0,1048.0,10808.0,6.0,>3.5km,>3.5km
8111,55,Ciutat Meridiana,Nou Barris,431024.9109946379,4590152.627995199,6948.755970138225,1659.0,50.6,True,8677.163680411022,0.0,1238681.0,1236605.0,-2076.0,-0.16759763005971676,1234929.0,-3752.0,-0.30290284584973853,967134.0,967134.0,0.0,1606885.0,1606885.0,0.0,0.0,893930.6614957956,893788.7011345766,-141.96036121901125,-0.015880466722270375,819.0,805.0,1051.0,1049.0,10808.0,6.0,>3.5km,>3.5km
8112,55,Ciutat Meridiana,Nou Barris,431362.85924293264,4590227.447277609,7045.088405280001,1699.0,24.8,True,8302.835433598982,0.0,1344316.0,1344316.0,0.0,0.0,1342640.0,-1676.0,-0.1246730679393833,1160291.0,1160291.0,0.0,1606885.0,1606885.0,0.0,0.0,928973.888212492,928826.3199172015,-147.5682952904608,-0.01588508537892362,889.0,876.0,1051.0,1049.0,14157.0,8.0,>3.5km,>3.5km
8113,55,Ciutat Meridiana,Nou Barris,431184.8415596615,4590261.387172626,7072.326296882659,1790.0,19.6,True,8863.694218876399,0.0,1198889.0,1197451.0,-1438.0,-0.11994438184018703,1195775.0,-3114.0,-0.25974047639105874,922821.0,921055.0,-0.19136972392262422,1606885.0,1606885.0,0.0,0.0,878264.3177434347,878124.9808327298,-139.3369107048493,-0.015865031504735852,791.0,778.0,1051.0,1048.0,10808.0,6.0,>3.5km,>3.5km
8114,55,Ciutat Meridiana,Nou Barris,431212.5188015093,4590491.463207594,7303.051856254749,1963.0,7.5,True,9345.32573986805,0.0,1118328.0,1118328.0,0.0,0.0,1116652.0,-1676.0,-0.14986658654705953,908579.0,906813.0,-0.19436944943697795,1606885.0,1606885.0,0.0,0.0,853361.9849217762,853226.5206398547,-135.4642819215078,-0.01587418754468248,738.0,729.0,1051.0,1048.0,10808.0,6.0,>3.5km,>3.5km
8115,55,Ciutat Meridiana,Nou Barris,431401.5413127872,4590420.026352399,7239.4246074150415,1707.0,30.5,True,8516.135346835315,0.0,1145621.0,1145621.0,0.0,0.0,1143945.0,-1676.0,-0.1462962009250878,928870.0,927104.0,-0.19012348337226953,1606885.0,1606885.0,0.0,0.0,859576.8767423609,859440.4684531816,-136.4082891793223,-0.01586923669890758,756.0,747.0,1051.0,1048.0,14157.0,8.0,>3.5km,>3.5km
8116,56,Vallbona,Nou Barris,431862.7154701571,4590528.561109563,7386.798445445395,1420.0,35.6,True,8152.760487680098,0.0,1175005.0,1172736.0,-2269.0,-0.19310556125293085,1171060.0,-3945.0,-0.3357432521563738,941865.0,940099.0,-0.18750033178852596,1606885.0,1606885.0,0.0,0.0,866043.3735302282,865905.8720240144,-137.50150621379726,-0.015876976883190473,775.0,764.0,1051.0,1048.0,4826.0,3.0,>3.5km,>3.5km
8215,48,la Guineueta,Nou Barris,430688.1493170832,4587563.6231787205,4340.963223227269,1553.0,75.4,True,5566.762216796055,0.0,1588122.0,1588122.0,0.0,0.0,1586446.0,-1676.0,-0.10553345397897643,1431610.0,1431610.0,0.0,1606885.0,1606885.0,0.0,0.0,1094074.806661074,1093903.5019391694,-171.30472190468572,-0.015657496257269456,1040.0,1029.0,1051.0,1050.0,86510.0,61.0,>3.5km,>3.5km
9001,57,la Trinitat Vella,Sant Andreu,432396.5222958232,4589641.791228063,6598.056150357284,2739.0,5.8,True,7790.43540114221,0.0,2739.0,2739.0,0.0,0.0,2739.0,0.0,0.0,2739.0,2739.0,0.0,2739.0,2739.0,0.0,0.0,2739.0,2739.0,0.0,0.0,1.0,1.0,1.0,1.0,14892.0,8.0,>3.5km,>3.5km
9002,57,la Trinitat Vella,Sant Andreu,432541.0753778075,4589240.655689819,6240.365163511458,2158.0,22.4,True,6789.8542287463615,0.0,1453905.0,1453905.0,0.0,0.0,1452229.0,-1676.0,-0.11527575735691122,1226371.0,1224295.0,-0.16927993241849326,1606885.0,1606885.0,0.0,0.0,974992.0489230964,974837.2430594924,-154.80586360394955,-0.015877653953684706,960.0,947.0,1051.0,1049.0,21564.0,11.0,>3.5km,>3.5km
9003,57,la Trinitat Vella,Sant Andreu,432368.6053407267,4589246.802458076,6206.278315775998,2176.0,39.5,True,6703.138596871412,0.0,1420235.0,1420235.0,0.0,0.0,1418559.0,-1676.0,-0.11800863941530804,1171894.0,1171894.0,0.0,1606885.0,1606885.0,0.0,0.0,963182.6381542891,963030.6455804381,-151.992573851021,-0.01578024435140138,940.0,927.0,1051.0,1049.0,27398.0,15.0,>3.5km,>3.5km
9004,57,la Trinitat Vella,Sant Andreu,432450.8187904597,4589072.018312138,6054.906859334081,1663.0,13.2,True,6600.795347435945,0.0,1465143.0,1465143.0,0.0,0.0,1463467.0,-1676.0,-0.11439156450940284,1246369.0,1244293.0,-0.166563834626824,1606885.0,1606885.0,0.0,0.0,978010.3903699227,977856.4695610163,-153.9208089064341,-0.015738156815308994,967.0,954.0,1051.0,1049.0,28641.0,16.0,>3.5km,>3.5km
9005,57,la Trinitat Vella,Sant Andreu,432708.0217151209,4589000.02793868,6052.116379437176,1622.0,55.4,True,6758.399470364988,0.0,1581766.0,1581766.0,0.0,0.0,1580090.0,-1676.0,-0.10595751836870941,1447838.0,1447838.0,0.0,1606885.0,1606885.0,0.0,0.0,1052947.4858901333,1052784.7813960523,-162.70449408097193,-0.015452289526426473,1036.0,1025.0,1051.0,1050.0,23469.0,13.0,>3.5km,>3.5km
9006,58,Baró de Viver,Sant Andreu,433181.55893465935,4588786.453474238,6002.141046015912,1275.0,32.3,True,6647.9146292538335,0.0,1507706.0,1507706.0,0.0,0.0,1506030.0,-1676.0,-0.11116225577135065,1292318.0,1292318.0,0.0,1606885.0,1606885.0,0.0,0.0,1009592.2979044737,1009431.6880294397,-160.60987503407523,-0.015908389492217772,993.0,981.0,1051.0,1050.0,10806.0,7.0,>3.5km,>3.5km
9007,58,Baró de Viver,Sant Andreu,433068.54157719895,4588504.262629902,5698.177764027121,1328.0,20.1,True,6400.378270327041,0.0,1523346.0,1523346.0,0.0,0.0,1521670.0,-1676.0,-0.11002096700290019,1279371.0,1279371.0,0.0,1606885.0,1606885.0,0.0,0.0,1011499.0588693289,1011341.576393881,-157.48247544793412,-0.015569216211033429,999.0,987.0,1051.0,1050.0,12257.0,8.0,>3.5km,>3.5km
9008,59,el Bon Pastor,Sant Andreu,432918.13263507886,4587864.400306538,5048.026905700343,1869.0,21.3,True,5603.159096910851,0.0,1541934.0,1541934.0,0.0,0.0,1540258.0,-1676.0,-0.10869466527101679,1256578.0,1256578.0,0.0,1606885.0,1606885.0,0.0,0.0,1017364.2213812,1017206.4885001602,-157.7328810398467,-0.015504071966056016,1011.0,1000.0,1051.0,1050.0,27191.0,19.0,>3.5km,>3.5km
9009,59,el Bon Pastor,Sant Andreu,433385.1401964632,4588034.569946192,5394.728740267848,1384.0,72.2,True,6131.828818506717,0.0,1513281.0,1513281.0,0.0,0.0,1511605.0,-1676.0,-0.11075272867365678,1266559.0,1266559.0,0.0,1606885.0,1606885.0,0.0,0.0,997355.4725596601,997204.4922363969,-150.98032326321118,-0.015138065355547521,995.0,982.0,1051.0,1049.0,15480.0,9.0,>3.5km,>3.5km
9010,59,el Bon Pastor,Sant Andreu,433411.2205271544,4587595.353687234,5016.581142098436,1794.0,18.6,True,5733.7960286391835,0.0,1548435.0,1548435.0,0.0,0.0,1546759.0,-1676.0,-0.1082383180437022,1268895.0,1268895.0,0.0,1606885.0,1606885.0,0.0,0.0,1029310.3206165062,1029146.9966749201,-163.3239415860735,-0.015867317981252776,1015.0,1004.0,1051.0,1050.0,13553.0,7.0,>3.5km,>3.5km
9011,59,el Bon Pastor,Sant Andreu,433754.1718924613,4587644.649029886,5231.435422086132,1637.0,37.9,True,5652.1931064893715,0.0,1501091.0,1501091.0,0.0,0.0,1499415.0,-1676.0,-0.11165212502106801,965827.0,965827.0,0.0,1606885.0,1606885.0,0.0,0.0,984152.2381615,983996.0528170285,-156.18534447147977,-0.015870039046321782,985.0,974.0,1051.0,1050.0,11684.0,6.0,>3.5km,>3.5km
9013,59,el Bon Pastor,Sant Andreu,433819.1107851248,4587336.19715604,5007.6411236769,2031.0,20.6,True,5341.741040248699,0.0,1587078.0,1587078.0,0.0,0.0,1585402.0,-1676.0,-0.10560287522100363,1369843.0,1369843.0,0.0,1608916.0,1608916.0,0.0,0.0,1051468.2466517962,1051297.7885997444,-170.45805205171928,-0.01621143126238106,1038.0,1027.0,1052.0,1051.0,13251.0,7.0,>3.5km,>3.5km
9014,59,el Bon Pastor,Sant Andreu,433596.5315735287,4587273.729748581,4833.341569818689,2988.0,25.7,True,5343.490990086685,0.0,1507642.0,1507642.0,0.0,0.0,1505966.0,-1676.0,-0.11116697465313384,957562.0,957562.0,0.0,1606885.0,1606885.0,0.0,0.0,982979.26730786,982821.9112621839,-157.35604567604605,-0.016008073711158304,990.0,979.0,1051.0,1050.0,13251.0,7.0,>3.5km,>3.5km
9015,59,el Bon Pastor,Sant Andreu,433225.9513684705,4587046.45157328,4447.111175356287,1850.0,40.8,True,5713.355958277492,0.0,1554807.0,1554807.0,0.0,0.0,1553131.0,-1676.0,-0.10779472950662043,1249799.0,1249799.0,0.0,1606885.0,1606885.0,0.0,0.0,1028369.0784226519,1028204.2608862768,-164.8175363750197,-0.016027080144010414,1019.0,1008.0,1051.0,1050.0,10300.0,5.0,>3.5km,>3.5km
9016,60,Sant Andreu,Sant Andreu,432689.0905847685,4587111.016836672,4264.597720401273,1282.0,35.7,True,4740.228089195829,0.0,1536483.0,1536483.0,0.0,0.0,1534807.0,-1676.0,-0.1090802826975632,1379205.0,1379205.0,0.0,1606885.0,1606885.0,0.0,0.0,1035706.4552115848,1035538.163410731,-168.2918008537963,-0.01624898638093512,1008.0,997.0,1051.0,1050.0,51759.0,36.0,>3.5km,>3.5km
9017,60,Sant Andreu,Sant Andreu,432679.5739320817,4586967.7769418685,4129.466236275252,1512.0,7.9,True,4564.954000394084,0.0,1563545.0,1563545.0,0.0,0.0,1561869.0,-1676.0,-0.10719230978321699,1385377.0,1385377.0,0.0,1606885.0,1606885.0,0.0,0.0,1063113.5033392026,1062940.8598536714,-172.6434855312109,-0.016239421754021908,1024.0,1013.0,1051.0,1050.0,53710.0,38.0,>3.5km,>3.5km
9018,60,Sant Andreu,Sant Andreu,432762.4691072065,4586858.443938163,4064.782377802359,1462.0,20.4,True,4530.821412281833,0.0,1557161.0,1557161.0,0.0,0.0,1555485.0,-1676.0,-0.1076317734646578,1369851.0,1369851.0,0.0,1606885.0,1606885.0,0.0,0.0,1058302.7241657842,1058130.7486922373,-171.97547354688868,-0.016250121030582224,1021.0,1010.0,1051.0,1050.0,47830.0,34.0,>3.5km,>3.5km
9019,60,Sant Andreu,Sant Andreu,432744.1838316049,4586658.367717836,3877.017128887529,2665.0,35.2,True,4355.721177533762,0.0,1550667.0,1550667.0,0.0,0.0,1548991.0,-1676.0,-0.1080825219083143,1403909.0,1403909.0,0.0,1606885.0,1606885.0,0.0,0.0,1050702.8086955834,1050531.4772943896,-171.3314011937473,-0.016306361777641977,1017.0,1006.0,1051.0,1050.0,41213.0,29.0,>3.5km,>3.5km
9020,60,Sant Andreu,Sant Andreu,432526.36571756686,4586696.459985659,3819.484171801398,1115.0,2.4,True,4180.441303757695,0.0,1543606.0,1543606.0,0.0,0.0,1541930.0,-1676.0,-0.10857692960509353,1310070.0,1310070.0,0.0,1606885.0,1606885.0,0.0,0.0,1030955.6269492927,1030786.7329093121,-168.89403998060152,-0.016382280242300724,1012.0,1001.0,1051.0,1050.0,59937.0,42.0,>3.5km,>3.5km
9021,60,Sant Andreu,Sant Andreu,432367.35034687485,4586767.1893083,3825.189253463857,1407.0,28.2,True,4335.050465018148,0.0,1580674.0,1580674.0,0.0,0.0,1578998.0,-1676.0,-0.10603071854158416,1441116.0,1441116.0,0.0,1606885.0,1606885.0,0.0,0.0,1074594.6229818175,1074417.539446282,-177.08353553549387,-0.016479101211591508,1035.0,1024.0,1051.0,1050.0,63089.0,44.0,>3.5km,>3.5km
9022,60,Sant Andreu,Sant Andreu,432470.5049034265,4586888.603833458,3975.676788650717,1268.0,18.9,True,4429.12969001849,0.0,1580667.0,1580667.0,0.0,0.0,1578991.0,-1676.0,-0.10603118809970727,1445080.0,1445080.0,0.0,1606885.0,1606885.0,0.0,0.0,1080469.3563909014,1080291.9466584995,-177.40973240183666,-0.016419691252923592,1035.0,1024.0,1051.0,1050.0,66314.0,46.0,>3.5km,>3.5km
9023,60,Sant Andreu,Sant Andreu,432479.4393810256,4587022.973349467,4104.129474072632,1212.0,39.3,True,4573.683035568423,0.0,1563001.0,1563001.0,0.0,0.0,1561325.0,-1676.0,-0.10722961789531804,1370890.0,1370890.0,0.0,1606885.0,1606885.0,0.0,0.0,1054672.3574110237,1054499.2036311047,-173.15377991902642,-0.01641777929442266,1024.0,1013.0,1051.0,1050.0,60521.0,42.0,>3.5km,>3.5km
9024,60,Sant Andreu,Sant Andreu,432472.32792708697,4587184.5931567205,4252.964328214679,1195.0,34.5,True,4833.6595217554095,0.0,1548886.0,1548886.0,0.0,0.0,1547210.0,-1676.0,-0.10820680153348923,1340361.0,1340361.0,0.0,1606885.0,1606885.0,0.0,0.0,1050631.6768033043,1050462.882198542,-168.7946047624573,-0.016066011380509563,1015.0,1004.0,1051.0,1050.0,53023.0,37.0,>3.5km,>3.5km
9025,60,Sant Andreu,Sant Andreu,432466.535616874,4587390.472319114,4444.937589174673,1233.0,9.1,True,4908.668212024044,0.0,1550762.0,1550762.0,0.0,0.0,1549086.0,-1676.0,-0.1080759007507277,1397198.0,1397198.0,0.0,1606885.0,1606885.0,0.0,0.0,1052187.5374497655,1052019.0278084418,-168.50964132370427,-0.0160151717565605,1016.0,1005.0,1051.0,1050.0,56483.0,39.0,>3.5km,>3.5km
9026,60,Sant Andreu,Sant Andreu,432360.0700093488,4587575.264873936,4587.439921331124,1477.0,50.3,True,4994.595191255832,0.0,1430862.0,1430862.0,0.0,0.0,1429186.0,-1676.0,-0.11713219024615931,1169328.0,1167252.0,-0.17753786790361645,1606885.0,1606885.0,0.0,0.0,976542.4842338865,976386.1944966966,-156.2897371898871,-0.01600439711668038,944.0,931.0,1051.0,1049.0,67728.0,46.0,>3.5km,>3.5km
9027,60,Sant Andreu,Sant Andreu,432563.8720564145,4587590.488139793,4665.88544668388,1284.0,48.0,True,5092.877747434027,0.0,1525591.0,1525591.0,0.0,0.0,1523915.0,-1676.0,-0.10985906445436555,1304012.0,1304012.0,0.0,1606885.0,1606885.0,0.0,0.0,1032190.1652676676,1032024.8692809816,-165.2959866860183,-0.016014102076157034,1001.0,990.0,1051.0,1050.0,47593.0,33.0,>3.5km,>3.5km
9028,60,Sant Andreu,Sant Andreu,432532.87209239294,4587766.646842291,4822.449414685633,1561.0,23.8,True,5304.787957351009,0.0,1529377.0,1529377.0,0.0,0.0,1527701.0,-1676.0,-0.10958710638384127,1284391.0,1284391.0,0.0,1606885.0,1606885.0,0.0,0.0,1019226.8699452265,1019065.5372556518,-161.3326895746868,-0.015828928213338495,1003.0,991.0,1051.0,1050.0,46269.0,31.0,>3.5km,>3.5km
9029,60,Sant Andreu,Sant Andreu,432462.2939529859,4587830.639857193,4861.645900681661,1085.0,48.6,True,5349.777195736652,0.0,1536232.0,1536232.0,0.0,0.0,1534556.0,-1676.0,-0.10909810497372793,1298526.0,1298526.0,0.0,1606885.0,1606885.0,0.0,0.0,1023746.280129052,1023584.2199808308,-162.06014822120778,-0.015830108628163093,1007.0,995.0,1051.0,1050.0,54057.0,37.0,>3.5km,>3.5km
9030,60,Sant Andreu,Sant Andreu,432503.9822730004,4587963.583890881,5000.97296220231,1451.0,41.4,True,5458.500435503926,0.0,1540590.0,1540590.0,0.0,0.0,1538914.0,-1676.0,-0.10878948974094341,1310831.0,1310831.0,0.0,1606885.0,1606885.0,0.0,0.0,1027349.2885364085,1027186.2934222335,-162.9951141749043,-0.015865598584013416,1010.0,999.0,1051.0,1050.0,46993.0,32.0,>3.5km,>3.5km
9031,60,Sant Andreu,Sant Andreu,432688.9593660075,4588260.169345744,5340.013074992351,1174.0,10.1,True,6565.724958541925,0.0,1174.0,1174.0,0.0,0.0,1174.0,0.0,0.0,1174.0,1174.0,0.0,1174.0,1174.0,0.0,0.0,1174.0,1174.0,0.0,0.0,1.0,1.0,1.0,1.0,36749.0,24.0,>3.5km,>3.5km
9032,60,Sant Andreu,Sant Andreu,432443.99469917617,4588447.819619023,5448.884969412914,2154.0,57.9,True,5938.168819069241,0.0,1564588.0,1564588.0,0.0,0.0,1562912.0,-1676.0,-0.1071208522627043,1445704.0,1445704.0,0.0,1606885.0,1606885.0,0.0,0.0,1066921.6697832884,1066751.2990088293,-170.3707744590938,-0.015968442603073126,1026.0,1015.0,1051.0,1050.0,54479.0,36.0,>3.5km,>3.5km
9033,60,Sant Andreu,Sant Andreu,432152.44535104267,4588414.477750195,5346.894553124202,3201.0,17.4,True,5822.026999020438,0.0,1576035.0,1576035.0,0.0,0.0,1574359.0,-1676.0,-0.10634281599076163,1482361.0,1482361.0,0.0,1606885.0,1606885.0,0.0,0.0,1084263.1795721997,1084088.9277830445,-174.25178915518336,-0.016070986494619792,1033.0,1022.0,1051.0,1050.0,67044.0,45.0,>3.5km,>3.5km
9034,60,Sant Andreu,Sant Andreu,432050.10697805206,4588076.937676999,4995.356028334314,1406.0,42.0,True,5477.104433370313,0.0,1564588.0,1564588.0,0.0,0.0,1562912.0,-1676.0,-0.1071208522627043,1425709.0,1425709.0,0.0,1606885.0,1606885.0,0.0,0.0,1068901.4782486202,1068729.913181396,-171.56506722420454,-0.016050596871220672,1026.0,1015.0,1051.0,1050.0,71559.0,50.0,>3.5km,>3.5km
9035,60,Sant Andreu,Sant Andreu,432071.1915829915,4587885.852588244,4813.238946224325,1557.0,25.4,True,5317.705983320538,0.0,1557906.0,1557906.0,0.0,0.0,1556230.0,-1676.0,-0.10758030330456395,1390340.0,1390340.0,0.0,1606885.0,1606885.0,0.0,0.0,1058629.6769299335,1058459.0097077629,-170.66722217062488,-0.016121522557875606,1021.0,1010.0,1051.0,1050.0,74177.0,52.0,>3.5km,>3.5km
9036,60,Sant Andreu,Sant Andreu,432168.1493910268,4588041.180653592,4986.496823760237,1373.0,16.8,True,5501.74432348837,0.0,1554433.0,1554433.0,0.0,0.0,1552757.0,-1676.0,-0.10782066515571916,1311394.0,1311394.0,0.0,1606885.0,1606885.0,0.0,0.0,1042410.8511754363,1042243.9525790319,-166.89859640435316,-0.01601082684587906,1019.0,1008.0,1051.0,1050.0,67397.0,47.0,>3.5km,>3.5km
9037,60,Sant Andreu,Sant Andreu,432319.15753519547,4588023.614033287,5006.78564112329,1621.0,13.9,True,5504.964575501581,0.0,1505103.0,1505103.0,0.0,0.0,1503427.0,-1676.0,-0.11135450530628137,1237543.0,1237543.0,0.0,1606885.0,1606885.0,0.0,0.0,1007869.2203537826,1007708.2108064252,-161.00954735744745,-0.015975242035958775,992.0,980.0,1051.0,1050.0,56389.0,39.0,>3.5km,>3.5km
9038,60,Sant Andreu,Sant Andreu,432333.5323324978,4587812.685256035,4807.461891258412,1736.0,2.7,True,5300.658843990031,0.0,1521725.0,1521725.0,0.0,0.0,1520049.0,-1676.0,-0.11013816556868028,1282281.0,1282281.0,0.0,1606885.0,1606885.0,0.0,0.0,1017855.393886726,1017694.2240486789,-161.16983804712072,-0.015834256910668473,999.0,987.0,1051.0,1050.0,60420.0,42.0,>3.5km,>3.5km
9039,60,Sant Andreu,Sant Andreu,432225.8763395407,4587756.267119075,4724.388107846428,1512.0,24.0,True,5190.617909639721,0.0,1524570.0,1524570.0,0.0,0.0,1522894.0,-1676.0,-0.10993263674347521,1282281.0,1282281.0,0.0,1606885.0,1606885.0,0.0,0.0,1022005.2903810614,1021843.7735314979,-161.51684956345707,-0.015803915212927563,1000.0,988.0,1051.0,1050.0,65943.0,46.0,>3.5km,>3.5km
9040,60,Sant Andreu,Sant Andreu,432066.9843133262,4587701.944893773,4633.079194759936,1603.0,40.1,True,5153.791440915988,0.0,1522316.0,1522316.0,0.0,0.0,1520640.0,-1676.0,-0.11009540726104172,1181504.0,1177159.0,-0.3677516115053356,1606885.0,1606885.0,0.0,0.0,1018309.9527177798,1018146.3709228687,-163.5817949110642,-0.016064047540189388,999.0,988.0,1051.0,1050.0,61217.0,43.0,>3.5km,>3.5km
9041,60,Sant Andreu,Sant Andreu,432096.55873984727,4587566.480918343,4508.341373308727,1376.0,7.5,True,5109.805664753113,0.0,1546613.0,1546613.0,0.0,0.0,1544937.0,-1676.0,-0.10836582907294844,1267974.0,1267974.0,0.0,1606885.0,1606885.0,0.0,0.0,1040994.9561054617,1040825.8147495723,-169.1413558893837,-0.016248047591140128,1014.0,1003.0,1051.0,1050.0,64448.0,46.0,>3.5km,>3.5km
9042,60,Sant Andreu,Sant Andreu,432204.3797827988,4587400.012288508,4375.190115106472,1247.0,15.2,True,4886.3221873786115,0.0,1509526.0,1509526.0,0.0,0.0,1507850.0,-1676.0,-0.11102823005367247,1171298.0,1169222.0,-0.17723926788912814,1606885.0,1606885.0,0.0,0.0,1011197.7389004162,1011034.7023658553,-163.0365345608443,-0.01612311106808164,991.0,980.0,1051.0,1050.0,61879.0,44.0,>3.5km,>3.5km
9043,60,Sant Andreu,Sant Andreu,431957.6749384431,4587494.095245183,4406.156713036546,1336.0,30.4,True,4853.071568477114,0.0,1550849.0,1550849.0,0.0,0.0,1549173.0,-1676.0,-0.10806983787589894,1270588.0,1270588.0,0.0,1606885.0,1606885.0,0.0,0.0,1045936.7252804929,1045766.7893278642,-169.93595262872986,-0.016247249811708973,1017.0,1006.0,1051.0,1050.0,85990.0,59.0,>3.5km,>3.5km
9044,60,Sant Andreu,Sant Andreu,432090.37984845234,4587322.993544412,4270.877909169255,1519.0,34.8,True,4788.723833359594,0.0,1555298.0,1555298.0,0.0,0.0,1553622.0,-1676.0,-0.10776069923577347,1324987.0,1324987.0,0.0,1606885.0,1606885.0,0.0,0.0,1043972.1720373513,1043800.3798799844,-171.79215736687183,-0.016455626114210777,1020.0,1009.0,1051.0,1050.0,73351.0,53.0,>3.5km,>3.5km
9045,60,Sant Andreu,Sant Andreu,431908.83022370905,4587321.067330441,4226.68362771219,1400.0,5.7,True,4709.839532551521,0.0,1584775.0,1584775.0,0.0,0.0,1583099.0,-1676.0,-0.10575633765045511,1445547.0,1445547.0,0.0,1606885.0,1606885.0,0.0,0.0,1079803.317364082,1079625.845896222,-177.47146786004305,-0.01643553645429339,1037.0,1026.0,1051.0,1050.0,86743.0,61.0,>3.5km,>3.5km
9046,60,Sant Andreu,Sant Andreu,431909.34576741135,4587179.284660211,4088.374952120145,1330.0,20.0,True,4540.351081587229,0.0,1579061.0,1579061.0,0.0,0.0,1577385.0,-1676.0,-0.10613902819460426,1408771.0,1408771.0,0.0,1606885.0,1606885.0,0.0,0.0,1071438.3352967324,1071261.8038973424,-176.53139938996173,-0.016476113797167038,1034.0,1023.0,1051.0,1050.0,83082.0,58.0,>3.5km,>3.5km
9047,60,Sant Andreu,Sant Andreu,432144.2587887373,4587110.722366982,4080.5351528640977,1553.0,35.1,True,4646.874872488898,0.0,1577463.0,1577463.0,0.0,0.0,1575787.0,-1676.0,-0.10624654904742616,1404264.0,1404264.0,0.0,1606885.0,1606885.0,0.0,0.0,1066852.9134837901,1066676.6400409301,-176.27344285999425,-0.01652275029032599,1033.0,1022.0,1051.0,1050.0,69636.0,49.0,>3.5km,>3.5km
9048,60,Sant Andreu,Sant Andreu,431857.0772007558,4587075.552907622,3975.779933259791,1342.0,23.2,True,4407.603949176068,0.0,1567608.0,1567608.0,0.0,0.0,1565932.0,-1676.0,-0.10691448372297156,1385548.0,1385548.0,0.0,1606885.0,1606885.0,0.0,0.0,1060638.6707066377,1060464.1786892107,-174.4920174269937,-0.01645159866844573,1027.0,1016.0,1051.0,1050.0,89396.0,62.0,>3.5km,>3.5km
9049,60,Sant Andreu,Sant Andreu,431801.75018500746,4586881.599726115,3774.510702023081,1289.0,31.8,True,4218.979427693697,0.0,1600615.0,1600615.0,0.0,0.0,1598939.0,-1676.0,-0.10470975218900236,1566947.0,1566947.0,0.0,1606885.0,1606885.0,0.0,0.0,1154483.5291337194,1154291.7929908806,-191.73614283883944,-0.016607958277474168,1047.0,1037.0,1051.0,1050.0,96404.0,67.0,>3.5km,>3.5km
9050,60,Sant Andreu,Sant Andreu,431980.6368249792,4586948.441049065,3880.760705531201,1493.0,11.6,True,4343.041603136934,0.0,1600615.0,1600615.0,0.0,0.0,1598939.0,-1676.0,-0.10470975218900236,1535535.0,1535535.0,0.0,1606885.0,1606885.0,0.0,0.0,1121532.8697234062,1121346.814898223,-186.05482518323697,-0.016589333242557753,1047.0,1037.0,1051.0,1050.0,82061.0,58.0,>3.5km,>3.5km
9051,60,Sant Andreu,Sant Andreu,432151.5890788742,4586893.119268755,3874.14914453929,1279.0,19.6,True,4436.804645100476,0.0,1594522.0,1594522.0,0.0,0.0,1592846.0,-1676.0,-0.10510986991712877,1448757.0,1448757.0,0.0,1606885.0,1606885.0,0.0,0.0,1090572.4677946547,1090392.0682501935,-180.39954446116462,-0.016541729209977846,1044.0,1033.0,1051.0,1050.0,82639.0,58.0,>3.5km,>3.5km
9052,60,Sant Andreu,Sant Andreu,432309.4466752013,4586665.026904662,3709.167001270581,1198.0,12.6,True,4101.238117414844,0.0,1594522.0,1594522.0,0.0,0.0,1592846.0,-1676.0,-0.10510986991712877,1467081.0,1467081.0,0.0,1606885.0,1606885.0,0.0,0.0,1082144.8915390528,1081963.5119173557,-181.3796216971241,-0.01676112164972304,1044.0,1033.0,1051.0,1050.0,79398.0,55.0,>3.5km,>3.5km
9053,60,Sant Andreu,Sant Andreu,432182.18858339393,4586722.534805009,3721.02371365018,1625.0,19.9,True,4252.715728694681,0.0,1594522.0,1594522.0,0.0,0.0,1592846.0,-1676.0,-0.10510986991712877,1504940.0,1504940.0,0.0,1606885.0,1606885.0,0.0,0.0,1095883.44623031,1095701.9746472389,-181.4715830711648,-0.016559387195363005,1044.0,1033.0,1051.0,1050.0,77395.0,54.0,>3.5km,>3.5km
9054,60,Sant Andreu,Sant Andreu,431975.7609517048,4586740.239880047,3678.2734545715575,1072.0,79.9,True,4008.0578341909422,0.0,1600615.0,1600615.0,0.0,0.0,1598939.0,-1676.0,-0.10470975218900236,1527080.0,1527080.0,0.0,1606885.0,1606885.0,0.0,0.0,1130645.5046918732,1130454.5951136283,-190.90957824490033,-0.016885007498166064,1047.0,1037.0,1051.0,1050.0,94515.0,66.0,>3.5km,>3.5km
9055,61,la Sagrera,Sant Andreu,431957.39382444543,4586524.689232331,3465.690495329997,1738.0,48.0,True,3774.4758535724686,0.0,1600615.0,1600615.0,0.0,0.0,1598939.0,-1676.0,-0.10470975218900236,1546581.0,1546581.0,0.0,1606885.0,1606885.0,0.0,0.0,1132972.4115090955,1132784.4276912175,-187.98381787794642,-0.01659209138442797,1047.0,1037.0,1051.0,1050.0,93351.0,64.0,>3.5km,2-3.5km
9056,61,la Sagrera,Sant Andreu,432097.6466257674,4586336.962213123,3328.716299882634,1095.0,56.4,True,3640.462790908633,0.0,1600615.0,1600615.0,0.0,0.0,1598939.0,-1676.0,-0.10470975218900236,1585624.0,1585624.0,0.0,1606885.0,1606885.0,0.0,0.0,1170521.0035143762,1170322.945615216,-198.05789916031063,-0.01692049083832421,1047.0,1039.0,1051.0,1050.0,89928.0,60.0,>3.5km,2-3.5km
9057,61,la Sagrera,Sant Andreu,432128.0360490137,4586162.761743305,3175.186149272997,1685.0,22.3,True,3456.0729624626088,0.0,1600615.0,1600615.0,0.0,0.0,1598939.0,-1676.0,-0.10470975218900236,1574965.0,1574965.0,0.0,1606885.0,1606885.0,0.0,0.0,1162061.9037183134,1161863.6073162719,-198.2964020415675,-0.01706418577246768,1047.0,1039.0,1051.0,1050.0,99539.0,65.0,2-3.5km,2-3.5km
9058,61,la Sagrera,Sant Andreu,432303.1282439981,4586097.553230814,3181.3508206931915,1525.0,27.8,True,3507.740565133629,0.0,1592887.0,1592887.0,0.0,0.0,1591211.0,-1676.0,-0.10521775869851409,1364728.0,1364728.0,0.0,1606885.0,1606885.0,0.0,0.0,1065023.5395157647,1064843.7774276515,-179.76208811323158,-0.01687869623942436,1043.0,1032.0,1051.0,1050.0,86163.0,56.0,>3.5km,2-3.5km
9059,61,la Sagrera,Sant Andreu,432308.8745456261,4586275.709275276,3347.116683040716,1426.0,5.4,True,3703.769817021727,0.0,1600615.0,1600615.0,0.0,0.0,1598939.0,-1676.0,-0.10470975218900236,1500073.0,1500073.0,0.0,1606885.0,1606885.0,0.0,0.0,1123206.074375313,1123016.4691917861,-189.6051835268736,-0.0168807120841405,1047.0,1037.0,1051.0,1050.0,79778.0,53.0,>3.5km,2-3.5km
9060,61,la Sagrera,Sant Andreu,432215.4307216233,4586489.237528657,3511.6743486752625,1339.0,87.6,True,3776.1474713016055,0.0,1600615.0,1600615.0,0.0,0.0,1598939.0,-1676.0,-0.10470975218900236,1553269.0,1553269.0,0.0,1606885.0,1606885.0,0.0,0.0,1136063.7831021433,1135871.6305190325,-192.15258311084472,-0.01691389039673033,1047.0,1037.0,1051.0,1050.0,73994.0,50.0,>3.5km,>3.5km
9061,61,la Sagrera,Sant Andreu,432560.28878706135,4586423.340805746,3585.032350197108,1593.0,89.8,True,3864.7381720627136,0.0,1599098.0,1599098.0,0.0,0.0,1597422.0,-1676.0,-0.10480908612230144,1469729.0,1469729.0,0.0,1606885.0,1606885.0,0.0,0.0,1096086.6182072605,1095902.9271485237,-183.69105873676017,-0.01675880862747891,1046.0,1036.0,1051.0,1050.0,56250.0,38.0,>3.5km,>3.5km
9062,61,la Sagrera,Sant Andreu,432640.0229694448,4586184.982276141,3409.13321931768,1486.0,47.1,True,3722.223359456923,0.0,1600615.0,1600615.0,0.0,0.0,1598939.0,-1676.0,-0.10470975218900236,1549728.0,1549728.0,0.0,1606885.0,1606885.0,0.0,0.0,1122217.923738898,1122029.0268802904,-188.89685860765167,-0.01683245781517223,1047.0,1037.0,1051.0,1050.0,74330.0,51.0,>3.5km,2-3.5km
9063,61,la Sagrera,Sant Andreu,432512.9269582884,4585658.7191645885,2889.5941292100324,1143.0,41.6,True,3069.128049393176,0.0,1600615.0,1600615.0,0.0,0.0,1598939.0,-1676.0,-0.10470975218900236,1583422.0,1583422.0,0.0,1606885.0,1606885.0,0.0,0.0,1154831.4409637114,1154632.717779289,-198.723184422357,-0.017207981820838002,1047.0,1039.0,1051.0,1050.0,80800.0,54.0,2-3.5km,2-3.5km
9064,61,la Sagrera,Sant Andreu,432354.07232817286,4585565.311395409,2728.550955730638,1147.0,42.4,True,2979.3941858745266,0.0,1600615.0,1600615.0,0.0,0.0,1598939.0,-1676.0,-0.10470975218900236,1587598.0,1587598.0,0.0,1606885.0,1606885.0,0.0,0.0,1165280.370581903,1165080.7727600296,-199.59782187337987,-0.017128738019821548,1047.0,1039.0,1051.0,1050.0,88867.0,58.0,2-3.5km,2-3.5km
9065,61,la Sagrera,Sant Andreu,432185.5062071761,4585707.8306582,2777.949597828767,2086.0,66.9,True,3173.532752822326,0.0,1600615.0,1600615.0,0.0,0.0,1598939.0,-1676.0,-0.10470975218900236,1578642.0,1578642.0,0.0,1606885.0,1606885.0,0.0,0.0,1152046.4154035102,1151848.254422098,-198.1609814122785,-0.01720078104169714,1047.0,1039.0,1051.0,1050.0,93436.0,60.0,2-3.5km,2-3.5km
9066,61,la Sagrera,Sant Andreu,432250.1563132428,4585828.742433151,2914.8713955743387,1411.0,54.2,True,3198.5819354292853,0.0,1600615.0,1600615.0,0.0,0.0,1598939.0,-1676.0,-0.10470975218900236,1565445.0,1565445.0,0.0,1606885.0,1606885.0,0.0,0.0,1149217.340454798,1149019.6752292735,-197.6652255244553,-0.017199986335589935,1047.0,1039.0,1051.0,1050.0,93084.0,60.0,2-3.5km,2-3.5km
9067,61,la Sagrera,Sant Andreu,432129.4378061174,4585925.221024169,2954.59949055003,1506.0,25.1,True,3277.9507858938023,0.0,1600615.0,1600615.0,0.0,0.0,1598939.0,-1676.0,-0.10470975218900236,1539811.0,1539811.0,0.0,1606885.0,1606885.0,0.0,0.0,1128659.8882942619,1128467.8337257837,-192.05456847813912,-0.01701615964827015,1047.0,1037.0,1051.0,1050.0,85284.0,55.0,2-3.5km,2-3.5km
9068,61,la Sagrera,Sant Andreu,431959.9367134848,4585938.751603863,2907.3664419435336,1528.0,32.6,True,3262.2054174193613,0.0,1600615.0,1600615.0,0.0,0.0,1598939.0,-1676.0,-0.10470975218900236,1588699.0,1588699.0,0.0,1606885.0,1606885.0,0.0,0.0,1183402.5313350859,1183201.795222282,-200.73611280391924,-0.01696262324007822,1047.0,1039.0,1051.0,1050.0,108791.0,71.0,2-3.5km,2-3.5km
9069,61,la Sagrera,Sant Andreu,432006.3347518331,4586119.11521556,3093.023262229038,933.0,41.7,True,3375.8335540920734,0.0,1600615.0,1600615.0,0.0,0.0,1598939.0,-1676.0,-0.10470975218900236,1595568.0,1595568.0,0.0,1606885.0,1606885.0,0.0,0.0,1182647.29270568,1182445.2900093205,-202.0026963595301,-0.01708055289226469,1047.0,1039.0,1051.0,1050.0,104435.0,69.0,2-3.5km,2-3.5km
9070,61,la Sagrera,Sant Andreu,431951.27944308834,4586235.619957097,3186.8196813251884,1745.0,33.8,True,3525.746377425223,0.0,1600615.0,1600615.0,0.0,0.0,1598939.0,-1676.0,-0.10470975218900236,1583232.0,1583232.0,0.0,1606885.0,1606885.0,0.0,0.0,1161809.1670460466,1161611.2933328014,-197.8737132451497,-0.017031515919972706,1047.0,1039.0,1051.0,1050.0,99686.0,67.0,>3.5km,2-3.5km
9071,61,la Sagrera,Sant Andreu,431893.1004142888,4586419.144058232,3346.7439869636546,1899.0,49.1,True,3702.2205538499297,0.0,1600615.0,1600615.0,0.0,0.0,1598939.0,-1676.0,-0.10470975218900236,1590722.0,1590722.0,0.0,1606885.0,1606885.0,0.0,0.0,1163495.191466626,1163297.1061508514,-198.08531577466056,-0.017025022297253084,1047.0,1039.0,1051.0,1050.0,90869.0,63.0,>3.5km,2-3.5km
9072,61,la Sagrera,Sant Andreu,431866.403609534,4586228.993994935,3156.389899005848,1426.0,35.1,True,3580.8762558879594,0.0,1600615.0,1600615.0,0.0,0.0,1598939.0,-1676.0,-0.10470975218900236,1581945.0,1581945.0,0.0,1606885.0,1606885.0,0.0,0.0,1167877.1352451155,1167681.5394237905,-195.5958213249687,-0.016747979339788756,1047.0,1039.0,1051.0,1050.0,110976.0,75.0,>3.5km,2-3.5km
9073,61,la Sagrera,Sant Andreu,431882.7919854199,4586096.103070249,3033.38827749216,1473.0,47.5,True,3512.850625486655,0.0,1600615.0,1600615.0,0.0,0.0,1598939.0,-1676.0,-0.10470975218900236,1574965.0,1574965.0,0.0,1606885.0,1606885.0,0.0,0.0,1165034.2441164844,1164836.00620177,-198.23791471449658,-0.017015629859432356,1047.0,1039.0,1051.0,1050.0,108426.0,73.0,>3.5km,2-3.5km
9074,62,el Congrés i els Indians,Sant Andreu,431735.2300218889,4586198.210176447,3093.3846538982907,1664.0,31.5,True,3673.4495717381633,0.0,1600615.0,1600615.0,0.0,0.0,1598939.0,-1676.0,-0.10470975218900236,1569648.0,1569648.0,0.0,1606885.0,1606885.0,0.0,0.0,1170584.6043356024,1170390.0042765634,-194.60005903895944,-0.016624177211813758,1047.0,1039.0,1051.0,1050.0,114325.0,77.0,>3.5km,2-3.5km
9075,62,el Congrés i els Indians,Sant Andreu,431681.7781386722,4586459.362672372,3336.618122721697,1533.0,7.0,True,3932.654071911235,0.0,1600615.0,1600615.0,0.0,0.0,1598939.0,-1676.0,-0.10470975218900236,1532829.0,1532829.0,0.0,1606885.0,1606885.0,0.0,0.0,1132548.504919144,1132359.982008605,-188.52291053906083,-0.01664590167398791,1047.0,1037.0,1051.0,1050.0,99798.0,70.0,>3.5km,2-3.5km
9076,62,el Congrés i els Indians,Sant Andreu,431378.0818298491,4586499.771801658,3329.033629719755,1444.0,23.8,True,4037.0499639953405,0.0,1594522.0,1594522.0,0.0,0.0,1592846.0,-1676.0,-0.10510986991712877,1472373.0,1472373.0,0.0,1606885.0,1606885.0,0.0,0.0,1121006.6678442447,1120825.7203218122,-180.94752243254334,-0.01614152061918731,1044.0,1033.0,1051.0,1050.0,102557.0,72.0,>3.5km,2-3.5km
9077,62,el Congrés i els Indians,Sant Andreu,431532.8689644536,4586319.256001392,3171.5509538654405,1607.0,22.4,True,3775.795826631199,0.0,1603449.0,1603449.0,0.0,0.0,1601773.0,-1676.0,-0.1045246839780997,1575640.0,1575640.0,0.0,1606885.0,1606885.0,0.0,0.0,1179944.5754448397,1179749.7380974556,-194.83734738407657,-0.016512415196334354,1049.0,1040.0,1051.0,1050.0,111451.0,76.0,>3.5km,2-3.5km
9078,62,el Congrés i els Indians,Sant Andreu,431441.0882408966,4586195.407554423,3035.056122246156,1437.0,9.7,True,3619.1427207529664,0.0,1600615.0,1600615.0,0.0,0.0,1598939.0,-1676.0,-0.10470975218900236,1493477.0,1493477.0,0.0,1606885.0,1606885.0,0.0,0.0,1134780.4222183006,1134593.76958495,-186.65263335057534,-0.016448348041262602,1047.0,1037.0,1051.0,1050.0,108567.0,74.0,>3.5km,2-3.5km
9079,62,el Congrés i els Indians,Sant Andreu,431287.8380756791,4586290.135085832,3111.3971761899784,1609.0,29.8,True,3730.9307905136825,0.0,1600615.0,1600615.0,0.0,0.0,1598939.0,-1676.0,-0.10470975218900236,1552918.0,1552918.0,0.0,1606885.0,1606885.0,0.0,0.0,1159473.10382888,1159283.3378168254,-189.7660120546352,-0.01636657300872084,1047.0,1037.0,1051.0,1050.0,107224.0,75.0,>3.5km,2-3.5km
9080,62,el Congrés i els Indians,Sant Andreu,431460.1449612104,4586053.298900386,2897.3695823991284,1328.0,44.8,True,3497.2771391163656,0.0,1603449.0,1603449.0,0.0,0.0,1601773.0,-1676.0,-0.1045246839780997,1582210.0,1582210.0,0.0,1606885.0,1606885.0,0.0,0.0,1190062.291904963,1189865.227310345,-197.0645946180448,-0.016559183158605797,1049.0,1041.0,1051.0,1050.0,113053.0,76.0,2-3.5km,2-3.5km
9081,62,el Congrés i els Indians,Sant Andreu,431692.7256405215,4585996.245265976,2887.091804723744,1725.0,43.7,True,3387.7986834169756,0.0,1603449.0,1603449.0,0.0,0.0,1601773.0,-1676.0,-0.1045246839780997,1581945.0,1581945.0,0.0,1606885.0,1606885.0,0.0,0.0,1182101.6936563747,1181903.6455102663,-198.0481461083982,-0.016753900884433456,1049.0,1041.0,1051.0,1050.0,115051.0,76.0,2-3.5km,2-3.5km
9082,62,el Congrés i els Indians,Sant Andreu,431560.54219753935,4585863.422389979,2728.472891808182,1972.0,9.8,True,3240.8805692309193,0.0,1603449.0,1603449.0,0.0,0.0,1601773.0,-1676.0,-0.1045246839780997,1585431.0,1585431.0,0.0,1606885.0,1606885.0,0.0,0.0,1199308.8398607937,1199107.6141948018,-201.22566599189304,-0.01677846934032853,1049.0,1041.0,1051.0,1050.0,121179.0,80.0,2-3.5km,2-3.5km
9083,63,Navas,Sant Andreu,431853.8804424336,4585796.6945412895,2738.96514139944,1638.0,25.6,True,3116.830047874468,0.0,1600615.0,1600615.0,0.0,0.0,1598939.0,-1676.0,-0.10470975218900236,1592320.0,1592320.0,0.0,1606885.0,1606885.0,0.0,0.0,1180571.8999166312,1180369.1837447078,-202.71617192332633,-0.01717101448354324,1047.0,1039.0,1051.0,1050.0,115545.0,75.0,2-3.5km,2-3.5km
9084,63,Navas,Sant Andreu,431623.0936179182,4585623.904312579,2508.9350423550177,1676.0,22.2,True,3123.9970327030687,0.0,1676.0,1676.0,0.0,0.0,1676.0,0.0,0.0,1676.0,1676.0,0.0,1676.0,1676.0,0.0,0.0,1676.0,1676.0,0.0,0.0,1.0,1.0,1.0,1.0,108163.0,70.0,2-3.5km,2-3.5km
9085,63,Navas,Sant Andreu,431603.4944965596,4585426.875378353,2313.2845046501,1797.0,27.4,True,2899.397080205516,0.0,1603449.0,1603449.0,0.0,0.0,1601773.0,-1676.0,-0.1045246839780997,1596786.0,1596786.0,0.0,1606885.0,1606885.0,0.0,0.0,1203654.9864215634,1203450.1331339672,-204.85328759625554,-0.01701926963350846,1049.0,1041.0,1051.0,1050.0,120520.0,78.0,2-3.5km,2-3.5km
9086,63,Navas,Sant Andreu,431804.7748712478,4585617.404384769,2553.2845134492504,1488.0,4.5,True,2984.932397109445,0.0,1600615.0,1600615.0,0.0,0.0,1598939.0,-1676.0,-0.10470975218900236,1595663.0,1595663.0,0.0,1606885.0,1606885.0,0.0,0.0,1198693.098151468,1198487.528774968,-205.56937649985775,-0.01714945859093299,1047.0,1039.0,1051.0,1050.0,117401.0,76.0,2-3.5km,2-3.5km
9087,63,Navas,Sant Andreu,431847.0956589647,4585477.808799961,2435.2657279992845,1311.0,63.1,True,2887.331947493553,0.0,1600615.0,1600615.0,0.0,0.0,1598939.0,-1676.0,-0.10470975218900236,1594589.0,1594589.0,0.0,1606885.0,1606885.0,0.0,0.0,1184132.0307155275,1183924.2908297845,-207.73988574300893,-0.017543642123883714,1047.0,1039.0,1051.0,1050.0,121300.0,79.0,2-3.5km,2-3.5km
9088,63,Navas,Sant Andreu,431967.5006497789,4585345.643861537,2357.935521629412,1915.0,37.4,True,2613.1369193566156,0.0,1600615.0,1600615.0,0.0,0.0,1598939.0,-1676.0,-0.10470975218900236,1596805.0,1596805.0,0.0,1606885.0,1606885.0,0.0,0.0,1189015.2460174896,1188806.3785254217,-208.86749206786044,-0.01756642673569117,1047.0,1039.0,1051.0,1050.0,117367.0,76.0,2-3.5km,2-3.5km
9089,63,Navas,Sant Andreu,431986.1371121567,4585563.811133527,2565.845628302773,1477.0,44.1,True,2842.3508112290306,0.0,1600615.0,1600615.0,0.0,0.0,1598939.0,-1676.0,-0.10470975218900236,1599514.0,1599514.0,0.0,1606885.0,1606885.0,0.0,0.0,1201848.6987535188,1201640.341378085,-208.3573754336685,-0.017336406458630237,1047.0,1039.0,1051.0,1050.0,110730.0,72.0,2-3.5km,2-3.5km
9090,63,Navas,Sant Andreu,432109.3209282879,4585378.859365527,2448.677119276508,1523.0,37.6,True,2986.7675552392307,0.0,1600615.0,1600615.0,0.0,0.0,1598939.0,-1676.0,-0.10470975218900236,1534089.0,1534089.0,0.0,1606885.0,1606885.0,0.0,0.0,1132862.7467992872,1132668.71824636,-194.02855292707682,-0.017127278081592125,1047.0,1039.0,1051.0,1050.0,102009.0,66.0,2-3.5km,2-3.5km
9091,63,Navas,Sant Andreu,432119.66687856737,4585594.0600126,2647.0276216961333,1861.0,57.4,True,2859.485490771803,0.0,1600615.0,1600615.0,0.0,0.0,1598939.0,-1676.0,-0.10470975218900236,1591823.0,1591823.0,0.0,1606885.0,1606885.0,0.0,0.0,1192225.865496823,1192021.339518003,-204.52597882016562,-0.017154969099327146,1047.0,1039.0,1051.0,1050.0,104999.0,68.0,2-3.5km,2-3.5km
9092,63,Navas,Sant Andreu,432272.9525348425,4585425.150248475,2566.6151915757487,1879.0,36.9,True,2914.776278657868,0.0,1600615.0,1600615.0,0.0,0.0,1598939.0,-1676.0,-0.10470975218900236,1589204.0,1589204.0,0.0,1606885.0,1606885.0,0.0,0.0,1174478.5596360143,1174277.381244355,-201.17839165916666,-0.01712916681267595,1047.0,1039.0,1051.0,1050.0,100938.0,66.0,2-3.5km,2-3.5km
9093,63,Navas,Sant Andreu,432225.7501425158,4585283.813355309,2420.525285529175,1279.0,71.1,True,2966.0749344420287,0.0,1600615.0,1600615.0,0.0,0.0,1598939.0,-1676.0,-0.10470975218900236,1580411.0,1580411.0,0.0,1606885.0,1606885.0,0.0,0.0,1151179.0145078797,1150981.8459609156,-197.1685469641816,-0.017127531381248264,1047.0,1039.0,1051.0,1050.0,105376.0,69.0,2-3.5km,2-3.5km
9094,63,Navas,Sant Andreu,432341.173956717,4585223.29260233,2429.7093091686684,1958.0,40.8,True,2657.7200715888375,0.0,1600615.0,1600615.0,0.0,0.0,1598939.0,-1676.0,-0.10470975218900236,1598535.0,1598535.0,0.0,1606885.0,1606885.0,0.0,0.0,1197779.6994499352,1197570.269510962,-209.42993897316046,-0.01748484625923602,1047.0,1039.0,1051.0,1050.0,103410.0,68.0,2-3.5km,2-3.5km
9095,63,Navas,Sant Andreu,432177.9821465448,4585141.658783447,2273.8221884752165,2145.0,35.9,True,2418.4516885721328,0.0,1600615.0,1600615.0,0.0,0.0,1598939.0,-1676.0,-0.10470975218900236,1590722.0,1590722.0,0.0,1606885.0,1606885.0,0.0,0.0,1171112.3933357873,1170908.3546759544,-204.03865983290598,-0.017422636887286614,1047.0,1039.0,1051.0,1050.0,113423.0,74.0,2-3.5km,2-3.5km
9156,61,la Sagrera,Sant Andreu,432041.8119167171,4586484.566998996,3451.427603836822,1257.0,27.8,True,3827.0892406563876,0.0,1600615.0,1600615.0,0.0,0.0,1598939.0,-1676.0,-0.10470975218900236,1559258.0,1559258.0,0.0,1606885.0,1606885.0,0.0,0.0,1149357.6290493647,1149163.233156809,-194.3958925558254,-0.01691343822345448,1047.0,1039.0,1051.0,1050.0,89870.0,61.0,>3.5km,2-3.5km
10001,64,el Camp de l'Arpa del Clot,Sant Martí,431955.4391407486,4585172.783127592,2195.892896714732,1595.0,43.3,True,2435.2886277887123,0.0,1600615.0,1600615.0,0.0,0.0,1598939.0,-1676.0,-0.10470975218900236,1589743.0,1589743.0,0.0,1606885.0,1606885.0,0.0,0.0,1181771.6253994366,1181564.3453821067,-207.28001732984558,-0.01753976934924168,1047.0,1039.0,1051.0,1050.0,113162.0,73.0,2-3.5km,2-3.5km
10002,64,el Camp de l'Arpa del Clot,Sant Martí,431914.2691560619,4585015.885989358,2036.797677206916,1773.0,23.3,True,2399.8806440549733,0.0,1600615.0,1600615.0,0.0,0.0,1598939.0,-1676.0,-0.10470975218900236,1589743.0,1589743.0,0.0,1606885.0,1606885.0,0.0,0.0,1188118.2474828134,1187907.88381358,-210.36366923339665,-0.017705617237937392,1047.0,1039.0,1051.0,1050.0,114071.0,74.0,2-3.5km,2-3.5km
10003,64,el Camp de l'Arpa del Clot,Sant Martí,431738.18684714456,4585161.465313408,2100.775089938682,1571.0,8.3,True,2576.109554956406,0.0,1600615.0,1600615.0,0.0,0.0,1598939.0,-1676.0,-0.10470975218900236,1589743.0,1589743.0,0.0,1606885.0,1606885.0,0.0,0.0,1191687.9078161863,1191480.5073261962,-207.4004899901338,-0.01740392670176566,1047.0,1039.0,1051.0,1050.0,121677.0,79.0,2-3.5km,2-3.5km
10004,64,el Camp de l'Arpa del Clot,Sant Martí,431786.8868740432,4585345.30875104,2290.165536727871,1541.0,8.9,True,2745.141483043964,0.0,1600615.0,1600615.0,0.0,0.0,1598939.0,-1676.0,-0.10470975218900236,1598535.0,1598535.0,0.0,1606885.0,1606885.0,0.0,0.0,1192834.1771522746,1192624.9094585353,-209.2676937393844,-0.017543737239234868,1047.0,1039.0,1051.0,1050.0,117544.0,76.0,2-3.5km,2-3.5km
10005,64,el Camp de l'Arpa del Clot,Sant Martí,431610.9188262115,4585203.6844387455,2100.4842122959994,1649.0,6.4,True,2627.890398224229,0.0,1603449.0,1603449.0,0.0,0.0,1601773.0,-1676.0,-0.1045246839780997,1598399.0,1598399.0,0.0,1606885.0,1606885.0,0.0,0.0,1221831.7477609084,1221621.9221675785,-209.82559332996607,-0.017173034971016757,1049.0,1041.0,1051.0,1050.0,118198.0,77.0,2-3.5km,2-3.5km
10006,64,el Camp de l'Arpa del Clot,Sant Martí,431486.97736897983,4585085.805471127,1953.8874081255904,1824.0,27.5,True,2483.0839174419625,0.0,1603449.0,1603449.0,0.0,0.0,1601773.0,-1676.0,-0.1045246839780997,1600615.0,1600615.0,0.0,1606885.0,1606885.0,0.0,0.0,1229693.7863687465,1229480.9542684273,-212.83210031921044,-0.017307731622170593,1049.0,1041.0,1051.0,1050.0,116933.0,76.0,2-3.5km,1-2km
10007,64,el Camp de l'Arpa del Clot,Sant Martí,431323.5583932916,4584969.451159348,1805.7879388138592,1294.0,37.1,True,2343.8497619691216,0.0,1603449.0,1603449.0,0.0,0.0,1601773.0,-1676.0,-0.1045246839780997,1600615.0,1600615.0,0.0,1606885.0,1606885.0,0.0,0.0,1222262.6388043945,1222048.7047931924,-213.93401120207272,-0.01750311303071007,1049.0,1041.0,1051.0,1051.0,119329.0,80.0,2-3.5km,1-2km
10008,64,el Camp de l'Arpa del Clot,Sant Martí,431208.2502645063,4584803.77372283,1624.774348677639,1714.0,39.7,True,2196.8246030906807,0.0,1603449.0,1603449.0,0.0,0.0,1601773.0,-1676.0,-0.1045246839780997,1598399.0,1598399.0,0.0,1606885.0,1606885.0,0.0,0.0,1221518.0909259256,1221304.7291034958,-213.36182242981158,-0.017466939213980917,1049.0,1041.0,1051.0,1050.0,122572.0,83.0,2-3.5km,1-2km
10009,64,el Camp de l'Arpa del Clot,Sant Martí,431346.5306357362,4584786.759346249,1630.794576146315,1607.0,19.5,True,2145.603421452576,0.0,1603449.0,1603449.0,0.0,0.0,1601773.0,-1676.0,-0.1045246839780997,1600615.0,1600615.0,0.0,1606885.0,1606885.0,0.0,0.0,1221839.2208573737,1221625.8017166709,-213.419140702812,-0.017467039612057485,1049.0,1041.0,1051.0,1050.0,128165.0,86.0,2-3.5km,1-2km
10010,64,el Camp de l'Arpa del Clot,Sant Martí,431460.06012415886,4584861.35211764,1729.9060891257072,1712.0,16.1,True,2253.208875604803,0.0,1603449.0,1603449.0,0.0,0.0,1601773.0,-1676.0,-0.1045246839780997,1599636.0,1599636.0,0.0,1606885.0,1606885.0,0.0,0.0,1224265.540029396,1224049.3969672795,-216.14306211657822,-0.017654916768415158,1049.0,1041.0,1051.0,1051.0,123475.0,81.0,2-3.5km,1-2km
10011,64,el Camp de l'Arpa del Clot,Sant Martí,431364.0594995043,4584636.974233652,1488.6544744684163,1183.0,46.5,True,1926.7097586400141,0.0,1603449.0,1603449.0,0.0,0.0,1601773.0,-1676.0,-0.1045246839780997,1598399.0,1598399.0,0.0,1606885.0,1606885.0,0.0,0.0,1225457.5362745957,1225241.1812440096,-216.3550305860117,-0.017655041009722244,1049.0,1042.0,1051.0,1051.0,122479.0,82.0,1-2km,1-2km
10012,64,el Camp de l'Arpa del Clot,Sant Martí,431498.6049167272,4584570.586679733,1463.606913607914,1780.0,39.3,True,1911.3836364292174,0.0,1603449.0,1603449.0,0.0,0.0,1601773.0,-1676.0,-0.1045246839780997,1600615.0,1600615.0,0.0,1606885.0,1606885.0,0.0,0.0,1231122.483821473,1230905.3422999282,-217.1415215448942,-0.017637686290227984,1049.0,1042.0,1051.0,1051.0,119775.0,79.0,1-2km,1-2km
10013,64,el Camp de l'Arpa del Clot,Sant Martí,431564.59809328185,4584708.81331434,1616.023213732114,1361.0,12.4,True,2043.451384676435,0.0,1603449.0,1603449.0,0.0,0.0,1601773.0,-1676.0,-0.1045246839780997,1599636.0,1599636.0,0.0,1606885.0,1606885.0,0.0,0.0,1226093.1139949462,1225875.8855391932,-217.22845575306565,-0.017717125499977403,1049.0,1042.0,1051.0,1051.0,121913.0,80.0,2-3.5km,1-2km
10014,64,el Camp de l'Arpa del Clot,Sant Martí,431751.0805512077,4584514.731774412,1517.257016704833,1469.0,19.7,True,1784.199833517508,0.0,1603449.0,1603449.0,0.0,0.0,1601773.0,-1676.0,-0.1045246839780997,1599636.0,1599636.0,0.0,1606885.0,1606885.0,0.0,0.0,1235275.7751056782,1235052.7268030995,-223.04830257873982,-0.018056559278000733,1049.0,1043.0,1051.0,1051.0,122660.0,80.0,1-2km,1-2km
10015,64,el Camp de l'Arpa del Clot,Sant Martí,431593.8825024203,4584472.119195833,1408.028508963887,1930.0,27.7,True,1727.4512984498028,0.0,1603449.0,1603449.0,0.0,0.0,1601773.0,-1676.0,-0.1045246839780997,1600615.0,1600615.0,0.0,1606885.0,1606885.0,0.0,0.0,1225306.0668498203,1225088.6471059988,-217.41974382149056,-0.017744117139684303,1049.0,1042.0,1051.0,1051.0,120317.0,79.0,1-2km,1-2km
10016,64,el Camp de l'Arpa del Clot,Sant Martí,431652.8202843412,4584346.867789697,1322.7877374962338,1217.0,68.6,True,1608.4930872446284,0.0,1603449.0,1603449.0,0.0,0.0,1601773.0,-1676.0,-0.1045246839780997,1599636.0,1599636.0,0.0,1606885.0,1606885.0,0.0,0.0,1232364.3121178125,1232140.7723306178,-223.5397871946916,-0.01813909937155998,1049.0,1043.0,1051.0,1051.0,112344.0,74.0,1-2km,1-2km
10017,64,el Camp de l'Arpa del Clot,Sant Martí,431759.5643465095,4584330.464479667,1364.1600277132418,1661.0,6.0,True,1520.7174609501415,0.0,1603449.0,1603449.0,0.0,0.0,1601773.0,-1676.0,-0.1045246839780997,1599636.0,1599636.0,0.0,1606885.0,1606885.0,0.0,0.0,1234319.4416253404,1234097.0760241735,-222.36560116684996,-0.01801523930256182,1049.0,1043.0,1051.0,1051.0,114525.0,74.0,1-2km,1-2km
10018,64,el Camp de l'Arpa del Clot,Sant Martí,431873.34120925487,4584344.414017645,1441.045802710525,1457.0,51.8,True,1503.8839792147794,0.0,1603449.0,1603449.0,0.0,0.0,1601773.0,-1676.0,-0.1045246839780997,1599636.0,1599636.0,0.0,1606885.0,1606885.0,0.0,0.0,1232589.9718608637,1232372.8420697148,-217.12979114893824,-0.017615735654666523,1049.0,1043.0,1051.0,1051.0,108684.0,71.0,1-2km,1-2km
10019,64,el Camp de l'Arpa del Clot,Sant Martí,431894.6233314483,4584583.403417699,1649.895842499174,1518.0,37.3,True,1897.0438759191009,0.0,1600615.0,1600615.0,0.0,0.0,1598939.0,-1676.0,-0.10470975218900236,1598535.0,1598535.0,0.0,1606885.0,1606885.0,0.0,0.0,1210650.598808046,1210440.9832489104,-209.61555913556367,-0.01731429029498206,1047.0,1041.0,1051.0,1051.0,107027.0,70.0,1-2km,1-2km
10020,64,el Camp de l'Arpa del Clot,Sant Martí,431794.4319876096,4584657.764175597,1663.5313782988078,1457.0,56.6,True,1940.9518412408754,0.0,1603449.0,1603449.0,0.0,0.0,1601773.0,-1676.0,-0.1045246839780997,1599636.0,1599636.0,0.0,1606885.0,1606885.0,0.0,0.0,1223824.9490061135,1223603.9886655316,-220.96034058183432,-0.01805489753753423,1049.0,1043.0,1051.0,1051.0,114463.0,75.0,1-2km,1-2km
10021,64,el Camp de l'Arpa del Clot,Sant Martí,431685.8523870488,4584756.852483084,1705.592464114263,1301.0,1.2,True,2137.3878160704735,0.0,1600615.0,1600615.0,0.0,0.0,1598939.0,-1676.0,-0.10470975218900236,1585396.0,1585396.0,0.0,1606885.0,1606885.0,0.0,0.0,1159352.4071455651,1159147.229680809,-205.17746475618333,-0.01769759250867901,1047.0,1039.0,1051.0,1050.0,121938.0,79.0,2-3.5km,1-2km
10022,64,el Camp de l'Arpa del Clot,Sant Martí,431649.2638081903,4584950.251413534,1871.855591535844,1353.0,18.6,True,2336.9667729063112,0.0,1602080.0,1602080.0,0.0,0.0,1600404.0,-1676.0,-0.10461400179766304,1594706.0,1594706.0,0.0,1606885.0,1606885.0,0.0,0.0,1188117.9872521085,1187908.9319307592,-209.05532134929672,-0.01759550175928251,1048.0,1040.0,1051.0,1050.0,124950.0,81.0,2-3.5km,1-2km
10023,64,el Camp de l'Arpa del Clot,Sant Martí,431801.253558727,4584799.260319403,1792.52113937917,1442.0,27.5,True,2165.85362776048,0.0,1600615.0,1600615.0,0.0,0.0,1598939.0,-1676.0,-0.10470975218900236,1586557.0,1586557.0,0.0,1606885.0,1606885.0,0.0,0.0,1166670.1747977615,1166461.3038588294,-208.87093893205747,-0.017903169502748673,1047.0,1039.0,1051.0,1050.0,117238.0,77.0,2-3.5km,1-2km
10024,64,el Camp de l'Arpa del Clot,Sant Martí,431886.1292929768,4584873.240077549,1896.8894283602813,1487.0,52.1,True,2217.7316462253134,0.0,1600615.0,1600615.0,0.0,0.0,1598939.0,-1676.0,-0.10470975218900236,1594589.0,1594589.0,0.0,1606885.0,1606885.0,0.0,0.0,1179272.207267907,1179061.0384282393,-211.16883966769092,-0.017906708762086308,1047.0,1039.0,1051.0,1050.0,114672.0,74.0,2-3.5km,1-2km
10025,64,el Camp de l'Arpa del Clot,Sant Martí,431990.7810717847,4584613.935370085,1728.477352775528,1311.0,22.8,True,1904.002702107397,0.0,1600615.0,1600615.0,0.0,0.0,1598939.0,-1676.0,-0.10470975218900236,1599636.0,1599636.0,0.0,1606885.0,1606885.0,0.0,0.0,1223231.579601686,1223019.7671927877,-211.81240889825858,-0.017315806134373172,1047.0,1041.0,1051.0,1051.0,110015.0,72.0,1-2km,1-2km
10026,65,el Clot,Sant Martí,432127.279215036,4584654.057951144,1841.2003567521465,1550.0,19.7,True,1999.18509512065,0.0,1600615.0,1600615.0,0.0,0.0,1598939.0,-1676.0,-0.10470975218900236,1599636.0,1599636.0,0.0,1606885.0,1606885.0,0.0,0.0,1206050.2200238938,1205840.1576130132,-210.06241088057868,-0.01741738506348575,1047.0,1041.0,1051.0,1051.0,107396.0,71.0,1-2km,1-2km
10027,65,el Clot,Sant Martí,432183.8209196267,4584871.325994767,2050.00187706716,1517.0,63.0,True,2220.1934739123103,0.0,1600615.0,1600615.0,0.0,0.0,1598939.0,-1676.0,-0.10470975218900236,1599636.0,1599636.0,0.0,1606885.0,1606885.0,0.0,0.0,1213878.3440706073,1213661.8378130186,-216.5062575887423,-0.017835910711011815,1047.0,1040.0,1051.0,1051.0,111687.0,74.0,2-3.5km,2-3.5km
10028,65,el Clot,Sant Martí,432105.6083484831,4585000.232936496,2115.3354256018424,1737.0,50.5,True,2301.339683476895,0.0,1600615.0,1600615.0,0.0,0.0,1598939.0,-1676.0,-0.10470975218900236,1598535.0,1598535.0,0.0,1606885.0,1606885.0,0.0,0.0,1195724.6642747566,1195513.1439228763,-211.52035188023,-0.017689720568616316,1047.0,1039.0,1051.0,1050.0,110076.0,72.0,2-3.5km,2-3.5km
10029,65,el Clot,Sant Martí,432321.9188920895,4585010.931145382,2243.79176839867,1410.0,30.5,True,2383.8424883326893,0.0,1600615.0,1600615.0,0.0,0.0,1598939.0,-1676.0,-0.10470975218900236,1598535.0,1598535.0,0.0,1606885.0,1606885.0,0.0,0.0,1201736.356520564,1201524.78922597,-211.56729459413327,-0.017605133891987142,1047.0,1039.0,1051.0,1050.0,105118.0,69.0,2-3.5km,2-3.5km
10030,65,el Clot,Sant Martí,432466.5435932575,4585041.347556318,2355.1761312850226,1738.0,33.7,True,2426.9617434137476,0.0,1600615.0,1600615.0,0.0,0.0,1598939.0,-1676.0,-0.10470975218900236,1598535.0,1598535.0,0.0,1606885.0,1606885.0,0.0,0.0,1192319.1777300376,1192117.4193673772,-201.75836266041733,-0.016921506122591197,1047.0,1039.0,1051.0,1050.0,104652.0,69.0,2-3.5km,2-3.5km
10031,65,el Clot,Sant Martí,432347.048652433,4584837.077557755,2121.018199101746,1509.0,33.5,True,2252.861444037315,0.0,1600615.0,1600615.0,0.0,0.0,1598939.0,-1676.0,-0.10470975218900236,1598535.0,1598535.0,0.0,1606885.0,1606885.0,0.0,0.0,1209157.6086861265,1208950.1858160861,-207.42287004040554,-0.017154328645857152,1047.0,1040.0,1051.0,1051.0,112782.0,74.0,2-3.5km,2-3.5km
10032,65,el Clot,Sant Martí,432408.2541490617,4584616.610718243,1997.2827837979928,1353.0,2.1,True,2302.8887139179183,0.0,1600615.0,1600615.0,0.0,0.0,1598939.0,-1676.0,-0.10470975218900236,1593947.0,1593947.0,0.0,1606885.0,1606885.0,0.0,0.0,1174843.259611491,1174644.037946066,-199.2216654252261,-0.016957297392258666,1047.0,1039.0,1051.0,1050.0,83956.0,54.0,2-3.5km,1-2km
10033,65,el Clot,Sant Martí,432491.7644824983,4584782.27198123,2174.7391187457333,859.0,40.1,True,2309.84462768047,0.0,1600615.0,1600615.0,0.0,0.0,1598939.0,-1676.0,-0.10470975218900236,1595582.0,1595582.0,0.0,1606885.0,1606885.0,0.0,0.0,1179397.1136123855,1179225.9742251928,-171.13938719267026,-0.014510751740648743,1047.0,1039.0,1051.0,1050.0,99695.0,65.0,2-3.5km,2-3.5km
10034,65,el Clot,Sant Martí,432600.49709722,4584902.1859634295,2336.595945840379,1687.0,68.0,True,2444.8090384477055,0.0,1600615.0,1600615.0,0.0,0.0,1598939.0,-1676.0,-0.10470975218900236,1598535.0,1598535.0,0.0,1606885.0,1606885.0,0.0,0.0,1198609.2901041154,1198404.9404564186,-204.34964769682847,-0.017048895698036675,1047.0,1039.0,1051.0,1051.0,90497.0,59.0,2-3.5km,2-3.5km
10035,65,el Clot,Sant Martí,432698.4641978449,4584705.81623245,2268.850369511113,1946.0,4.4,True,2621.380314119244,0.0,1600615.0,1600615.0,0.0,0.0,1598939.0,-1676.0,-0.10470975218900236,1598535.0,1598535.0,0.0,1606885.0,1606885.0,0.0,0.0,1175408.3963546564,1175208.0510216856,-200.34533297084272,-0.017044742371432955,1047.0,1039.0,1051.0,1050.0,87474.0,55.0,2-3.5km,2-3.5km
10036,65,el Clot,Sant Martí,432546.75136596645,4584506.437485176,2023.3449810631887,1420.0,35.5,True,2368.0917402361715,0.0,1600615.0,1600615.0,0.0,0.0,1598939.0,-1676.0,-0.10470975218900236,1590831.0,1590831.0,0.0,1606885.0,1606885.0,0.0,0.0,1157964.5688790986,1157773.7685303031,-190.80034879548475,-0.0164772182088592,1047.0,1039.0,1051.0,1050.0,87860.0,54.0,2-3.5km,2-3.5km
10037,65,el Clot,Sant Martí,432374.3455912882,4584379.226869284,1809.706716773335,1046.0,75.9,True,2226.984619207264,0.0,1594460.0,1594460.0,0.0,0.0,1592784.0,-1676.0,-0.10511395707637695,1435494.0,1435494.0,0.0,1606885.0,1606885.0,0.0,0.0,1014631.2365933438,1014454.133349383,-177.10324396076612,-0.017454937081909268,1043.0,1033.0,1051.0,1050.0,85206.0,55.0,2-3.5km,1-2km
10038,65,el Clot,Sant Martí,432251.1444798715,4584482.017367895,1791.2634496172334,1600.0,48.1,True,1975.0941524617951,0.0,1600615.0,1600615.0,0.0,0.0,1598939.0,-1676.0,-0.10470975218900236,1586557.0,1586557.0,0.0,1606885.0,1606885.0,0.0,0.0,1134819.413766218,1134622.6939366644,-196.7198295535054,-0.01733490167397077,1047.0,1039.0,1051.0,1050.0,99102.0,64.0,1-2km,1-2km
10039,65,el Clot,Sant Martí,432103.17240638327,4584397.874027806,1628.7486845192452,1833.0,51.1,True,1667.9429555418294,0.0,1600615.0,1600615.0,0.0,0.0,1598939.0,-1676.0,-0.10470975218900236,1599636.0,1599636.0,0.0,1606885.0,1606885.0,0.0,0.0,1213324.8067185609,1213113.4785292712,-211.328189289663,-0.017417280856657044,1047.0,1041.0,1051.0,1051.0,105584.0,69.0,1-2km,1-2km
10040,65,el Clot,Sant Martí,431985.99362588953,4584213.993691696,1414.2925998963922,1781.0,15.2,True,1440.3707291159255,0.0,1600615.0,1600615.0,0.0,0.0,1598939.0,-1676.0,-0.10470975218900236,1599636.0,1599636.0,0.0,1606885.0,1606885.0,0.0,0.0,1217815.7525179158,1217602.6549760248,-213.09754189103842,-0.017498340077342977,1047.0,1041.0,1051.0,1051.0,101569.0,66.0,1-2km,1-2km
10041,65,el Clot,Sant Martí,432010.0226303685,4584095.691612526,1348.9825923622182,1612.0,12.8,True,1465.5892657536385,0.0,1603449.0,1603449.0,0.0,0.0,1601773.0,-1676.0,-0.1045246839780997,1599636.0,1599636.0,0.0,1606885.0,1606885.0,0.0,0.0,1222206.313779926,1221991.334607323,-214.97917260299437,-0.01758943397519579,1049.0,1043.0,1051.0,1051.0,103682.0,67.0,1-2km,1-2km
10042,66,el Parc i la Llacuna del Poblenou,Sant Martí,432414.7118231015,4583739.481390285,1508.6890540244888,3204.0,67.8,True,1825.7759891220721,0.0,1600615.0,1600615.0,0.0,0.0,1598939.0,-1676.0,-0.10470975218900236,1598535.0,1598535.0,0.0,1606885.0,1606885.0,0.0,0.0,1195891.759556623,1195767.4225980584,-124.33695856458507,-0.010397007720053445,1047.0,1040.0,1051.0,1051.0,57835.0,36.0,1-2km,1-2km
10043,66,el Parc i la Llacuna del Poblenou,Sant Martí,432342.7442785733,4583145.333320816,1334.3748889641415,2427.0,25.3,True,1828.933521753397,0.0,1600615.0,1600615.0,0.0,0.0,1598939.0,-1676.0,-0.10470975218900236,1590031.0,1590031.0,0.0,1606885.0,1606885.0,0.0,0.0,1149520.892509388,1149371.635423856,-149.25708553195,-0.012984286453995965,1047.0,1039.0,1051.0,1050.0,51662.0,31.0,1-2km,1-2km
10044,66,el Parc i la Llacuna del Poblenou,Sant Martí,432070.8131672969,4582894.546335341,1102.3328800296078,1559.0,20.3,True,1451.3928817155147,0.0,1600615.0,1600615.0,0.0,0.0,1598939.0,-1676.0,-0.10470975218900236,1592923.0,1592923.0,0.0,1606885.0,1606885.0,0.0,0.0,1188970.3116741169,1188809.3341027873,-160.97757132956758,-0.01353924229637869,1047.0,1042.0,1051.0,1051.0,54993.0,33.0,1-2km,1-2km
10045,66,el Parc i la Llacuna del Poblenou,Sant Martí,431881.8712425918,4582673.40821047,967.0750735618976,1300.0,30.0,True,1192.6502531939536,0.0,1597673.0,1597673.0,0.0,0.0,1595997.0,-1676.0,-0.10490256767185775,1580709.0,1580709.0,0.0,1606885.0,1606885.0,0.0,0.0,1160662.5174862205,1158953.8239982044,-1708.693488016026,-0.1472170818195059,1045.0,1040.0,1051.0,1051.0,67393.0,41.0,1-2km,500m-1km
10046,66,el Parc i la Llacuna del Poblenou,Sant Martí,431737.5194414805,4582533.70683079,838.3342250143909,1244.0,65.9,True,953.3077511117691,0.0,1599042.0,1599042.0,0.0,0.0,1597366.0,-1676.0,-0.10481275663803702,1587042.0,1587042.0,0.0,1606885.0,1606885.0,0.0,0.0,1184624.1222575994,1182871.920242361,-1752.2020152383484,-0.14791206614120658,1046.0,1041.0,1051.0,1051.0,70437.0,43.0,500m-1km,500m-1km
10047,66,el Parc i la Llacuna del Poblenou,Sant Martí,431876.54563843226,4582487.204788043,983.9123527443718,1721.0,42.2,True,1178.88878471911,0.0,1597673.0,1597673.0,0.0,0.0,1595997.0,-1676.0,-0.10490256767185775,1580709.0,1580709.0,0.0,1606885.0,1606885.0,0.0,0.0,1164703.6050163552,1163039.269091531,-1664.335924824234,-0.1428978083055614,1045.0,1040.0,1051.0,1051.0,66305.0,40.0,1-2km,500m-1km
10048,66,el Parc i la Llacuna del Poblenou,Sant Martí,432066.9823489072,4582576.333407174,1158.1285417710988,1653.0,15.5,True,1641.905132519237,0.0,1601289.0,1601289.0,0.0,0.0,1599613.0,-1676.0,-0.10466567871258717,1588070.0,1588070.0,0.0,1608538.0,1608538.0,0.0,0.0,1167319.5268022625,1167163.025955823,-156.50084643950686,-0.013406855864753922,1047.0,1042.0,1052.0,1052.0,56030.0,34.0,1-2km,1-2km
10049,66,el Parc i la Llacuna del Poblenou,Sant Martí,432116.6557099728,4582717.988127328,1201.793028360086,1297.0,57.6,True,1600.7569491932265,0.0,1600615.0,1600615.0,0.0,0.0,1598939.0,-1676.0,-0.10470975218900236,1588346.0,1588346.0,0.0,1606885.0,1606885.0,0.0,0.0,1174005.4524616043,1173847.6552945224,-157.7971670818515,-0.013440922846737141,1047.0,1042.0,1051.0,1051.0,50748.0,31.0,1-2km,1-2km
10050,66,el Parc i la Llacuna del Poblenou,Sant Martí,432242.83402161166,4582718.587712826,1321.1193462716858,1556.0,18.9,True,1706.740915260873,0.0,1600615.0,1600615.0,0.0,0.0,1598939.0,-1676.0,-0.10470975218900236,1591133.0,1591133.0,0.0,1606885.0,1606885.0,0.0,0.0,1178061.2678952806,1177902.904210633,-158.36368464771658,-0.013442737569213907,1047.0,1042.0,1051.0,1051.0,48352.0,30.0,1-2km,1-2km
10051,67,la Vila Olímpica del Poblenou,Sant Martí,432303.5977696704,4582518.935303422,1399.791015128875,1625.0,69.6,True,1799.3082507181227,0.0,1597673.0,1597673.0,0.0,0.0,1595997.0,-1676.0,-0.10490256767185775,1577756.0,1577756.0,0.0,1606885.0,1606885.0,0.0,0.0,1134627.450116347,1134465.7278771326,-161.7222392144613,-0.014253333920123117,1045.0,1037.0,1051.0,1051.0,37001.0,22.0,1-2km,1-2km
10052,67,la Vila Olímpica del Poblenou,Sant Martí,432733.7735364098,4582795.413673409,1769.4561222665811,2429.0,14.0,True,2367.019379914291,0.0,1597673.0,1597673.0,0.0,0.0,1595997.0,-1676.0,-0.10490256767185775,1579557.0,1579557.0,0.0,1606885.0,1606885.0,0.0,0.0,1115873.8353026435,1115716.4152719523,-157.42003069119528,-0.014107332362399227,1045.0,1037.0,1051.0,1050.0,27013.0,16.0,2-3.5km,1-2km
10053,67,la Vila Olímpica del Poblenou,Sant Martí,432746.03797258594,4582541.552552279,1837.4858271583607,1719.0,5.7,True,2429.335140067864,0.0,1599636.0,1599636.0,0.0,0.0,1597960.0,-1676.0,-0.10477383604770085,1585018.0,1585018.0,0.0,1606885.0,1606885.0,0.0,0.0,1135023.387539266,1134873.3873760283,-150.00016323756427,-0.01321560109547743,1046.0,1038.0,1051.0,1050.0,22411.0,13.0,2-3.5km,1-2km
10054,67,la Vila Olímpica del Poblenou,Sant Martí,432498.8059555627,4582244.530463771,1646.8607952150485,965.0,10.4,True,2101.775078505365,0.0,1597673.0,1597673.0,0.0,0.0,1595997.0,-1676.0,-0.10490256767185775,1581193.0,1581193.0,0.0,1606885.0,1606885.0,0.0,0.0,1132563.7683544487,1132390.2886570566,-173.4796973920893,-0.015317433087599606,1045.0,1038.0,1051.0,1050.0,22552.0,14.0,2-3.5km,1-2km
10055,67,la Vila Olímpica del Poblenou,Sant Martí,433109.8111344196,4582336.550365771,2224.0035472283994,2638.0,10.1,True,2932.1340229780267,0.0,1597673.0,1597673.0,0.0,0.0,1595997.0,-1676.0,-0.10490256767185775,1586616.0,1586616.0,0.0,1606885.0,1606885.0,0.0,0.0,1127330.7529079744,1127165.4041602844,-165.34874768997543,-0.01466727908055863,1045.0,1037.0,1051.0,1050.0,14175.0,8.0,2-3.5km,2-3.5km
10056,68,el Poblenou,Sant Martí,432933.7747178802,4583126.714104058,1925.6967892983373,1824.0,40.1,True,2585.4859931916108,0.0,1600615.0,1600615.0,0.0,0.0,1598939.0,-1676.0,-0.10470975218900236,1596572.0,1596572.0,0.0,1606885.0,1606885.0,0.0,0.0,1163702.237027722,1163550.5865778194,-151.65044990251772,-0.013031722813376792,1047.0,1039.0,1051.0,1051.0,38222.0,21.0,2-3.5km,1-2km
10057,68,el Poblenou,Sant Martí,433168.0531316911,4583254.483578817,2159.819778047266,1419.0,8.0,True,2939.052130524573,0.0,1600615.0,1600615.0,0.0,0.0,1598939.0,-1676.0,-0.10470975218900236,1588467.0,1588467.0,0.0,1606885.0,1606885.0,0.0,0.0,1133946.6385849067,1133799.6810830836,-146.95750182308257,-0.012959825164831053,1047.0,1039.0,1051.0,1050.0,41086.0,23.0,2-3.5km,2-3.5km
10058,68,el Poblenou,Sant Martí,432954.7635612823,4583520.914348148,1973.3369134212176,1143.0,42.7,True,2696.6015110777944,0.0,1600615.0,1600615.0,0.0,0.0,1598939.0,-1676.0,-0.10470975218900236,1588467.0,1588467.0,0.0,1606885.0,1606885.0,0.0,0.0,1143544.4458454463,1143395.8259402474,-148.61990519892424,-0.012996425782912744,1047.0,1039.0,1051.0,1050.0,46638.0,26.0,2-3.5km,1-2km
10059,68,el Poblenou,Sant Martí,433603.6799380396,4583020.385156623,2600.1402462242745,1793.0,12.1,True,3562.728459545635,0.0,1599636.0,1599636.0,0.0,0.0,1597960.0,-1676.0,-0.10477383604770085,1586616.0,1586616.0,0.0,1606885.0,1606885.0,0.0,0.0,1124206.654668287,1124025.6202970024,-181.03437128453515,-0.01610330009458554,1046.0,1038.0,1051.0,1050.0,24293.0,14.0,>3.5km,2-3.5km
10060,68,el Poblenou,Sant Martí,433541.9992324138,4583455.914863188,2546.63084601594,1676.0,32.4,True,3631.086651252373,0.0,1599392.0,1599392.0,0.0,0.0,1597716.0,-1676.0,-0.10478982013165003,1566853.0,1566853.0,0.0,1606885.0,1606885.0,0.0,0.0,1095915.8899624,1095762.0314442115,-153.85851818858646,-0.014039263377581395,1046.0,1036.0,1051.0,1050.0,42340.0,24.0,>3.5km,2-3.5km
10061,68,el Poblenou,Sant Martí,433373.4090621554,4583422.33061404,2375.516327505833,1738.0,9.9,True,3242.0891652326636,0.0,1600615.0,1600615.0,0.0,0.0,1598939.0,-1676.0,-0.10470975218900236,1568750.0,1568750.0,0.0,1606885.0,1606885.0,0.0,0.0,1116127.4155907037,1115975.3153690153,-152.1002216883935,-0.013627496248526013,1047.0,1039.0,1051.0,1050.0,46323.0,26.0,2-3.5km,2-3.5km
10062,68,el Poblenou,Sant Martí,433412.3755470094,4583597.822052849,2437.366233867154,1503.0,59.9,True,3353.8516708512952,0.0,1503.0,1503.0,0.0,0.0,1503.0,0.0,0.0,1503.0,1503.0,0.0,1503.0,1503.0,0.0,0.0,1503.0,1503.0,0.0,0.0,1.0,1.0,1.0,1.0,47315.0,27.0,2-3.5km,2-3.5km
10063,68,el Poblenou,Sant Martí,433345.9496302415,4583716.080796266,2395.003761016628,1188.0,28.0,True,3228.5318853411413,0.0,1188.0,1188.0,0.0,0.0,1188.0,0.0,0.0,1188.0,1188.0,0.0,1188.0,1188.0,0.0,0.0,1188.0,1188.0,0.0,0.0,1.0,1.0,1.0,1.0,47233.0,27.0,2-3.5km,2-3.5km
10064,68,el Poblenou,Sant Martí,433158.5819898334,4583632.196985058,2194.187241973268,1658.0,2.1,True,2939.104971317784,0.0,1600615.0,1600615.0,0.0,0.0,1598939.0,-1676.0,-0.10470975218900236,1588467.0,1588467.0,0.0,1606885.0,1606885.0,0.0,0.0,1141332.9139886892,1141185.070315934,-147.84367275517434,-0.012953597582540189,1047.0,1039.0,1051.0,1050.0,48789.0,27.0,2-3.5km,2-3.5km
10065,68,el Poblenou,Sant Martí,433195.5649640873,4583897.608631491,2297.6773766578845,1548.0,48.7,True,2834.716700615445,0.0,1599636.0,1599636.0,0.0,0.0,1597960.0,-1676.0,-0.10477383604770085,1574144.0,1574144.0,0.0,1606885.0,1606885.0,0.0,0.0,1092541.1000875062,1092398.6642162,-142.43587130634114,-0.013037117898350263,1046.0,1038.0,1051.0,1050.0,51700.0,30.0,2-3.5km,2-3.5km
10066,68,el Poblenou,Sant Martí,432982.9544546764,4583801.211768782,2065.896536102612,2091.0,29.9,True,2716.9170032049174,0.0,1600615.0,1600615.0,0.0,0.0,1598939.0,-1676.0,-0.10470975218900236,1586808.0,1586808.0,0.0,1606885.0,1606885.0,0.0,0.0,1134636.449712969,1134490.4610358702,-145.98867709864862,-0.012866559780939493,1047.0,1039.0,1051.0,1050.0,55137.0,32.0,2-3.5km,2-3.5km
10067,68,el Poblenou,Sant Martí,432814.1600067776,4583966.109516684,1964.292469884664,1944.0,44.9,True,2463.1156056811164,0.0,1600615.0,1600615.0,0.0,0.0,1598939.0,-1676.0,-0.10470975218900236,1583349.0,1583349.0,0.0,1606885.0,1606885.0,0.0,0.0,1125692.1327226989,1125545.6386594693,-146.4940632295329,-0.013013688109839532,1047.0,1039.0,1051.0,1050.0,54537.0,33.0,2-3.5km,1-2km
10068,68,el Poblenou,Sant Martí,432960.9680839068,4584067.555323361,2139.504609141366,1639.0,20.4,True,2588.3900377985974,0.0,1600615.0,1600615.0,0.0,0.0,1598939.0,-1676.0,-0.10470975218900236,1583076.0,1583076.0,0.0,1606885.0,1606885.0,0.0,0.0,1133349.9052799975,1133205.764710104,-144.14056989341043,-0.012718099610887608,1047.0,1039.0,1051.0,1050.0,62136.0,38.0,2-3.5km,2-3.5km
10069,68,el Poblenou,Sant Martí,433308.6336963072,4584167.782891258,2498.2417200865943,2796.0,56.6,True,2902.832184758902,0.0,1600615.0,1600615.0,0.0,0.0,1598939.0,-1676.0,-0.10470975218900236,1592021.0,1592021.0,0.0,1606885.0,1606885.0,0.0,0.0,1149444.6370410102,1149298.1370231418,-146.50001786835492,-0.012745286997509219,1047.0,1039.0,1051.0,1050.0,60503.0,35.0,2-3.5km,2-3.5km
10070,68,el Poblenou,Sant Martí,433357.3163404828,4583943.425131771,2465.6882575992013,1650.0,56.5,True,3113.279815595918,0.0,1600615.0,1600615.0,0.0,0.0,1598939.0,-1676.0,-0.10470975218900236,1583076.0,1583076.0,0.0,1606885.0,1606885.0,0.0,0.0,1135962.3068917636,1135818.9083728113,-143.39851895230822,-0.012623527918340646,1047.0,1039.0,1051.0,1050.0,55460.0,32.0,2-3.5km,2-3.5km
10071,68,el Poblenou,Sant Martí,433602.9678895176,4583696.947512725,2642.646261947752,1802.0,25.6,True,3409.1161749836583,0.0,1599392.0,1599392.0,0.0,0.0,1597716.0,-1676.0,-0.10478982013165003,1569998.0,1569998.0,0.0,1606885.0,1606885.0,0.0,0.0,1099497.0603939574,1099330.4865669145,-166.57382704294287,-0.015150002036681964,1046.0,1037.0,1051.0,1050.0,43735.0,25.0,2-3.5km,2-3.5km
10072,68,el Poblenou,Sant Martí,433811.3810106047,4583761.079193957,2859.573209528877,2056.0,42.9,True,3591.4835879716097,0.0,1599392.0,1599392.0,0.0,0.0,1597716.0,-1676.0,-0.10478982013165003,1566090.0,1566090.0,0.0,1606885.0,1606885.0,0.0,0.0,1100067.7536315424,1099917.8640606792,-149.88957086321898,-0.013625485372914867,1046.0,1036.0,1051.0,1050.0,42730.0,24.0,>3.5km,2-3.5km
10073,68,el Poblenou,Sant Martí,433700.7862423677,4583875.275197206,2777.184679781657,1440.0,35.2,True,3504.095233668289,0.0,1599392.0,1599392.0,0.0,0.0,1597716.0,-1676.0,-0.10478982013165003,1571586.0,1571586.0,0.0,1606885.0,1606885.0,0.0,0.0,1107370.0918061882,1107222.1804270637,-147.91137912450358,-0.013356996023185987,1046.0,1036.0,1051.0,1050.0,48391.0,28.0,>3.5km,2-3.5km
10074,68,el Poblenou,Sant Martí,433548.5313872855,4583978.292306291,2658.5440167375086,1663.0,29.9,True,3284.7045611237468,0.0,1600615.0,1600615.0,0.0,0.0,1598939.0,-1676.0,-0.10470975218900236,1575909.0,1575909.0,0.0,1606885.0,1606885.0,0.0,0.0,1121082.483537792,1120941.5485198896,-140.93501790240407,-0.012571333507741237,1047.0,1039.0,1051.0,1050.0,53708.0,31.0,2-3.5km,2-3.5km
10075,68,el Poblenou,Sant Martí,433579.2597090806,4584094.771602964,2724.294232342059,1532.0,25.9,True,3324.889074965688,0.0,1600615.0,1600615.0,0.0,0.0,1598939.0,-1676.0,-0.10470975218900236,1567079.0,1567079.0,0.0,1606885.0,1606885.0,0.0,0.0,1112313.1798579693,1112173.6793149926,-139.50054297666065,-0.012541480718089972,1047.0,1038.0,1051.0,1050.0,55807.0,33.0,2-3.5km,2-3.5km
10076,69,Diagonal Mar i el Front Marítim del Poblenou,Sant Martí,433761.1744089558,4584263.203888416,2953.4194078500063,2259.0,38.7,True,3448.349300292405,0.0,1600615.0,1600615.0,0.0,0.0,1598939.0,-1676.0,-0.10470975218900236,1583076.0,1583076.0,0.0,1606885.0,1606885.0,0.0,0.0,1130502.9809020264,1130361.0643072713,-141.91659475513734,-0.01255340296775709,1047.0,1039.0,1051.0,1050.0,51368.0,29.0,2-3.5km,2-3.5km
10077,69,Diagonal Mar i el Front Marítim del Poblenou,Sant Martí,433950.7290400972,4583999.928327089,3050.705407207497,1821.0,3.7,True,3724.821522723748,0.0,1598291.0,1598291.0,0.0,0.0,1596615.0,-1676.0,-0.10486200572987021,1512724.0,1512724.0,0.0,1606885.0,1606885.0,0.0,0.0,1076727.1950582643,1076592.9281499768,-134.26690828753635,-0.012469909639485872,1045.0,1035.0,1051.0,1050.0,41696.0,23.0,>3.5km,2-3.5km
10078,69,Diagonal Mar i el Front Marítim del Poblenou,Sant Martí,434135.6953486897,4583554.806554071,3147.60310354024,2415.0,15.5,True,4124.192577915705,0.0,1599392.0,1599392.0,0.0,0.0,1597716.0,-1676.0,-0.10478982013165003,1576493.0,1576493.0,0.0,1606885.0,1606885.0,0.0,0.0,1110996.150809229,1110844.2337758262,-151.91703340271488,-0.013673947771291677,1046.0,1036.0,1051.0,1050.0,28553.0,16.0,>3.5km,2-3.5km
10079,69,Diagonal Mar i el Front Marítim del Poblenou,Sant Martí,434148.59308884,4584048.231456718,3254.300639447264,1742.0,41.8,True,3916.1350636522134,0.0,1599392.0,1599392.0,0.0,0.0,1597716.0,-1676.0,-0.10478982013165003,1561506.0,1561506.0,0.0,1606885.0,1606885.0,0.0,0.0,1085400.057693907,1085264.7159041674,-135.3417897396721,-0.012469300031845008,1046.0,1036.0,1051.0,1050.0,36588.0,21.0,>3.5km,2-3.5km
10080,69,Diagonal Mar i el Front Marítim del Poblenou,Sant Martí,434506.6712115516,4584293.382712706,3667.056072984476,2275.0,40.5,True,4325.81274047625,0.0,1599392.0,1599392.0,0.0,0.0,1597716.0,-1676.0,-0.10478982013165003,1568255.0,1568255.0,0.0,1606885.0,1606885.0,0.0,0.0,1099187.2597522927,1099038.3855758745,-148.87417641817592,-0.013544023104100156,1046.0,1036.0,1051.0,1050.0,29786.0,16.0,>3.5km,>3.5km
10081,70,el Besòs i el Maresme,Sant Martí,434982.44202309806,4584536.131864584,4194.722894273241,2166.0,23.8,True,5085.102720558928,0.0,2166.0,2166.0,0.0,0.0,2166.0,0.0,0.0,2166.0,2166.0,0.0,2166.0,2166.0,0.0,0.0,2166.0,2166.0,0.0,0.0,1.0,1.0,1.0,1.0,11488.0,6.0,>3.5km,>3.5km
10082,70,el Besòs i el Maresme,Sant Martí,434617.7261896016,4585183.11184046,4121.807215791622,1944.0,27.2,True,4877.9310746746405,0.0,1593100.0,1593100.0,0.0,0.0,1591424.0,-1676.0,-0.1052036909170799,1497143.0,1497143.0,0.0,1606885.0,1606885.0,0.0,0.0,1035345.3944799057,1035215.0911621132,-130.3033177924808,-0.012585492579308495,1042.0,1032.0,1051.0,1050.0,30140.0,16.0,>3.5km,>3.5km
10083,70,el Besòs i el Maresme,Sant Martí,434477.10986180016,4585334.9843406165,4077.046263654076,2212.0,49.8,True,4761.6331775012495,0.0,1595058.0,1595058.0,0.0,0.0,1593382.0,-1676.0,-0.10507454901326473,1443297.0,1443297.0,0.0,1606885.0,1606885.0,0.0,0.0,1055328.6689814099,1055229.1521435021,-99.51683790772222,-0.009429937879331435,1043.0,1033.0,1051.0,1050.0,36211.0,19.0,>3.5km,>3.5km
10084,70,el Besòs i el Maresme,Sant Martí,434398.684585964,4585160.423170009,3920.019197950746,1663.0,40.1,True,4488.79043434461,0.0,1598291.0,1598291.0,0.0,0.0,1596615.0,-1676.0,-0.10486200572987021,1521383.0,1521383.0,0.0,1606885.0,1606885.0,0.0,0.0,1080153.6239434683,1080051.5222508663,-102.10169260203838,-0.00945251585874252,1045.0,1035.0,1051.0,1050.0,41317.0,22.0,>3.5km,>3.5km
10085,70,el Besòs i el Maresme,Sant Martí,434326.1169561084,4585404.856673086,3987.767769427407,2094.0,51.4,True,4602.30913027645,0.0,1598291.0,1598291.0,0.0,0.0,1596615.0,-1676.0,-0.10486200572987021,1468150.0,1468150.0,0.0,1606885.0,1606885.0,0.0,0.0,1072331.1136648024,1072229.779878896,-101.33378590643406,-0.009449859713583744,1045.0,1035.0,1051.0,1050.0,43663.0,25.0,>3.5km,>3.5km
10086,70,el Besòs i el Maresme,Sant Martí,434249.86096397263,4585513.97525231,3987.133123904842,1949.0,46.4,True,4567.0190705571595,0.0,1598291.0,1598291.0,0.0,0.0,1596615.0,-1676.0,-0.10486200572987021,1442721.0,1442721.0,0.0,1606885.0,1606885.0,0.0,0.0,1058478.5036973965,1058350.2848901227,-128.2188072737772,-0.012113501296993092,1045.0,1035.0,1051.0,1050.0,47491.0,27.0,>3.5km,>3.5km
10087,70,el Besòs i el Maresme,Sant Martí,434119.7997880638,4585645.894734035,3962.498895633402,1818.0,41.1,True,4305.68869649992,0.0,1599392.0,1599392.0,0.0,0.0,1597716.0,-1676.0,-0.10478982013165003,1532590.0,1532590.0,0.0,1606885.0,1606885.0,0.0,0.0,1086367.8679170795,1086236.2541964268,-131.61372065264732,-0.01211502333044824,1046.0,1036.0,1051.0,1050.0,47207.0,28.0,>3.5km,>3.5km
10088,70,el Besòs i el Maresme,Sant Martí,433977.1972614347,4585661.974166296,3861.833757961136,1659.0,25.1,True,4099.06521971648,0.0,1595058.0,1595058.0,0.0,0.0,1593382.0,-1676.0,-0.10507454901326473,1390540.0,1390540.0,0.0,1606885.0,1606885.0,0.0,0.0,1040026.5880433645,1039892.9505374436,-133.6375059208367,-0.012849431683496981,1043.0,1032.0,1051.0,1050.0,58856.0,36.0,>3.5km,>3.5km
10089,70,el Besòs i el Maresme,Sant Martí,433980.426332012,4585227.942278086,3602.3006651680703,4834.0,45.8,True,4117.1253309670265,0.0,1600615.0,1600615.0,0.0,0.0,1598939.0,-1676.0,-0.10470975218900236,1569433.0,1569433.0,0.0,1606885.0,1606885.0,0.0,0.0,1107165.450310045,1107043.3307434833,-122.11956656165421,-0.01102992931430948,1047.0,1037.0,1051.0,1050.0,57806.0,34.0,>3.5km,>3.5km
10090,70,el Besòs i el Maresme,Sant Martí,434279.63918490126,4585099.791274958,3786.633538739144,1477.0,31.1,True,4412.921463597832,0.0,1598291.0,1598291.0,0.0,0.0,1596615.0,-1676.0,-0.10486200572987021,1530415.0,1530415.0,0.0,1606885.0,1606885.0,0.0,0.0,1070339.557410145,1070204.058723115,-135.49868703004904,-0.012659411314098252,1045.0,1035.0,1051.0,1050.0,43733.0,24.0,>3.5km,>3.5km
10091,70,el Besòs i el Maresme,Sant Martí,434465.6710586978,4584909.397058298,3859.990327199466,1970.0,7.5,True,4396.736228081334,0.0,1598291.0,1598291.0,0.0,0.0,1596615.0,-1676.0,-0.10486200572987021,1553078.0,1553078.0,0.0,1606885.0,1606885.0,0.0,0.0,1074295.0242082307,1074159.8050263552,-135.21918187546544,-0.012586782850932753,1045.0,1035.0,1051.0,1050.0,39186.0,20.0,>3.5km,>3.5km
10092,70,el Besòs i el Maresme,Sant Martí,434560.901762498,4584731.128205057,3871.1909609039967,1470.0,56.9,True,4284.828926980021,0.0,1599392.0,1599392.0,0.0,0.0,1597716.0,-1676.0,-0.10478982013165003,1579786.0,1579786.0,0.0,1606885.0,1606885.0,0.0,0.0,1094348.9478010472,1094212.5301905095,-136.41761053772643,-0.012465640946778446,1046.0,1036.0,1051.0,1050.0,35999.0,18.0,>3.5km,>3.5km
10093,70,el Besòs i el Maresme,Sant Martí,434228.5954974181,4584865.904291058,3628.947279806292,1093.0,3.6,True,4057.9677397370247,0.0,1596693.0,1596693.0,0.0,0.0,1595017.0,-1676.0,-0.10496695357216447,1511448.0,1511448.0,0.0,1606885.0,1606885.0,0.0,0.0,1058773.82554017,1058652.689775477,-121.13576469314285,-0.011441137074893332,1044.0,1034.0,1051.0,1050.0,47369.0,25.0,>3.5km,>3.5km
10094,71,Provençals del Poblenou,Sant Martí,433781.5845385528,4584743.4047606485,3177.348970266508,3060.0,14.0,True,3768.2820664768524,0.0,1600615.0,1600615.0,0.0,0.0,1598939.0,-1676.0,-0.10470975218900236,1566864.0,1566864.0,0.0,1606885.0,1606885.0,0.0,0.0,1110303.8194849044,1110165.9175294717,-137.9019554327242,-0.012420200040084534,1047.0,1037.0,1051.0,1050.0,64338.0,35.0,>3.5km,2-3.5km
10095,71,Provençals del Poblenou,Sant Martí,433539.92633733817,4584582.4762802,2887.9595933256733,1326.0,24.2,True,3330.969222863781,0.0,1599392.0,1599392.0,0.0,0.0,1597716.0,-1676.0,-0.10478982013165003,1566638.0,1566638.0,0.0,1606885.0,1606885.0,0.0,0.0,1085677.022623542,1085540.6045004483,-136.4181230936665,-0.012565258382646036,1046.0,1036.0,1051.0,1050.0,62998.0,35.0,2-3.5km,2-3.5km
10096,71,Provençals del Poblenou,Sant Martí,433111.76503887086,4584282.887731792,2369.1007004448043,1669.0,41.3,True,2733.692244198568,0.0,1600615.0,1600615.0,0.0,0.0,1598939.0,-1676.0,-0.10470975218900236,1596572.0,1596572.0,0.0,1606885.0,1606885.0,0.0,0.0,1162809.8581475986,1162660.1213517757,-149.73679582285695,-0.012877152250961607,1047.0,1039.0,1051.0,1050.0,67306.0,40.0,2-3.5km,2-3.5km
10097,71,Provençals del Poblenou,Sant Martí,432712.3593060649,4584213.694131227,1986.5285571876325,1554.0,58.6,True,2466.3125097153093,0.0,1600615.0,1600615.0,0.0,0.0,1598939.0,-1676.0,-0.10470975218900236,1586798.0,1586798.0,0.0,1606885.0,1606885.0,0.0,0.0,1138172.6235270635,1138026.0806247941,-146.54290226940066,-0.012875279130794887,1047.0,1039.0,1051.0,1050.0,62989.0,39.0,2-3.5km,1-2km
10098,71,Provençals del Poblenou,Sant Martí,432611.6136363197,4584319.479264664,1959.7898019579488,1752.0,17.1,True,2600.504984798078,0.0,1600615.0,1600615.0,0.0,0.0,1598939.0,-1676.0,-0.10470975218900236,1583076.0,1583076.0,0.0,1606885.0,1606885.0,0.0,0.0,1135129.960575951,1134985.7156003732,-144.24497557780705,-0.012707353394550428,1047.0,1039.0,1051.0,1050.0,72819.0,45.0,2-3.5km,1-2km
10099,71,Provençals del Poblenou,Sant Martí,432850.1487471997,4584552.283440476,2289.469841949843,1118.0,30.3,True,2519.7864072951015,0.0,1600615.0,1600615.0,0.0,0.0,1598939.0,-1676.0,-0.10470975218900236,1583521.0,1583521.0,0.0,1606885.0,1606885.0,0.0,0.0,1143944.3233477196,1143831.5196394078,-112.80370831186883,-0.009860943929661898,1047.0,1039.0,1051.0,1050.0,76987.0,48.0,2-3.5km,2-3.5km
10100,71,Provençals del Poblenou,Sant Martí,433036.5114613992,4584488.629312199,2406.9414109039867,1670.0,34.5,True,2925.10248708322,0.0,1600615.0,1600615.0,0.0,0.0,1598939.0,-1676.0,-0.10470975218900236,1593984.0,1593984.0,0.0,1606885.0,1606885.0,0.0,0.0,1159993.000566947,1159847.2101046068,-145.79046234022826,-0.012568219141751123,1047.0,1039.0,1051.0,1050.0,71134.0,43.0,2-3.5km,2-3.5km
10101,71,Provençals del Poblenou,Sant Martí,433384.0502637859,4584834.454542594,2887.94908938773,1709.0,42.1,True,3316.4713286716683,0.0,1600615.0,1600615.0,0.0,0.0,1598939.0,-1676.0,-0.10470975218900236,1562744.0,1562744.0,0.0,1606885.0,1606885.0,0.0,0.0,1107822.3082043892,1107684.2428666924,-138.06533769681118,-0.012462769225201288,1047.0,1037.0,1051.0,1050.0,69170.0,41.0,2-3.5km,2-3.5km
10102,71,Provençals del Poblenou,Sant Martí,433711.6594567621,4585394.386577508,3486.738741030269,2612.0,59.1,True,3697.802431904099,0.0,1599392.0,1599392.0,0.0,0.0,1597716.0,-1676.0,-0.10478982013165003,1539983.0,1539983.0,0.0,1606885.0,1606885.0,0.0,0.0,1095600.1646779112,1095459.5203088468,-140.64436906436458,-0.012837198605726,1046.0,1036.0,1051.0,1050.0,66888.0,41.0,>3.5km,2-3.5km
10103,71,Provençals del Poblenou,Sant Martí,433472.3705122922,4585161.490109356,3154.248189879233,2146.0,53.4,True,3371.519611668838,0.0,2146.0,2146.0,0.0,0.0,2146.0,0.0,0.0,2146.0,2146.0,0.0,2146.0,2146.0,0.0,0.0,2146.0,2146.0,0.0,0.0,1.0,1.0,1.0,1.0,70155.0,45.0,2-3.5km,2-3.5km
10104,71,Provençals del Poblenou,Sant Martí,433233.7980763843,4584928.731914493,2822.744068369216,1564.0,37.8,True,3063.081337767129,0.0,1600615.0,1600615.0,0.0,0.0,1598939.0,-1676.0,-0.10470975218900236,1555551.0,1555551.0,0.0,1606885.0,1606885.0,0.0,0.0,1106072.5942023252,1105966.3669899404,-106.22721238480881,-0.009604000039564988,1047.0,1037.0,1051.0,1050.0,71440.0,44.0,2-3.5km,2-3.5km
10105,72,Sant Martí de Provençals,Sant Martí,433134.2316528611,4585028.829271391,2809.386844372701,2164.0,25.0,True,3078.3584749874312,0.0,1600615.0,1600615.0,0.0,0.0,1598939.0,-1676.0,-0.10470975218900236,1583949.0,1583949.0,0.0,1606885.0,1606885.0,0.0,0.0,1146919.7433524255,1146773.367014414,-146.37633801158518,-0.012762561535799341,1047.0,1039.0,1051.0,1050.0,66562.0,45.0,2-3.5km,2-3.5km
10106,72,Sant Martí de Provençals,Sant Martí,432986.7771669312,4584891.620641928,2608.1133572541903,1006.0,48.3,True,2854.354551066546,0.0,1600615.0,1600615.0,0.0,0.0,1598939.0,-1676.0,-0.10470975218900236,1591731.0,1591731.0,0.0,1606885.0,1606885.0,0.0,0.0,1176025.722671416,1175827.9620058935,-197.76066552242264,-0.016816015305617375,1047.0,1039.0,1051.0,1050.0,75930.0,49.0,2-3.5km,2-3.5km
10107,72,Sant Martí de Provençals,Sant Martí,432842.7729358796,4584847.401707813,2470.829701655553,1479.0,28.8,True,2797.6998153856516,0.0,1600615.0,1600615.0,0.0,0.0,1598939.0,-1676.0,-0.10470975218900236,1589162.0,1589162.0,0.0,1606885.0,1606885.0,0.0,0.0,1154095.286107084,1153981.7784712547,-113.50763582927175,-0.00983520487395352,1047.0,1039.0,1051.0,1050.0,81385.0,53.0,2-3.5km,2-3.5km
10108,72,Sant Martí de Provençals,Sant Martí,432878.7604990905,4585002.65932196,2603.197347933205,1281.0,65.6,True,2946.129448741182,0.0,1600615.0,1600615.0,0.0,0.0,1598939.0,-1676.0,-0.10470975218900236,1590831.0,1590831.0,0.0,1606885.0,1606885.0,0.0,0.0,1164837.4702944425,1164644.9463191337,-192.5239753087517,-0.016527968941459817,1047.0,1039.0,1051.0,1050.0,73714.0,50.0,2-3.5km,2-3.5km
10109,72,Sant Martí de Provençals,Sant Martí,433031.2012483891,4585146.128693383,2812.513165896789,1649.0,15.1,True,3105.9329133133274,0.0,1600615.0,1600615.0,0.0,0.0,1598939.0,-1676.0,-0.10470975218900236,1592349.0,1592349.0,0.0,1606885.0,1606885.0,0.0,0.0,1161889.2675836575,1161694.583446386,-194.68413727148436,-0.016755825421846136,1047.0,1039.0,1051.0,1050.0,70752.0,48.0,2-3.5km,2-3.5km
10110,72,Sant Martí de Provençals,Sant Martí,432830.6756035809,4585139.735165443,2667.3098808292125,1660.0,5.3,True,2818.5822855019105,0.0,1600615.0,1600615.0,0.0,0.0,1598939.0,-1676.0,-0.10470975218900236,1590133.0,1590133.0,0.0,1606885.0,1606885.0,0.0,0.0,1175478.2743967338,1175280.3499704348,-197.92442629905418,-0.016837778341809915,1047.0,1039.0,1051.0,1050.0,81135.0,55.0,2-3.5km,2-3.5km
10111,72,Sant Martí de Provençals,Sant Martí,432819.7353247133,4585303.123987741,2781.766597726458,1306.0,22.7,True,2888.574866746119,0.0,1600615.0,1600615.0,0.0,0.0,1598939.0,-1676.0,-0.10470975218900236,1581753.0,1581753.0,0.0,1606885.0,1606885.0,0.0,0.0,1145392.8360749648,1145200.3037116362,-192.53236332861707,-0.01680928649670863,1047.0,1039.0,1051.0,1050.0,84120.0,56.0,2-3.5km,2-3.5km
10112,72,Sant Martí de Provençals,Sant Martí,432700.10484579287,4585185.235040509,2614.4406165372534,1501.0,61.8,True,2666.822653431533,0.0,1600615.0,1600615.0,0.0,0.0,1598939.0,-1676.0,-0.10470975218900236,1599514.0,1599514.0,0.0,1606885.0,1606885.0,0.0,0.0,1197969.614411985,1197767.2799890907,-202.33442289428785,-0.016889779211437035,1047.0,1039.0,1051.0,1050.0,88687.0,59.0,2-3.5km,2-3.5km
10113,72,Sant Martí de Provençals,Sant Martí,432644.7696702435,4585246.252239925,2626.4582389001,1186.0,41.8,True,2769.917752382173,0.0,1600615.0,1600615.0,0.0,0.0,1598939.0,-1676.0,-0.10470975218900236,1591731.0,1591731.0,0.0,1606885.0,1606885.0,0.0,0.0,1176413.249442811,1176215.0577400548,-198.1917027560994,-0.01684711582855512,1047.0,1039.0,1051.0,1050.0,92382.0,61.0,2-3.5km,2-3.5km
10114,72,Sant Martí de Provençals,Sant Martí,432836.7675963083,4585444.191361415,2901.0216968083155,1513.0,15.5,True,3008.8889965316716,0.0,1600615.0,1600615.0,0.0,0.0,1598939.0,-1676.0,-0.10470975218900236,1549515.0,1549515.0,0.0,1606885.0,1606885.0,0.0,0.0,1136000.1241360884,1135809.168448378,-190.95568771031685,-0.016809477715113444,1047.0,1039.0,1051.0,1050.0,75367.0,51.0,2-3.5km,2-3.5km
10115,72,Sant Martí de Provençals,Sant Martí,432871.8465786389,4585641.161375731,3077.6130880767705,1436.0,10.6,True,3245.946415672279,0.0,1600615.0,1600615.0,0.0,0.0,1598939.0,-1676.0,-0.10470975218900236,1583422.0,1583422.0,0.0,1606885.0,1606885.0,0.0,0.0,1135928.7240137283,1135738.048693335,-190.67532039340585,-0.016785852524238257,1047.0,1039.0,1051.0,1050.0,61869.0,43.0,2-3.5km,2-3.5km
10116,72,Sant Martí de Provençals,Sant Martí,432910.3308228506,4585843.633728368,3263.3767785272025,1779.0,55.3,True,3588.9530587232116,0.0,1600615.0,1600615.0,0.0,0.0,1598939.0,-1676.0,-0.10470975218900236,1558524.0,1558524.0,0.0,1606885.0,1606885.0,0.0,0.0,1121334.685340016,1121147.8594804273,-186.8258595885709,-0.016661025653720928,1047.0,1039.0,1051.0,1050.0,52477.0,37.0,>3.5km,2-3.5km
10117,72,Sant Martí de Provençals,Sant Martí,433084.8199816463,4585748.832348947,3293.87747481069,1244.0,61.2,True,3538.4618734185697,0.0,1600615.0,1600615.0,0.0,0.0,1598939.0,-1676.0,-0.10470975218900236,1588615.0,1588615.0,0.0,1606885.0,1606885.0,0.0,0.0,1145320.1815100478,1145129.1540428796,-191.0274671681691,-0.0166789575746678,1047.0,1039.0,1051.0,1050.0,60735.0,42.0,>3.5km,2-3.5km
10118,72,Sant Martí de Provençals,Sant Martí,433081.889654598,4585558.331239558,3146.317884449617,987.0,54.8,True,3230.4149168357603,0.0,1600615.0,1600615.0,0.0,0.0,1598939.0,-1676.0,-0.10470975218900236,1598535.0,1598535.0,0.0,1606885.0,1606885.0,0.0,0.0,1166373.3150969436,1166177.7083302496,-195.60676669399254,-0.016770511135856585,1047.0,1039.0,1051.0,1050.0,65338.0,45.0,2-3.5km,2-3.5km
10119,72,Sant Martí de Provençals,Sant Martí,432986.8136614607,4585466.684381748,3014.7551632712825,1136.0,56.0,True,3099.497404458406,0.0,1600615.0,1600615.0,0.0,0.0,1598939.0,-1676.0,-0.10470975218900236,1598535.0,1598535.0,0.0,1606885.0,1606885.0,0.0,0.0,1174081.8837388107,1173884.7344205598,-197.1493182508275,-0.016791786073984415,1047.0,1039.0,1051.0,1050.0,75108.0,51.0,2-3.5km,2-3.5km
10120,72,Sant Martí de Provençals,Sant Martí,433181.93980492814,4585469.772332861,3148.439207150748,1433.0,56.2,True,3271.616978766558,0.0,1600615.0,1600615.0,0.0,0.0,1598939.0,-1676.0,-0.10470975218900236,1590133.0,1590133.0,0.0,1606885.0,1606885.0,0.0,0.0,1158356.905494972,1158163.0541528284,-193.8513421434909,-0.016735027108130997,1047.0,1039.0,1051.0,1050.0,73229.0,50.0,2-3.5km,2-3.5km
10121,72,Sant Martí de Provençals,Sant Martí,433245.7368883494,4585269.004323314,3052.7643066825217,1610.0,15.6,True,3403.904813007178,0.0,1600615.0,1600615.0,0.0,0.0,1598939.0,-1676.0,-0.10470975218900236,1576540.0,1576540.0,0.0,1606885.0,1606885.0,0.0,0.0,1127368.626099441,1127223.7740171212,-144.8520823197905,-0.01284868843840024,1047.0,1039.0,1051.0,1050.0,75003.0,48.0,2-3.5km,2-3.5km
10122,72,Sant Martí de Provençals,Sant Martí,433400.8854722034,4585359.594103556,3228.327585627183,1482.0,23.1,True,3558.1998156856585,0.0,1600615.0,1600615.0,0.0,0.0,1598939.0,-1676.0,-0.10470975218900236,1588615.0,1588615.0,0.0,1606885.0,1606885.0,0.0,0.0,1135251.2641596426,1135062.2228821272,-189.04127751546912,-0.016651932790879106,1047.0,1039.0,1051.0,1050.0,76451.0,49.0,>3.5km,2-3.5km
10123,73,la Verneda i la Pau,Sant Martí,433560.12835174735,4585453.058850385,3409.2891301546715,1344.0,31.4,True,3680.6050392315697,0.0,1600615.0,1600615.0,0.0,0.0,1598939.0,-1676.0,-0.10470975218900236,1576540.0,1576540.0,0.0,1606885.0,1606885.0,0.0,0.0,1130578.4921721334,1130421.787199349,-156.70497278450057,-0.013860600910904455,1047.0,1039.0,1051.0,1050.0,77185.0,49.0,>3.5km,2-3.5km
10124,73,la Verneda i la Pau,Sant Martí,433654.9161896794,4585546.770628342,3542.3915917258737,1092.0,12.5,True,3949.571424501253,0.0,1600615.0,1600615.0,0.0,0.0,1598939.0,-1676.0,-0.10470975218900236,1535779.0,1535779.0,0.0,1606885.0,1606885.0,0.0,0.0,1098982.5001723203,1098800.4340999855,-182.06607233476825,-0.016566785395237895,1047.0,1037.0,1051.0,1050.0,67626.0,43.0,>3.5km,>3.5km
10125,73,la Verneda i la Pau,Sant Martí,433732.80640251696,4585650.059835244,3669.336719609266,1099.0,51.0,True,3998.3885575446384,0.0,1600615.0,1600615.0,0.0,0.0,1598939.0,-1676.0,-0.10470975218900236,1561014.0,1561014.0,0.0,1606885.0,1606885.0,0.0,0.0,1116183.4298925505,1116043.058898337,-140.37099421350285,-0.01257597904199453,1047.0,1037.0,1051.0,1050.0,66895.0,42.0,>3.5km,>3.5km
10126,73,la Verneda i la Pau,Sant Martí,433652.8806310489,4585755.98095538,3683.3600709242455,1005.0,11.5,True,3952.77195442877,0.0,1600615.0,1600615.0,0.0,0.0,1598939.0,-1676.0,-0.10470975218900236,1554156.0,1554156.0,0.0,1606885.0,1606885.0,0.0,0.0,1115185.1845908836,1115000.3997961679,-184.7847947156988,-0.01656987532375521,1047.0,1038.0,1051.0,1050.0,68011.0,43.0,>3.5km,>3.5km
10127,73,la Verneda i la Pau,Sant Martí,433508.7346381935,4585601.070675017,3472.051923409248,1036.0,8.4,True,3757.3461203207203,0.0,1600615.0,1600615.0,0.0,0.0,1598939.0,-1676.0,-0.10470975218900236,1552087.0,1552087.0,0.0,1606885.0,1606885.0,0.0,0.0,1109471.591469285,1109331.744983092,-139.84648619312793,-0.01260478296771238,1047.0,1037.0,1051.0,1050.0,77777.0,49.0,>3.5km,2-3.5km
10128,73,la Verneda i la Pau,Sant Martí,433415.3325186556,4585697.496193709,3474.330563363681,1550.0,18.5,True,3626.231652063445,0.0,1600615.0,1600615.0,0.0,0.0,1598939.0,-1676.0,-0.10470975218900236,1567533.0,1567533.0,0.0,1606885.0,1606885.0,0.0,0.0,1125939.9317443583,1125752.5040114995,-187.42773285880685,-0.016646334993060875,1047.0,1039.0,1051.0,1050.0,69152.0,45.0,>3.5km,2-3.5km
10129,73,la Verneda i la Pau,Sant Martí,433559.3578488437,4585836.671719538,3674.480083341962,1134.0,6.1,True,3850.205712192487,0.0,1600615.0,1600615.0,0.0,0.0,1598939.0,-1676.0,-0.10470975218900236,1555294.0,1555294.0,0.0,1606885.0,1606885.0,0.0,0.0,1114345.4695373015,1114160.41294686,-185.05659044138156,-0.016606752169793515,1047.0,1038.0,1051.0,1050.0,67678.0,43.0,>3.5km,>3.5km
10130,73,la Verneda i la Pau,Sant Martí,433428.1685058498,4585921.154618047,3647.467765235639,1214.0,9.4,True,3847.590603160909,0.0,1600615.0,1600615.0,0.0,0.0,1598939.0,-1676.0,-0.10470975218900236,1487769.0,1487769.0,0.0,1606885.0,1606885.0,0.0,0.0,1090465.7636426943,1090284.7612923342,-181.0023503601551,-0.016598627521832308,1047.0,1037.0,1051.0,1050.0,54499.0,38.0,>3.5km,>3.5km
10131,73,la Verneda i la Pau,Sant Martí,433240.1750967536,4585766.668311868,3407.380996809781,1095.0,28.1,True,3520.2925241004796,0.0,1600615.0,1600615.0,0.0,0.0,1598939.0,-1676.0,-0.10470975218900236,1571729.0,1571729.0,0.0,1606885.0,1606885.0,0.0,0.0,1128008.066425296,1127820.2176912047,-187.84873409126885,-0.016653137480352354,1047.0,1039.0,1051.0,1050.0,62674.0,43.0,>3.5km,2-3.5km
10132,73,la Verneda i la Pau,Sant Martí,433268.21085462114,4585892.672941417,3521.510445832648,1264.0,13.3,True,3641.288244498728,0.0,1600615.0,1600615.0,0.0,0.0,1598939.0,-1676.0,-0.10470975218900236,1587002.0,1587002.0,0.0,1606885.0,1606885.0,0.0,0.0,1130888.8349749655,1130700.1606095128,-188.67436545272358,-0.01668372342334605,1047.0,1039.0,1051.0,1050.0,57491.0,40.0,>3.5km,>3.5km
10133,73,la Verneda i la Pau,Sant Martí,433113.1580225702,4586010.300501347,3517.654610348015,1704.0,28.8,True,3834.50488986661,0.0,1600615.0,1600615.0,0.0,0.0,1598939.0,-1676.0,-0.10470975218900236,1554821.0,1554821.0,0.0,1606885.0,1606885.0,0.0,0.0,1105524.4788571757,1105341.1244439357,-183.35441323998384,-0.016585287503495583,1047.0,1037.0,1051.0,1050.0,48536.0,35.0,>3.5km,>3.5km
10134,73,la Verneda i la Pau,Sant Martí,432954.6628260478,4585998.740146798,3415.7023252416425,1570.0,2.0,True,3823.8162779562654,0.0,1600615.0,1600615.0,0.0,0.0,1598939.0,-1676.0,-0.10470975218900236,1537888.0,1537888.0,0.0,1606885.0,1606885.0,0.0,0.0,1103560.3979053316,1103377.2451534676,-183.1527518639341,-0.01659653175409125,1047.0,1037.0,1051.0,1050.0,47028.0,34.0,>3.5km,2-3.5km
10135,73,la Verneda i la Pau,Sant Martí,433039.9578864265,4586233.258410836,3657.594660060025,1233.0,45.4,True,4011.846301665169,0.0,1600615.0,1600615.0,0.0,0.0,1598939.0,-1676.0,-0.10470975218900236,1565690.0,1565690.0,0.0,1606885.0,1606885.0,0.0,0.0,1116326.3168290758,1116141.038704368,-185.27812470775098,-0.016597129523384647,1047.0,1038.0,1051.0,1050.0,40774.0,30.0,>3.5km,>3.5km
10136,73,la Verneda i la Pau,Sant Martí,433295.50245913095,4586249.084025933,3818.082602535736,1384.0,27.7,True,4210.4441116560665,0.0,1600615.0,1600615.0,0.0,0.0,1598939.0,-1676.0,-0.10470975218900236,1550723.0,1550723.0,0.0,1606885.0,1606885.0,0.0,0.0,1095865.2221664125,1095684.2823482058,-180.93981820670888,-0.01651113791612161,1047.0,1037.0,1051.0,1050.0,43438.0,31.0,>3.5km,>3.5km
10137,73,la Verneda i la Pau,Sant Martí,433286.870053442,4586538.7030193005,4048.882894127785,1567.0,39.5,True,4386.705345430711,0.0,1600615.0,1600615.0,0.0,0.0,1598939.0,-1676.0,-0.10470975218900236,1515215.0,1515215.0,0.0,1606885.0,1606885.0,0.0,0.0,1096788.577544987,1096608.049951899,-180.52759308787063,-0.01645965291614882,1047.0,1037.0,1051.0,1050.0,34697.0,23.0,>3.5km,>3.5km
10138,73,la Verneda i la Pau,Sant Martí,433633.5930550451,4586258.818486028,4037.037255414933,1595.0,55.0,True,4264.322277704244,0.0,1600615.0,1600615.0,0.0,0.0,1598939.0,-1676.0,-0.10470975218900236,1540288.0,1540288.0,0.0,1606885.0,1606885.0,0.0,0.0,1092545.3290691697,1092364.0433257397,-181.285743430024,-0.016592972264544523,1047.0,1037.0,1051.0,1050.0,32092.0,23.0,>3.5km,>3.5km
10139,73,la Verneda i la Pau,Sant Martí,433488.4427862682,4586051.852761741,3785.4897772425,1682.0,13.2,True,3974.9636998131086,0.0,1600615.0,1600615.0,0.0,0.0,1598939.0,-1676.0,-0.10470975218900236,1547470.0,1547470.0,0.0,1606885.0,1606885.0,0.0,0.0,1109208.1383813226,1109024.3872980594,-183.75108326319605,-0.01656596962327969,1047.0,1037.0,1051.0,1050.0,55158.0,36.0,>3.5km,>3.5km
10140,73,la Verneda i la Pau,Sant Martí,433697.2476569051,4585974.022584355,3869.066976137178,1633.0,12.2,True,4026.358190652296,0.0,1600615.0,1600615.0,0.0,0.0,1598939.0,-1676.0,-0.10470975218900236,1516790.0,1516790.0,0.0,1606885.0,1606885.0,0.0,0.0,1092944.6607783586,1092763.7719965826,-180.88878177595325,-0.016550589272025018,1047.0,1037.0,1051.0,1050.0,57885.0,37.0,>3.5km,>3.5km
10141,73,la Verneda i la Pau,Sant Martí,433806.7567536792,4585780.884697451,3812.190150812812,1126.0,36.2,True,4129.785109636236,0.0,1600615.0,1600615.0,0.0,0.0,1598939.0,-1676.0,-0.10470975218900236,1567533.0,1567533.0,0.0,1606885.0,1606885.0,0.0,0.0,1119316.8729730025,1119132.500400429,-184.37257257360034,-0.01647188361271557,1047.0,1038.0,1051.0,1050.0,61129.0,38.0,>3.5km,>3.5km
10142,73,la Verneda i la Pau,Sant Martí,433929.8873124136,4585914.464037097,3993.317287452839,1622.0,44.4,True,4302.482790729568,0.0,1600615.0,1600615.0,0.0,0.0,1598939.0,-1676.0,-0.10470975218900236,1552329.0,1552329.0,0.0,1606885.0,1606885.0,0.0,0.0,1100587.9813448277,1100407.4330503552,-180.54829447250813,-0.016404712529378435,1047.0,1037.0,1051.0,1050.0,51956.0,32.0,>3.5km,>3.5km
10143,73,la Verneda i la Pau,Sant Martí,433934.2562525021,4586093.768604194,4120.78208492249,1805.0,14.6,True,4377.109275342461,0.0,1599392.0,1599392.0,0.0,0.0,1597716.0,-1676.0,-0.10478982013165003,1506209.0,1506209.0,0.0,1606885.0,1606885.0,0.0,0.0,1081414.2490351836,1081235.0478214356,-179.20121374796145,-0.016571005413313283,1046.0,1036.0,1051.0,1050.0,39910.0,27.0,>3.5km,>3.5km
10234,65,el Clot,Sant Martí,432285.3304111289,4584188.981113515,1619.905330582583,1782.0,46.4,True,1903.1132412648954,0.0,1600615.0,1600615.0,0.0,0.0,1598939.0,-1676.0,-0.10470975218900236,1584567.0,1584567.0,0.0,1606885.0,1606885.0,0.0,0.0,1117885.1127884698,1117689.9382406685,-195.1745478012599,-0.01745926710790642,1047.0,1039.0,1051.0,1050.0,77054.0,50.0,1-2km,1-2km
10235,69,Diagonal Mar i el Front Marítim del Poblenou,Sant Martí,434116.24843265326,4584526.451568648,3381.831380496036,1282.0,35.7,True,3746.6144593628874,0.0,1600615.0,1600615.0,0.0,0.0,1598939.0,-1676.0,-0.10470975218900236,1588717.0,1588717.0,0.0,1606885.0,1606885.0,0.0,0.0,1124647.9924344355,1124507.092013143,-140.90042129252106,-0.012528401974694783,1047.0,1039.0,1051.0,1050.0,40603.0,21.0,>3.5km,2-3.5km
10236,69,Diagonal Mar i el Front Marítim del Poblenou,Sant Martí,433995.5809918567,4584553.256513339,3282.345811950953,1597.0,59.3,True,3682.818036013169,0.0,1598291.0,1598291.0,0.0,0.0,1596615.0,-1676.0,-0.10486200572987021,1522035.0,1522035.0,0.0,1606885.0,1606885.0,0.0,0.0,1076546.8303583572,1076428.1515627913,-118.67879556585103,-0.011024025357665643,1045.0,1035.0,1051.0,1050.0,49742.0,26.0,>3.5km,2-3.5km
10237,71,Provençals del Poblenou,Sant Martí,433825.20038329455,4585412.03400918,3586.3628350815684,912.0,27.6,True,3947.098698081629,0.0,1600615.0,1600615.0,0.0,0.0,1598939.0,-1676.0,-0.10470975218900236,1555864.0,1555864.0,0.0,1606885.0,1606885.0,0.0,0.0,1104902.125181012,1104763.1729536916,-138.95222732052207,-0.012575976111708359,1047.0,1037.0,1051.0,1050.0,69166.0,42.0,>3.5km,>3.5km
