id,desc,tipus,is_traffic,n_lanes,district,barri,lon,lat,meta_year,years_with_counts,n_years_with_counts
10-SMD-1,RONDA DE DALT - MONTBAU (Llobregat),Rondes,False,3,0,0,2.14560189068212,41.4319494282875,2025,"2018,2019,2020,2021,2022,2023,2024,2025",8
10-SMD-2,RONDA DE DALT - MONTBAU (Trinitat),Rondes,False,3,0,0,2.14525543316658,41.4309126482991,2025,"2018,2019,2020,2021,2022,2023,2024,2025",8
10001,ARAGÓ - NAVAS (Llobregat),Trànsit,True,2,10,65,2.19073536914761,41.4116798138391,2025,"2017,2018,2019,2020,2021,2022,2023,2024,2025",9
10002,BAC DE RODA - BOLIVIA (Pujada),Trànsit,True,4,10,71,2.19898280387419,41.4113366439258,2025,"2017,2018,2019,2020,2021,2022,2023,2024,2025",9
10005,ARAGÓ - BILBAO (Besòs),Trànsit,True,2,10,65,2.19188571810162,41.4122858738082,2025,"2017,2018,2019,2020,2021,2022,2023,2024,2025",9
10007,CANTÀBRIA - GUIPÚSCOA (Baixada),Trànsit,True,2,10,72,2.20189861094284,41.4192858604983,2024,"2017,2018,2023,2024",4
10008,CANTÀBRIA - GUIPÚSCOA (Pujada),Trànsit,True,2,10,72,2.20106339805483,41.4200433612197,2025,"2017,2018,2019,2020,2021,2022,2023,2024,2025",9
10009,GUIPÚSCOA - MARESME (Llobregat),Trànsit,True,2,10,73,2.20302142326192,41.4209259389645,2025,"2017,2018,2019,2020,2021,2022,2023,2024,2025",9
1001,AV. DIAGONAL - TORRE MELINA (Entrada),Trànsit,True,3,4,21,2.10952517290599,41.3837355108734,2025,"2017,2018,2019,2020,2021,2022,2023,2024,2025",9
10010,GUIPÚSCOA - PUIGCERDÀ (Besós),Trànsit,True,2,10,73,2.20324041643966,41.4207915403937,2025,"2017,2018,2019,2020,2021,2022,2023,2024,2025",9
10011,RBLA. PRIM - CONCILI DE TRENTO (Baixada),Trànsit,True,2,10,73,2.20629082616235,41.4209026395824,2025,"2017,2018,2019,2020,2021,2022,2023,2024,2025",9
10012,RBLA. PRIM - CONCILI DE TRENTO (Pujada),Trànsit,True,2,10,73,2.20582046709715,41.4217910120223,2025,"2017,2018,2019,2020,2021,2022,2023,2024,2025",9
10013,RBLA. PRIM - CRISTÓBAL DE MOURA (Baixada),Trànsit,True,2,10,70,2.21346256192603,41.415434528203,2025,"2017,2018,2019,2020,2021,2022,2023,2024,2025",9
10014,RBLA. PRIM - CRISTÓBAL DE MOURA (Pujada),Trànsit,True,2,10,70,2.2127448089634,41.416503515673,2025,"2017,2018,2019,2020,2021,2022,2023,2024,2025",9
10015,BILBAO - CONCILI DE TRENTO (sentit mar),Trànsit,True,2,10,65,2.19214727380226,41.4112919076192,2025,"2017,2018,2019,2020,2021,2022,2023,2024,2025",9
10017,RBLA. GUIPÚSCOA - EXTREMADURA (Entrada),Trànsit,True,2,10,65,2.20842324538341,41.4249817109825,2025,"2017,2018,2019,2020,2021,2022,2023,2024,2025",9
10018,RBLA. GUIPÚSCOA - CAMÍ DE LA VERNEDA (Sortida),Trànsit,True,2,10,73,2.20866893012187,41.4248191757687,2025,"2017,2019,2020,2021,2022,2023,2024,2025",8
10019,BADAJOZ - PUJADES (sentit muntanya),Trànsit,True,3,10,68,2.19543251945246,41.3987156768697,2025,"2017,2018,2019,2020,2021,2022,2023,2024,2025",9
1002,AV. DIAGONAL - AV. SARRIÀ (Entrada),Trànsit,True,2,4,19,2.13996624545115,41.3914833997392,2025,"2017,2018,2019,2020,2021,2022,2023,2024,2025",9
1003,AV. DIAGONAL - ADOLF FLORENSA (Entrada),Trànsit,True,3,4,20,2.11646676063538,41.385345761979,2025,"2017,2019,2020,2021,2022,2023,2025",7
10031,SANTANDER - CANEM (sentit Llobregat),Trànsit,True,1,9,59,2.204336,41.43027,2025,"2024,2025",2
10032,SANTANDER - CANEM (sentit Besòs),Trànsit,True,2,9,59,2.204702,41.43027,2025,"2024,2025",2
1004,AV. DIAGONAL - PASCUAL VILA (Sortida),Trànsit,True,4,4,20,2.11625845637075,41.3855740484895,2025,"2017,2018,2019,2020,2021,2022,2023,2025",8
1005,AV. DIAGONAL - BEETHOVEN (Sortida),Trànsit,True,5,4,19,2.13989839005131,41.391564053921,2025,"2017,2019,2020,2021,2022,2023,2024,2025",8
1006,AV. DIAGONAL - PLAÇA PIUS XII (Entrada),Trànsit,True,2,4,20,2.12380055719989,41.387374634778,2024,"2017,2018,2019,2020,2021,2022,2023,2024",8
1007,AV. DIAGONAL- DOCTOR FERRAN (Sortida),Trànsit,True,4,4,20,2.12373816821195,41.3874730063351,2025,"2017,2018,2019,2020,2021,2022,2023,2024,2025",9
1008,CAPITÀ ARENAS - MANILA (baixada),Trànsit,True,4,4,21,2.12637832464327,41.3896380640375,2025,"2017,2018,2019,2020,2021,2022,2023,2024,2025",9
1009,PG. MANUEL GIRONA - BENET I MATEU (sentit Llobregat),Trànsit,True,3,4,21,2.12763920293606,41.3919462558656,2025,"2017,2019,2020,2021,2022,2023,2024,2025",8
1010,AV. DIAGONAL - GANDESA (Sortida),Trànsit,True,4,4,19,2.12857747808993,41.3886843678709,2025,"2017,2018,2019,2020,2021,2022,2023,2024,2025",9
1011,AV. DIAGONAL - GANDESA (Entrada),Trànsit,True,3,4,19,2.12863069882455,41.3885945980044,2025,"2017,2018,2019,2020,2021,2022,2023,2024,2025",9
1012,AV. DIAGONAL - TORRE MELINA (Lateral Entrada),Trànsit,True,2,4,21,2.11068541931338,41.3838466937179,2025,"2017,2018,2019,2020,2021,2022,2023,2024,2025",9
1013,AV. PEDRALBES - PG. MANUEL GIRONA (Baixada),Trànsit,True,2,4,21,2.1200198822005,41.38923227805,2025,"2017,2018,2019,2020,2021,2022,2023,2024,2025",9
1014,AV. SARRIÀ - DOCTOR FLEMING (pujada),Trànsit,True,4,5,24,2.1359160000107,41.3916298692755,2025,"2017,2018,2019,2020,2021,2022,2023,2024,2025",9
1015,AV. SARRIÀ - AV. JOSEP TARRADELLAS,Trànsit,True,4,2,8,2.14307827376168,41.3905703600706,2025,"2017,2018,2019,2020,2021,2022,2023,2024,2025",9
1016,AV. ESPLUGUES - SANTA CATERINA DE SIENA (Besós),Trànsit,True,1,4,21,2.11072370495595,41.3909736513673,2025,"2017,2018,2019,2020,2022,2023,2024,2025",8
1017,AV. DOCTOR MARAÑÓN - BALDIRI REIXAC (Pujada),Trànsit,True,3,4,20,2.11305345803651,41.3827211329976,2024,"2017,2020,2021,2022,2023,2024",6
1018,AV. DIAGONAL - TORRE MELINA (Sortida),Trànsit,True,4,4,21,2.10848537576114,41.3835833030717,2025,"2017,2018,2019,2020,2021,2022,2023,2024,2025",9
1019,AV. DOCTOR MARAÑÓN - PAU GARGALLO (Baixada),trànsit,True,3,4,20,2.112958067,41.382553474,2017,"2017,2020,2021,2022",4
1021,GONZÁLEZ TABLAS - AV. EXÈRCIT (Baixada),Trànsit,True,2,4,21,2.11054763467226,41.3848607688299,2025,"2017,2018,2019,2020,2021,2022,2023,2024,2025",9
1022,AV. PEDRALBES - PG. MANUEL GIRONA (Pujada),Trànsit,True,2,4,21,2.11915017830002,41.3899967348895,2025,"2017,2018,2019,2020,2021,2022,2023,2024,2025",9
1026,AV. ESPLUGUES - MIRET I SANS (Llobregat),Trànsit,True,2,4,21,2.11068650735979,41.3910102929535,2025,"2017,2018,2020,2021,2022,2023,2024,2025",8
1027,DOCTOR FERRAN - PG. MANUEL GIRONA (baixada),Trànsit,True,3,4,21,2.1237037935422,41.3906592623485,2025,"2017,2018,2019,2020,2021,2022,2023,2024,2025",9
1028,ARISTIDES MAILLOL - CARDENAL REIG (Baixada),Trànsit,True,3,4,20,2.12016648138265,41.3788618827201,2025,"2017,2018,2019,2020,2021,2022,2025",7
1029,ARISTIDES MAILLOL - CARDENAL REIG (Pujada),Trànsit,True,3,4,20,2.12026132638103,41.3789667368511,2025,"2017,2018,2019,2020,2021,2022,2023,2024,2025",9
1030,JOAN XXIII - MARTÍ I FRANQUÉS (Llobregat),Trànsit,True,1,4,20,2.12184772928002,41.3821916666666,2025,"2017,2018,2019,2020,2021,2022,2023,2024,2025",9
1031,JOAN XXIII - MENÉNDEZ PELAYO (Besòs),Trànsit,True,1,4,20,2.12199741972438,41.3821472222222,2025,"2017,2018,2019,2020,2021,2022,2023,2024,2025",9
1032,GRAN VÍA CARLES III - TRAV. DE LES CORTS (Pujada),Trànsit,True,2,4,20,2.12817127446172,41.3829592063285,2025,"2017,2018,2019,2020,2021,2022,2023,2024,2025",9
1033,GRAN VÍA CARLES III - TRAV. DE LES CORTS (Baixada),Trànsit,True,3,4,20,2.12810394464394,41.3818510282584,2025,"2017,2018,2019,2020,2021,2022,2023,2024,2025",9
11-SMD-1,RONDA DE DALT - VALL D'HEBRON (Llobregat),Rondes,False,3,0,0,2.14246531259924,41.4253446384796,2025,"2018,2019,2020,2021,2022,2023,2024,2025",8
11-SMD-2,RONDA DE DALT - VALL D'HEBRON (Trinitat),Rondes,False,3,0,0,2.14198498941265,41.4241063573498,2025,"2018,2020,2021,2022,2023,2024,2025",7
11001,AV. ESTATUT- LISBOA (Pujada),Trànsit,True,2,7,37,2.15522900634285,41.4306514538133,2025,"2017,2018,2019,2020,2021,2022,2023,2024,2025",9
11002,AV. ESTATUT - CAN TRAVI NOU (Baixada),Trànsit,True,2,7,37,2.15416783936624,41.431797826656,2025,"2017,2018,2019,2020,2021,2022,2023,2024,2025",9
11003,AV. ESTATUT - PL. CIUTADELLA (Pujada),Trànsit,True,3,7,37,2.15449840389739,41.4315644473508,2025,"2017,2018,2019,2020,2021,2022,2023,2024,2025",9
11004,AV. ESTATUT - PG. VALLDAURA (Baixada),Trànsit,True,2,7,43,2.15343747453683,41.4359420769539,2025,"2017,2018,2019,2020,2021,2022,2023,2024,2025",9
11005,PG. SANT GERVASI - PL. ALFONS COMÍN (sentit muntanya),Trànsit,True,2,6,28,2.13772155292881,41.4136942318135,2025,"2017,2018,2019,2020,2021,2022,2023,2024,2025",9
11006,AV. VALLCARCA - CAPELLADES (Pujada),Trànsit,True,1,6,28,2.14075623218984,41.4197848756243,2025,"2017,2018,2019,2020,2021,2022,2023,2024,2025",9
11007,ESTEVE TERRADES - PL. ALFONS COMÍN (Pujada),Trànsit,True,2,6,28,2.13828231395387,41.4153164010651,2024,"2017,2018,2019,2020,2021,2022,2023,2024",8
11008,TÚNEL DE LA ROVIRA - BOCA NORD (Sentit Horta),Trànsit,True,2,7,43,2.15838144072675,41.423738999396,2024,"2017,2018,2019,2020,2021,2022,2023,2024",8
11009,TÚNEL DE LA ROVIRA - BOCA NORD (Sentit Guinardó),Trànsit,True,2,7,35,2.15820319678061,41.4237056720282,2025,"2017,2018,2019,2020,2021,2022,2023,2024,2025",9
11010,CTRA. D'HORTA A CERDANYOLA - RONDA DE DALT (Entrada),Trànsit,True,2,7,43,2.15342694147954,41.4371872086848,2025,"2017,2018,2019,2020,2021,2022,2023,2024,2025",9
11011,CTRA. D'HORTA A CERDANYOLA - AV. ESTATUT (Sortida),Trànsit,True,1,7,43,2.15350250879794,41.4372114000455,2025,"2017,2018,2019,2020,2021,2022,2023,2024,2025",9
11012,AV. ESPLUGUES - JARDINS CERVANTES (Entrada),Trànsit,True,2,4,21,2.10533737568672,41.3860691651983,2025,"2017,2018,2019,2020,2021,2022,2023,2024,2025",9
11013,AV. ESPLUGUES - GONZÁLEZ TABLAS (Sortida),Trànsit,True,2,4,21,2.10555371036138,41.3866612935988,2025,"2017,2018,2019,2020,2021,2022,2023,2024,2025",9
11014,AV. VALLVIDRERA (Entrada),Trànsit,True,1,5,23,2.11692952257796,41.4043311996354,2025,"2017,2018,2019,2020,2021,2022,2023,2024,2025",9
11015,AV. VALLVIDRERA (Sortida),Trànsit,True,1,5,23,2.11693965961916,41.4043781660851,2025,"2017,2018,2019,2020,2021,2022,2023,2024,2025",9
11018,AV. REPÚBLICA ARGENTINA - VIADUCTE VALLCARCA (Pujada),Trànsit,True,2,6,28,2.14291541285985,41.4115300088469,2025,"2017,2018,2019,2020,2021,2022,2023,2024,2025",9
11019,AV. REPÚBLICA ARGENTINA - VIADUCTE VALLCARCA (Baixada),Trànsit,True,2,6,28,2.14369728978358,41.4114146278194,2025,"2017,2018,2019,2020,2021,2022,2023,2024,2025",9
11020,AV. REPÚBLICA ARGENTINA - PL. ALFONSO COMÍN (baixada),Trànsit,True,2,6,28,2.13814411812842,41.4138256777568,2025,"2017,2018,2019,2020,2021,2022,2023,2024,2025",9
11021,PG. SANT GERVASI - GARCÍA MARIÑO (pujada),Trànsit,True,2,5,27,2.13790255158388,41.4129384515837,2025,"2017,2018,2019,2020,2021,2022,2023,2025",8
11022,CRAYWINCKEL - AV. REPÚBLICA ARGENTINA (sentit Llobregat),Trànsit,True,2,6,28,2.13953949979911,41.4121269843752,2025,"2017,2018,2019,2020,2022,2023,2024,2025",8
11023,ESTEVE TERRADES - JOSEP JOVER (Pujada),Trànsit,True,2,6,28,2.14040694254619,41.4139797834488,2025,"2017,2018,2019,2020,2021,2022,2023,2024,2025",9
11024,ESTEVE TERRADES - JOSEP JOVER (Baixada),Trànsit,True,1,6,28,2.14094732742427,41.4133275465274,2025,"2017,2018,2019,2020,2021,2022,2023,2024,2025",9
11025,AV. VALLCARCA - GUSTAVO BÈCQUER (Pujada),Trànsit,True,1,6,28,2.14191349787258,41.4162357214964,2025,"2017,2018,2019,2020,2021,2022,2023,2024,2025",9
11026,AV. VALLCARCA - GUSTAVO BÈCQUER (Baixada),Trànsit,True,1,6,28,2.14222140513191,41.4156068443148,2025,"2017,2018,2019,2020,2021,2022,2023,2024,2025",9
11027,GENERAL VIVES - MAJOR DE SARRIÀ (Besòs),Trànsit,True,2,5,23,2.1169058220238,41.4037701460838,2025,"2017,2018,2019,2020,2021,2022,2023,2024,2025",9
11028,GENERAL VIVES - MAJOR DE SARRIÀ (Llobregat),Trànsit,True,2,5,23,2.11637707646396,41.4034530847319,2025,"2017,2018,2019,2020,2021,2022,2023,2024,2025",9
11030,AV. TIBIDABO - PG. SANT GERVASI (pujada),Trànsit,True,1,5,25,2.13678347788775,41.4106242123752,2025,"2017,2018,2019,2020,2021,2022,2023,2024,2025",9
11031,VIADUCTE VALLCARCA - PL. MONS (sentit Llobregat),Trànsit,True,2,6,28,2.14341629773427,41.4117871333879,2025,"2017,2018,2019,2020,2021,2022,2023,2024,2025",9
11032,PG. MARE DE DÉU DEL COLL - PL. MONS (sentit Besòs),Trànsit,True,1,6,28,2.144823314,41.413590935,2019,"2017,2018,2019,2020,2021,2022",6
11033,AV. VALLCARCA - AGRAMUNT (Pujada),Trànsit,True,2,6,28,2.14728360572434,41.4100782574757,2025,"2017,2018,2019,2020,2021,2022,2023,2024,2025",9
11034,AV. VALLCARCA - AGRAMUNT (Baixada),Trànsit,True,1,6,28,2.14706311474828,41.410195605979,2025,"2017,2018,2019,2020,2021,2022,2023,2024,2025",9
12-SMD-1,RONDA DE DALT - HOSPITAL MILITAR (Llobregat),Rondes,False,3,0,0,2.13917225612619,41.4183813875655,2025,"2018,2019,2020,2021,2022,2023,2024,2025",8
12-SMD-2,RONDA DE DALT - HOSPITAL MILITAR (Trinitat),Rondes,False,3,0,0,2.13917246540104,41.4183795977361,2025,"2018,2019,2020,2021,2022,2023,2024,2025",8
12001,PG. ZONA FRANCA - FOC (Pujada),Trànsit,True,2,3,13,2.1415185233005,41.3569852262125,2025,2025,1
12002,PG. ZONA FRANCA - ESTANY (Baixada),Trànsit,True,2,3,13,2.14143981416746,41.3567689108824,2025,"2024,2025",2
12003,FOC - FERRO (sentit Besòs),Trànsit,True,2,3,13,2.13764236118537,41.3546161907408,2025,"2024,2025",2
12004,FOC - URANI (sentit Llobregat),Trànsit,True,2,3,13,2.13754319646512,41.3546580612467,2025,"2024,2025",2
13-SMD-1,RONDA DE DALT - PL. ALFONS COMIN (Llobregat),Rondes,False,3,0,0,2.13612188577386,41.4152386865817,2025,"2018,2019,2020,2021,2022,2023,2024,2025",8
13-SMD-2,RONDA DE DALT - PL. ALFONS COMIN (Trinitat),Rondes,False,3,0,0,2.1359870118626,41.4150894308117,2025,"2018,2019,2020,2021,2022,2023,2024,2025",8
13001,PG. MARAGALL - MOSSEN JOSEP BUNDÓ (Sentit Eixample),Trànsit,True,2,8,44,2.16821263086241,41.4274041222241,2025,"2017,2018,2019,2020,2021,2022,2023,2024,2025",9
13002,PG. MARAGALL - SABASTIDA (Sentit Horta),Trànsit,True,2,8,44,2.1682073708822,41.4274779481049,2025,"2017,2018,2019,2020,2021,2022,2023,2024,2025",9
13003,TAJO - BAIXADA MERCAT (Sentit Pg. Maragall),Trànsit,True,2,7,43,2.16096420627312,41.4295602825903,2025,"2017,2018,2019,2020,2021,2022,2023,2024,2025",9
13004,TAJO - BAIXADA MERCAT (Sentit Av. Estatut),Trànsit,True,1,7,43,2.1603666115488,41.4296796464981,2025,"2017,2018,2019,2020,2021,2022,2023,2024,2025",9
13005,RONDA GUINARDÓ - RUBIÓ I ORS,trànsit,True,2,7,35,2.176743621,41.419854649,2017,"2017,2018",2
13006,RONDA GUINARDÓ - TORRE DELS PARDALS(sentit Besòs),Trànsit,True,2,7,35,2.17724758331142,41.4222445654758,2025,"2017,2018,2019,2020,2021,2022,2023,2024,2025",9
13007,RAMÓN ALBÓ - PG. MARAGALL (sentit muntanya),Trànsit,True,3,9,62,2.17734136943823,41.4250107991737,2025,"2017,2018,2019,2020,2021,2022,2023,2024,2025",9
13008,ARNAU D'OMS - ESCÒCIA,Trànsit,True,3,8,44,2.17729717804244,41.4289867755557,2025,"2017,2018,2019,2020,2021,2022,2023,2024,2025",9
13009,AV. RIO DE JANEIRO - PINTOR ALSAMORA (sentit Besòs),Trànsit,True,3,8,45,2.1799243098505,41.4353182023915,2025,"2017,2018,2019,2020,2021,2022,2023,2024,2025",9
13010,PG. MARAGALL - PINAR DEL RIO (Sentit Horta),Trànsit,True,2,7,35,2.17854604106588,41.4228633018248,2025,"2017,2018,2019,2020,2021,2022,2023,2024,2025",9
13011,PG. MARAGALL - ACÀCIES (Sentit Eixample),Trànsit,True,3,7,35,2.17840405922296,41.4228928720644,2025,"2017,2018,2019,2020,2021,2022,2023,2024,2025",9
13012,AVINGUDA DELS QUINZE - JOAN ALCOVER,Trànsit,True,3,8,44,2.17437672893632,41.4293044872273,2025,"2017,2018,2019,2020,2021,2022,2023,2024,2025",9
13013,PG. FABRA I PUIG - AMÍLCAR (Sentit Horta),Trànsit,True,2,8,46,2.17121495096827,41.4304004361056,2025,"2017,2018,2019,2020,2021,2022,2023,2024,2025",9
13014,PG. FABRA I PUIG - DAS (Sentit Sant Andreu),Trànsit,True,1,8,46,2.17130443156633,41.4303195871099,2025,"2017,2018,2019,2020,2021,2022,2023,2024,2025",9
13015,DOCTOR PI I MOLIST - ESCULTOR ORDOÑEZ (sentit mar),Trànsit,True,2,8,46,2.17408378594873,41.4316867290554,2025,"2017,2018,2019,2020,2021,2022,2023,2024,2025",9
13016,DOCTOR PI I MOLIST - ALLOZA (carril Bus),Trànsit,True,1,8,45,2.17413983149495,41.4314529739963,2025,"2017,2018,2019,2020,2021,2022,2023,2024,2025",9
13017,PG. VALLDAURA - ISARD (Pujada),Trànsit,True,2,8,48,2.17000178264723,41.438915647615,2025,"2017,2018,2019,2020,2021,2022,2023,2024,2025",9
13018,PG. VALLDAURA - GASELA (Baixada),Trànsit,True,2,8,48,2.16985328571021,41.4388404413877,2025,"2017,2018,2019,2020,2021,2022,2023,2024,2025",9
13019,RONDA GUINARDO - ART(sentit Llobregat),Trànsit,True,2,7,35,2.17674362129268,41.4198546486386,2025,"2018,2019,2020,2021,2022,2023,2024,2025",8
14-SMD-1,RONDA DE DALT - SANT GERVASI (Llobregat),Rondes,False,3,0,0,2.12624502832375,41.4105208398588,2025,"2018,2019,2020,2021,2022,2023,2024,2025",8
14-SMD-2,RONDA DE DALT - SANT GERVASI (Trinitat),Rondes,False,3,0,0,2.1263,41.4107,2025,"2018,2019,2020,2021,2022,2023,2024,2025",8
16001,POTOSÍ - CIUTAT D'ASUNCIÓN (Sentit Torras i Bages),Trànsit,True,2,9,59,2.19762242636993,41.4427067719695,2025,"2017,2018,2019,2020,2021,2022,2023,2024,2025",9
16002,POTOSÍ - FERRAN JUNOY (Sentit Santa Coloma),Trànsit,True,2,9,59,2.19764185172385,41.4425552099912,2025,"2017,2018,2019,2020,2021,2022,2023,2024,2025",9
16003,FERRAN JUNOY - SAO PAULO,Trànsit,True,2,9,59,2.19660020974202,41.4420396242204,2025,"2017,2018,2019,2020,2021,2022,2023,2024,2025",9
16004,SANT ADRIÀ - PG. L'HAVANA (Sentit Torras i Bages),Trànsit,True,3,9,59,2.19543659774195,41.4355378293433,2025,"2017,2018,2019,2020,2021,2022,2023,2024,2025",9
16006,PG. SANTA COLOMA - C. TIANA (Sentit Llobregat) ,Trànsit,True,2,9,57,2.19806376689669,41.4479426516473,2025,"2017,2018,2019,2020,2021,2022,2023,2024,2025",9
16007,PG. SANTA COLOMA - C. TIANA (Sentit Besós) ,Trànsit,True,2,9,57,2.2001276189647,41.4485694283737,2025,"2017,2018,2019,2020,2021,2022,2023,2024,2025",9
17-SMD-1,RONDA DE DALT - FOIX (Llobregat),Rondes,False,3,0,0,2.11418166,41.4011431,2025,"2018,2019,2020,2021,2022,2023,2024,2025",8
17-SMD-2,RONDA DE DALT - FOIX (Trinitat),Rondes,False,3,0,0,2.11418165633553,41.4011430865471,2025,"2018,2019,2020,2021,2022,2023,2024,2025",8
17001,AV. DIAGONAL - LLULL (Baixada),Trànsit,True,2,10,70,2.21689026434743,41.4107128902073,2025,"2017,2018,2019,2020,2021,2022,2023,2024,2025",9
17002,AV. DIAGONAL - RAMBLA PRIM (Pujada),Trànsit,True,1,10,70,2.21680346713813,41.4108925544173,2025,"2017,2019,2020,2021,2022,2023,2024,2025",8
17003,PG. GARCIA FARIA - JOSEP PLÀ (sentit Llobregat),Trànsit,True,3,10,69,2.21790107855386,41.4065939942215,2025,"2017,2018,2019,2020,2021,2022,2023,2024,2025",9
17004,AV. LITORAL - SELVA DE MAR (sentit Besòs),Trànsit,True,3,10,69,2.21826567709246,41.4054905072671,2025,"2017,2018,2019,2020,2021,2022,2023,2024,2025",9
17005,AV. DIAGONAL - PERE IV (Pujada),Trànsit,True,3,10,68,2.20015975809711,41.4067401081025,2025,"2017,2018,2019,2020,2021,2022,2023,2024,2025",9
17006,"SORTIDA 24, RONDA LITORAL (sentit Besòs)",Trànsit,True,1,10,68,2.21819681075447,41.4055540069911,2025,"2017,2018,2019,2020,2021,2022,2023,2024,2025",9
17007,JOSEP PLÀ - PG. TAULAT (sentit muntanya),Trànsit,True,3,10,71,2.21594447419887,41.4087451861361,2025,"2017,2018,2019,2020,2021,2022,2023,2024,2025",9
17008,PG. VALL D'HEBRON - C. DE TICIÀ (LLOBREGAT),Trànsit,True,2,10,68,2.13846491209867,41.4165583078464,2025,"2017,2018,2019,2020,2021,2022,2023,2024,2025",9
17009,RDA. DALT SORTIDA 6 LLOBREGAT,Trànsit,True,1,10,71,2.1382406632968,41.4171472520814,2025,"2017,2018,2019,2020,2021,2022,2023,2024,2025",9
18-SMD-1,RONDA DE DALT - PARC DE L'ORENETA (Llobregat),Rondes,False,3,0,0,2.11295335657463,41.3981769124719,2025,"2018,2019,2020,2021,2022,2023,2024,2025",8
18-SMD-2,RONDA DE DALT - PARC DE L'ORENETA (Trinitat),Rondes,False,3,0,0,2.11348620820533,41.3991236748553,2025,"2018,2019,2020,2021,2022,2023,2024,2025",8
19-SMD-1,RONDA DE DALT - PEDRALBES (Llobregat),Rondes,False,3,0,0,2.10851456823924,41.3911918843747,2025,"2018,2019,2020,2021,2022,2023,2024,2025",8
19-SMD-2,RONDA DE DALT - PEDRALBES (Trinitat),Rondes,False,3,0,0,2.10725074769602,41.3888337273865,2025,"2018,2019,2020,2021,2022,2023,2024,2025",8
20001,COMTE D´URGELL - GRAN VIA (sentit muntanya),Bicis,False,1,2,8,2.15747890993953,41.3829065516227,2025,"2017,2019,2020,2021,2022,2023,2024,2025",8
20002,COMTE D´URGELL - DIPUTACIÓ (sentit mar),Bicis,False,1,2,9,2.15747186914086,41.3829069289634,2025,"2017,2019,2020,2021,2022,2023,2024,2025",8
20003,GRAN VIA DE LES CORTS-MUNTANER (sentit Llobregat),Bicis,False,1,2,10,2.16164939241435,41.3845874073557,2025,"2017,2020,2021,2022,2023,2024,2025",7
20004,GRAN VIA DE LES CORTS CATALANES - ARIBAU (carril BICI),bicis,False,1,2,8,2.16307,41.385367,2017,2017,1
20005,MUNTANER-GRAN VIA DE LES CORTS (sentit mar),Bicis,False,1,2,10,2.16310479362974,41.3838795627539,2025,"2017,2018,2019,2020,2021,2022,2023,2024,2025",9
20006,MUNTANER - SEPULVEDA (sentit muntanya),Bicis,False,1,2,10,2.16312585146159,41.3838789052334,2025,"2017,2018,2019,2020,2021,2022,2023,2024,2025",9
20007,ENRIC GRANADOS - MALLORCA (sentit muntanya),Bicis,False,1,2,8,2.15940203819296,41.3900061414594,2025,"2017,2018,2019,2020,2021,2022,2023,2024,2025",9
20008,ENRIC GRANADOS - VALENCIA (sentit mar),Bicis,False,1,2,8,2.15942767643012,41.3900029059072,2025,"2017,2018,2019,2020,2021,2022,2023,2024,2025",9
20009,CONSELL DE CENT-SARDENYA,Bicis,False,1,2,5,2.17800761054999,41.4002712072215,2025,"2017,2018,2019,2020,2021,2022,2023,2024,2025",9
2001,PARÍS - VILADOMAT (sentit Besòs),Trànsit,True,3,2,9,2.1465047471315,41.3885296827205,2025,"2017,2018,2019,2020,2021,2022,2023,2024,2025",9
20010,PL. TETUAN - PG. SANT JOAN (sentit Besòs),Bicis,False,1,2,7,2.17630615583332,41.3955508210078,2025,"2017,2018,2019,2020,2021,2022,2023,2024,2025",9
20011,PL. TETUAN - ROGER DE FLOR (sentit Llobregat),Bicis,False,1,2,7,2.17631540371599,41.3955668304856,2025,"2017,2018,2019,2020,2021,2022,2023,2024,2025",9
20012,DIPUTACIÓ-SARDENYA,Bicis,False,1,2,5,2.17794983202623,41.3986192703823,2025,"2017,2018,2019,2020,2021,2022,2023,2024,2025",9
20013,CONSELL DE CENT - COMTE BORRELL (carril BICI - sentit Besòs),Bicis,False,1,2,9,2.155270123,41.38319485,2019,"2017,2018,2019,2020,2021,2022",6
20014,VILAMARÍ - DIPUTACIÓ (carril BICI sentit mar),Bicis,False,1,2,9,2.150676347,41.377912355,2019,"2017,2018,2019,2020,2021,2022,2023",7
20015,VILAMARÍ - GRAN VIA DE LES CORTS CATALANES (carril BICI sentit muntanya),Bicis,False,1,2,9,2.150700308,41.377909019,2019,"2017,2018,2019,2020,2021,2022,2023",7
20016,PROVENÇA - ROGER DE FLOR (sentit Besòs),Bicis,False,1,2,6,2.1707860385378,41.4016678829126,2025,"2017,2018,2019,2020,2021,2022,2023,2024,2025",9
20017,PROVENÇA - NÀPOLS (sentit Llobregat),Bicis,False,1,2,6,2.17078976617937,41.4016852041557,2025,"2017,2018,2019,2020,2021,2022,2023,2024,2025",9
20018,PG. SANT JOAN - CASP (sentit mar),Bicis,False,1,2,5,2.17731310660924,41.3935312472613,2025,"2017,2018,2019,2020,2021,2022,2023,2024,2025",9
20019,PG. SANT JOAN - AUSIAS MARC (sentit muntanya),Bicis,False,1,2,5,2.17734229570883,41.3935500114157,2025,"2017,2018,2019,2020,2021,2022,2023,2024,2025",9
2002,ENTENÇA - DEU I MATA  (sentit muntanya),Trànsit,True,5,4,19,2.13796914924406,41.3900018374214,2025,"2017,2018,2019,2020,2021,2022,2023,2024,2025",9
20020,AV. DEL MARQUÈS DE L'ARGENTERA - COMERÇ (sentit Llobregat),Bicis,False,1,1,4,2.1846202655235,41.3843880326619,2025,"2017,2022,2023,2025",4
20021,AV. DEL MARQUÈS DE L'ARGENTERA - ANTIC DE SANT JOAN (sentit Besòs),Bicis,False,1,1,4,2.18462286547145,41.3843713871751,2025,"2017,2022,2023,2025",4
20024,AV. MERIDIANA - MALLORCA (carril BICI),bicis,False,1,10,64,2.186709,41.410397,2017,"2017,2018",2
20025,AV. MERIDIANA . VALÈNCIA (carril BICI),bicis,False,1,10,65,2.187069,41.410699,2017,"2017,2018",2
20026,ARAGÓ - CLOT (sentit Besòs),Bicis,False,1,10,65,2.189616,41.410838,2025,"2017,2018,2019,2020,2021,2022,2023,2024,2025",9
20027,ARAGÓ - NAVAS DE TOLOSA (sentit Llobregat),Bicis,False,1,10,65,2.190053,41.410882,2025,"2017,2018,2019,2020,2021,2022,2023,2024,2025",9
20028,MARINA - PUJADES (sentit mar),Bicis,False,1,10,66,2.18931,41.392946,2025,"2017,2018,2019,2020,2021,2022,2023,2024,2025",9
20029,MARINA - LLULL (sentit muntanya),Bicis,False,1,10,66,2.18931,41.392946,2025,"2017,2018,2019,2020,2021,2022,2023,2024,2025",9
2003,TARRAGONA - VALÈNCIA  (sentit mar),Trànsit,True,4,3,15,2.14530786309372,41.378572477309,2025,"2017,2018,2019,2020,2021,2022,2023,2024,2025",9
20030,AV. ICARIA - RAMÓN TRIAS FARGAS (sentit Besòs),Bicis,False,1,10,67,2.194276,41.388799,2025,"2017,2018,2019,2020,2021,2022,2023,2024,2025",9
20031,AV. ICARIA - MARINA (sentit Llobregat),Bicis,False,1,10,67,2.194276,41.388799,2025,"2017,2018,2019,2020,2021,2022,2023,2024,2025",9
20032,ALABA - DR. TRUETA (sentit mar),Bicis,False,1,10,67,2.198629,41.392908,2025,"2017,2018,2019,2020,2021,2022,2023,2024,2025",9
20033,ALABA - AV. ICARIA (sentit muntanya),Bicis,False,1,10,67,2.198459,41.393043,2025,"2017,2018,2019,2020,2021,2022,2023,2024,2025",9
20036,TARRAGONA- ELISI (sentit muntanya) ,Bicis,False,1,3,15,2.14467097264897,41.3786265752754,2025,"2017,2018,2019,2020,2021,2022,2023,2024,2025",9
20037,TARRAGONA- SANT NICOLAU (sentit mar),Bicis,False,1,3,15,2.14469336904796,41.3786240394963,2025,"2017,2018,2019,2020,2021,2022,2023,2024,2025",9
20038,AV. PARAL·LEL - TAMARIT (sentit mar),Bicis,False,1,3,11,2.15692134449858,41.374995525156,2025,"2017,2018,2019,2020,2021,2022,2023,2024,2025",9
20039,AV. PARAL·LEL - VLLHONRAT (sentit muntanya),Bicis,False,1,3,11,2.15690513469731,41.3750099085073,2025,"2017,2018,2019,2020,2021,2022,2023,2024,2025",9
2004,NUMÀNCIA - MARQUES DE SENTMENAT V (sentit mar),Trànsit,True,4,4,19,2.13747872461352,41.3847091760812,2025,"2017,2018,2019,2020,2021,2022,2023,2024,2025",9
20040,CALÀBRIA- GRAN VIA DE LES CORTS CATALANES (sentit mar),Bicis,False,1,2,10,2.15541465642159,41.3793082669264,2025,"2017,2018,2019,2020,2021,2022,2023,2024,2025",9
20041,CALÀBRIA- SEPÚLVEDA (sentit muntanya),Bicis,False,1,2,10,2.15543573031087,41.3793062598,2025,"2017,2018,2019,2020,2021,2022,2023,2024,2025",9
20042,RDA. SANT PAU - PARLAMENT (sentit mar),Bicis,False,1,1,1,2.16456395827791,41.3775115817424,2025,"2017,2018,2019,2020,2021,2022,2023,2024,2025",9
20043,RDA. SANT PAU - CERA (sentit muntanya),Bicis,False,1,1,1,2.16458887390361,41.3775083397758,2025,"2017,2018,2019,2020,2021,2022,2023,2024,2025",9
20044,COMTE D'URGELL - CÒRSEGA (carril BICI),bicis,False,1,2,8,2.149496,41.388927,2017,"2017,2018,2020,2021,2022,2023",6
20045,COMTE D'URGELL - ROSSELLÓ (carril BICI),bicis,False,1,2,8,2.149496,41.388927,2017,"2017,2018,2020,2021,2022,2023",6
20046,PROVENÇA - ENRIC GRANADOS (sentit Llobregat),Bicis,False,1,2,8,2.15765492183592,41.3917829748858,2025,"2017,2018,2019,2020,2021,2022,2023,2024,2025",9
20047,PROVENÇA - BALMES (sentit Besòs),Bicis,False,1,2,8,2.15766079946261,41.3918002222396,2025,"2017,2018,2019,2020,2021,2022,2023,2024,2025",9
20048,GIRONA - MALLORCA (carril BICI sentit mar),Bicis,False,1,2,7,2.168336373,41.396880195,2019,"2017,2018,2019,2020,2021,2022",6
20049,GIRONA - VALÈNCIA (carril BICI sentit muntanya),Bicis,False,1,2,7,2.16835734,41.396877644,2019,"2017,2018,2019,2020,2021,2022",6
2005,ENTENÇA - PROVENÇA  (sentit muntanya),Trànsit,True,4,2,9,2.14534608547098,41.3836075007717,2025,"2017,2018,2019,2020,2021,2022,2023,2024,2025",9
20050,FELIP II - JUAN DE GARAY (sentit mar),Bicis,False,1,9,61,2.186438,41.420692,2025,"2017,2018,2019,2020,2021,2022,2023,2024,2025",9
20051,FELIP II - SANT ANTONIO MARIÀ CLARET (sentit muntanya),Bicis,False,1,9,61,2.186438,41.420692,2025,"2017,2018,2019,2020,2021,2022,2023,2024,2025",9
20052,BAC DE RODA - PASSATGE D'OLIVÉ (sentit mar),Bicis,False,1,10,69,2.205941,41.406018,2025,"2017,2018,2019,2020,2021,2022,2023,2024,2025",9
20053,BAC DE RODA - PUJADES (sentit muntanya),Bicis,False,1,10,69,2.205941,41.406018,2025,"2017,2018,2019,2020,2021,2022,2023,2024,2025",9
20054,PUJADES - LLACUNA (sentit Llobregat),Bicis,False,1,10,68,2.199214,41.400508,2025,"2017,2018,2019,2020,2021,2022,2023,2024,2025",9
20055,PUJADES - RBLA. POBLENOU (sentit Besòs),Bicis,False,1,10,68,2.199214,41.400508,2025,"2017,2018,2019,2020,2021,2022,2023,2024,2025",9
20056,AV. MERIDIANA - LEPANT (sentit mar),Bicis,False,1,10,66,2.18675791127783,41.39624749666,2025,"2017,2018,2019,2020,2021,2022,2023,2024,2025",9
20057,AV. MERIDIANA - ALMOGÀVERS (sentit muntanya),Bicis,False,1,10,66,2.18696401691837,41.3962476921753,2025,"2017,2018,2019,2020,2021,2022,2023,2024,2025",9
2006,ARAGÓ - ENTENÇA (sentit Llobregat),Trànsit,True,4,2,9,2.14793621,41.381069189,2019,"2017,2018,2019,2020,2021,2022,2023",7
20060,GIRONA - AUSIÀS MARC (sentit mar),Bicis,False,1,2,7,2.17590105738406,41.3911616266647,2025,"2017,2018,2019,2020,2021,2022,2023,2024,2025",9
20061,GIRONA - RDA. SANT PERE (sentit muntanya),Bicis,False,1,2,7,2.17592800638417,41.3911587571233,2025,"2017,2018,2019,2020,2021,2022,2023,2024,2025",9
20062,SELVA DE MAR - TAULAT (gir cap a sentit Llobregat),Bicis,False,1,10,69,2.213643,41.405456,2025,"2017,2018,2019,2020,2022,2023,2024,2025",8
20063,SELVA DE MAR - RAMON CALSINA (sentit Besòs),Bicis,False,1,10,69,2.213643,41.405456,2025,"2017,2018,2019,2020,2022,2023,2024,2025",8
20064,CALÀBRIA - PARIS (sentit mar),Bicis,False,1,2,9,2.14513622224331,41.3871408053839,2025,"2017,2018,2019,2020,2021,2022,2023,2024,2025",9
20065,CALÀBRIA - CÒRSEGA (sentit muntanya),Bicis,False,1,2,9,2.14514225721359,41.3871418115602,2025,"2017,2018,2019,2020,2021,2022,2023,2024,2025",9
20066,AV. VILANOVA - ROGER DE FLOR (sentit Llobregat),Bicis,False,1,1,4,2.18097132291186,41.3920271503305,2025,"2017,2018,2019,2020,2021,2022,2023,2024,2025",9
20067,AV. VILANOVA - PG. LLUÍS COMPANYS (sentit Besòs),Bicis,False,1,1,4,2.18099178184009,41.392026755508,2025,"2017,2018,2019,2020,2021,2022,2023,2024,2025",9
20068,JOSEP TARRADELLES - VILADOMAT (sentit muntanya),Bicis,False,1,4,19,2.14372932688354,41.3902952827785,2025,"2017,2019,2020,2021,2022,2023,2024,2025",8
20069,JOSEP TARRADELLES - AV. SARRIÀ (sentit mar),Bicis,False,1,4,19,2.14347280719532,41.3903374201875,2025,"2017,2018,2019,2020,2021,2022,2023,2024,2025",9
20070,VIA JÚLIA - CARRER DEL TURÓ BLAU (sentit muntanya),Bicis,False,1,8,52,2.176003,41.440024,2025,"2017,2018,2019,2020,2021,2022,2023,2024,2025",9
20071,VIA JÚLIA - FONT D'EN CANYELLES (sentit mar),Bicis,False,1,8,52,2.176171,41.440105,2025,"2017,2018,2019,2020,2021,2022,2023,2024,2025",9
20072,PG. VALLDAURA - CARRER DEL MARNE (sentit Llobregat),Bicis,False,1,8,48,2.171085,41.43866,2025,"2017,2018,2019,2020,2021,2022,2023,2024,2025",9
20073,PG. VLLDAURA - ALSÀCIA (sentit Besòs),Bicis,False,1,8,48,2.171085,41.43866,2025,"2017,2018,2019,2020,2021,2022,2023,2024,2025",9
20074,BAC DE RODA - LLULL (sentit muntanya),Bicis,False,1,10,68,2.208343,41.404151,2025,"2017,2018,2019,2020,2021,2022,2023,2024,2025",9
20075,BAC DE RODA - RAMON TURRÓ (sentit mar),Bicis,False,1,10,68,2.208343,41.404151,2025,"2017,2018,2019,2020,2021,2022,2023,2024,2025",9
20076,RAMON TURRÓ - BAC DE RODA (sentit Llobregat),Bicis,False,1,10,68,2.208204,41.403853,2025,"2017,2018,2019,2020,2021,2022,2023,2024,2025",9
20077,RAMON TURRÓ - ESPRONCEDA (sentit Besòs),Bicis,False,1,10,68,2.208204,41.403853,2025,"2017,2018,2019,2020,2021,2022,2023,2024,2025",9
20078,RAMON TURRÓ - SELVA DE MAR(sentit Llobregat),Bicis,False,1,10,69,2.21171,41.406479,2025,"2017,2018,2019,2020,2021,2022,2023,2024,2025",9
20079,RAMON TURRÓ - PROVENÇALS (sentit Besòs),Bicis,False,1,10,69,2.21171,41.406479,2025,"2017,2018,2019,2020,2021,2022,2023,2024,2025",9
2008,AV. ROMA - CALÀBRIA  (sentit Llobregat),Trànsit,True,3,2,9,2.1497682341535,41.3832232168521,2025,"2017,2018,2019,2020,2021,2022,2023,2024,2025",9
20080,RAMON TURRÓ - PIQUER (sentit Llobregat),Bicis,False,1,10,68,2.206598,41.40261,2025,"2017,2018,2019,2020,2021,2022,2023,2024,2025",9
20081,RAMON TURRÓ - LOPE DE VEGA (sentit Besòs),Bicis,False,1,10,68,2.206598,41.40261,2025,"2017,2018,2019,2020,2021,2022,2023,2024,2025",9
20082,CIUTAT D'ASUNCIÓN - SAO PAOLO (sentit mar),Bicis,False,1,9,59,2.200619,41.438,2025,"2019,2020,2021,2022,2023,2024,2025",7
20083,CIUTAT D'ASUNCIÓN - COSTA DAURADA (sentit muntanya),Bicis,False,1,9,59,2.200619,41.438,2025,"2019,2020,2021,2022,2023,2024,2025",7
20084,SANT ADRIÀ - CIUTAT D'ASUNCIÓN (sentit Llobregat),Bicis,False,1,9,59,2.200624,41.435639,2025,"2017,2018,2019,2020,2021,2022,2023,2024,2025",9
20085,SANT ADRIÀ - FRA JUNIPER SERRA (sentit Besòs),Bicis,False,1,9,59,2.200624,41.435639,2025,"2017,2018,2019,2020,2021,2022,2023,2024,2025",9
20088,CARTAGENA - CORSEGA (sentit muntanya),Bicis,False,1,2,6,2.175666,41.410121,2025,"2019,2020,2021,2022,2023,2024,2025",7
20089,CARTAGENA - INDUSTRIA  (sentit mar),Bicis,False,1,2,6,2.175666,41.410121,2025,"2019,2020,2021,2022,2023,2024,2025",7
2009,MALLORCA - CALÀBRIA  (sentit Llobregat),Trànsit,True,3,2,9,2.14904637422425,41.3836515144813,2025,"2017,2018,2019,2020,2021,2022,2023,2024,2025",9
20090,CARTAGENA - PROVENÇA (sentit muntanya),Bicis,False,1,2,6,2.179411111,41.4072749999999,2025,"2018,2019,2020,2021,2022,2023,2024,2025",8
20091,CARTAGENA - ROSSELLO (sentit mar),Bicis,False,1,2,6,2.178327778,41.40810278,2025,"2018,2019,2020,2021,2022,2023,2024,2025",8
20092,CARTAGENA - ARAGO (sentit muntanya),Bicis,False,1,2,6,2.182883333,41.4046583299999,2025,"2018,2019,2020,2021,2022,2023,2024,2025",8
20093,CARTAGENA - VALENCIA (sentit mar),Bicis,False,1,2,6,2.182888333,41.40465832999,2025,"2018,2019,2020,2021,2022,2023,2024,2025",8
20094,TRAV. DE GRACIA - LEPANT (sentit Besòs),Bicis,False,1,7,33,2.17128,41.409851,2025,"2018,2019,2020,2021,2022,2023,2024,2025",8
20095,TRAV. DE GRACIA - PADILLA (sentit Llobregat),Bicis,False,1,7,33,2.17128,41.409851,2025,"2018,2019,2020,2021,2022,2023,2024,2025",8
20096,TRAV. DE GRACIA - SARDENYA (sentit Besòs),Bicis,False,1,7,33,2.168018,41.407805,2025,"2019,2020,2021,2022,2023,2024,2025",7
20097,TRAV. DE GRACIA - MARINA (sentit Llobregat),Bicis,False,1,7,33,2.168018,41.407805,2025,"2019,2020,2021,2022,2023,2024,2025",7
20098,TRAV. DE GRACIA - HIPOLIT LAZARO,Bicis,False,1,6,32,2.165016,41.405895,2025,"2019,2020,2021,2022,2023,2024,2025",7
20099,TRAV. DE GRACIA - EN GRASSOT,Bicis,False,1,6,32,2.160508,41.405473,2025,"2019,2020,2021,2022,2023,2024,2025",7
2010,BERLÍN - COMTES DE BELL.LLOC (sentit Besòs),Trànsit,True,4,3,18,2.13659629573035,41.3821747514497,2025,"2017,2020,2021,2024,2025",5
20100,TRAV. DE GRACIA - BAILEN (sentit Besòs),Bicis,False,1,6,31,2.161777,41.403868,2025,"2018,2019,2020,2021,2022,2023,2024,2025",8
20101,TRAV. DE GRACIA - TORRENT DE LES FLORS (sentit Llobregat),Bicis,False,1,6,31,2.161777,41.403868,2025,"2018,2019,2020,2021,2022,2023,2024,2025",8
20102,MARINA - INDUSTRIA,Bicis,False,1,2,6,2.17078,41.40721,2025,"2018,2019,2020,2021,2022,2023,2024,2025",8
20103,MARINA - ROSSELLO,Bicis,False,1,2,9,2.17316668204659,41.405465246212,2025,"2021,2022,2023,2024,2025",5
20104,AV. RIO DE JANEIRO - ARGULLÒS (sentit Llobregat),Bicis,False,1,8,52,2.182741,41.440212,2025,"2018,2019,2020,2021,2022,2023,2024,2025",8
20105,AV. RIO DE JANEIRO - BALTASAR GRACIÁN (sentit Besòs),Bicis,False,1,8,52,2.182741,41.440212,2025,"2018,2019,2020,2021,2022,2023,2024,2025",8
20106,SELVA DE MAR - GRAN VIA (sentit mar) ,Bicis,False,1,10,71,2.202099,41.414156,2025,"2018,2019,2020,2021,2022,2023,2024,2025",8
20107,SELVA DE MAR - PERÚ (sentit muntanya),Bicis,False,1,10,71,2.202099,41.414156,2025,"2018,2019,2020,2021,2022,2023,2024,2025",8
20108,SELVA DE MAR - CONCILIO DE TRENTO (sentit muntanya),Bicis,False,1,10,72,2.200325,41.415458,2025,"2020,2021,2022,2023,2024,2025",6
20109,SELVA DE MAR - ANDRADE (sentit muntanya),Bicis,False,1,10,72,2.200325,41.415458,2025,"2020,2021,2022,2023,2024,2025",6
2011,TRAVESSERA DE LES CORTS - VILAMUR (Llobregat),Trànsit,True,4,4,19,2.13371166810962,41.3860268567946,2025,"2017,2018,2019,2020,2021,2022,2023,2024,2025",9
20110,AV. PAU CASALS - MESTRE NICOLAU (sentit muntanya),Bicis,False,1,5,26,2.14262529631989,41.3938291688663,2025,"2018,2019,2020,2021,2022,2023,2024,2025",8
20111,AV. PAU CASALS - FONTEST (sentit mar),Bicis,False,1,5,26,2.14249131845053,41.3936476603007,2025,"2018,2019,2020,2021,2022,2023,2024,2025",8
20112,PG. PUJAJDES - LLUIS COMPANYS (sentit Llobregat),Bicis,False,1,1,4,2.18291085144431,41.3885700761585,2025,"2018,2019,2020,2021,2022,2023,2024,2025",8
20113,PG. PUJADES - PICASSO (sentit Besòs),Bicis,False,1,1,4,2.18291285064395,41.3885536966828,2025,"2018,2019,2020,2021,2022,2023,2024,2025",8
20114,PG. PUJADES - LLUIS COMPANYS (sentit Besòs),Bicis,False,1,1,4,2.1839832780429,41.3893236888011,2025,"2018,2019,2020,2021,2022,2023,2024,2025",8
20115,PG. PUJADES - ROGER DE FLOR (sentit Llobregat),Bicis,False,1,1,4,2.18398045090673,41.3893393418212,2025,"2018,2019,2020,2021,2022,2023,2024,2025",8
20116,LONDRES - CALABRIA,Bicis,False,1,2,9,2.14368397732475,41.388090810084,2025,"2018,2019,2020,2021,2022,2023,2024,2025",8
20117,LONDRES - VILLARROEL,Bicis,False,1,2,8,2.14735778410015,41.3908665509926,2025,"2018,2019,2020,2021,2022,2023,2024,2025",8
20118,LONDRES - COMTE URGELL,Bicis,False,1,2,8,2.14701253307543,41.3905960189867,2025,"2018,2019,2020,2021,2022,2023,2024,2025",8
20119,PARIS - ARIBAU,Bicis,False,1,2,8,2.152467325,41.39309299,2025,"2018,2019,2020,2021,2022,2023,2024,2025",8
2012,AV. MADRID - PORTBOU  (sentit Besòs),Trànsit,True,4,4,20,2.12645591588704,41.3778875629361,2025,"2017,2018,2019,2020,2021,2022,2023,2024,2025",9
20120,PARIS - ENRIC GRANADOS,Bicis,False,1,2,8,2.15350926,41.3938856799999,2025,"2018,2019,2020,2021,2022,2023,2024,2025",8
20121,PARIS - COMTE BORRELL,Bicis,False,1,2,8,2.14787915785772,41.3896493567185,2025,"2018,2019,2020,2021,2022,2023,2024,2025",8
20122,PARIS - COMTE URGELL,Bicis,False,1,2,8,2.14852566354901,41.3901338821992,2025,"2018,2019,2020,2021,2022,2023,2024,2025",8
20123,PARIS - ROCAFORT,Bicis,False,1,2,9,2.14460983872414,41.3871599227319,2025,"2018,2019,2020,2021,2022,2023,2024,2025",8
20124,PARIS - CALABRIA,Bicis,False,1,2,9,2.1451623737812,41.3875805029665,2025,"2018,2019,2020,2021,2022,2023,2024,2025",8
20125,BORI I FONTESTA - CAN RABIA (sentit Besòs),Bicis,False,1,5,24,2.13540952999013,41.3922035470509,2025,"2018,2019,2020,2021,2022,2023,2024,2025",8
20126,BORI I FONTESTA - DOCTOR FLEMING (sentit Llobregat),Bicis,False,1,5,24,2.13538519108834,41.3922078679076,2025,"2018,2019,2020,2021,2022,2023,2024,2025",8
20127,BORI I FONTESTA - GANDUXER (sentit Llobregat),Bicis,False,1,5,24,2.13616906836127,41.3923940856093,2025,"2019,2020,2021,2022,2023,2024,2025",7
20128,BORI I FONTESTA - DOCTOR FLEMING (sentit Besòs),Bicis,False,1,5,24,2.13618893989347,41.3923838761784,2025,"2018,2019,2020,2021,2022,2023,2024,2025",8
20129,DOCTOR FLEMING - SARRIA (sentit muntanya),Bicis,False,1,5,24,2.13598632729306,41.3920305222313,2025,"2018,2019,2020,2021,2022,2023,2024,2025",8
2013,NUMÀNCIA - ANGLESOLA  (sentit mar),Trànsit,True,3,4,19,2.13363873768197,41.3885020912706,2025,"2017,2018,2019,2020,2021,2022,2023,2024,2025",9
20130,DOCTOR FLEMING - BORI I FONTESTA  (sentit mar),Bicis,False,1,5,24,2.13597863751547,41.3920150616739,2025,"2018,2019,2020,2021,2022,2023,2024,2025",8
20131,AV.AV. DIAGONAL - SARRIÀ (sentit Besòs),Bicis,False,1,4,19,2.13870563367994,41.3914771324329,2025,"2018,2019,2020,2021,2022,2023,2024,2025",8
20132,AV. AV. DIAGONAL - GANDUXER (sentit Llobregat),Bicis,False,1,4,19,2.13871986286411,41.3914956142341,2025,"2018,2019,2020,2021,2022,2023,2024,2025",8
20133,GANDUXER - AV. AV. DIAGONAL (sentit muntanya),Bicis,False,1,4,19,2.13910041897475,41.3918802899117,2025,"2018,2019,2020,2021,2022,2023,2024,2025",8
20134,GANDUXER - BORI I FONTESTA (sentit baixada),Bicis,False,1,4,19,2.1390848240717,41.3918655810873,2025,"2018,2019,2020,2021,2022,2023,2024,2025",8
20135,GANDUXER - TRES TORRES,Bicis,False,1,5,26,2.13552210482546,41.3974924192742,2025,"2019,2020,2021,2022,2023,2024,2025",7
20136,GANDUXER - PL. SANT GREGORI TAUMATURGO (sentit mar),Bicis,False,1,5,26,2.13815517697961,41.3939492604943,2025,"2019,2020,2021,2022,2023,2024,2025",7
20137,GANDUXER - BORI I FONTESTA (sentit pujada),Bicis,False,1,5,26,2.13816729527576,41.3939645739238,2025,"2019,2020,2021,2022,2023,2024,2025",7
20138,SARDENYA - VALENCIA,Bicis,False,1,2,6,2.17632853021837,41.4012006383603,2025,"2018,2019,2020,2021,2022,2023,2024,2025",8
20139,SARDENYA - DIPUTACIÓ (carril BICI - sentit mar),Bicis,False,1,2,5,2.179161872,41.399038395,2019,"2018,2019,2020,2021,2022,2023",6
2014,TARRAGONA - CONSELL DE CENT (calçada Besòs),Trànsit,True,4,3,15,2.14733648474262,41.3770104507661,2025,"2017,2018,2019,2020,2021,2022,2023,2024,2025",9
20140,SARDENYA - MERIDIANA,Bicis,False,1,10,66,2.18721841785137,41.3929473384909,2025,"2018,2019,2020,2021,2022,2023,2024,2025",8
20141,SARDENYA - ALMOGAVERS,Bicis,False,1,2,5,2.18655046336043,41.3934479393022,2025,"2018,2019,2020,2021,2022,2023,2024,2025",8
20142,SARDENYA - ROSSELLÓ,Bicis,False,1,2,6,2.17234777365905,41.404189424292,2025,"2018,2019,2020,2021,2022,2023,2024,2025",8
20143,SARDENYA - CONSELL DE CENT,Bicis,False,1,2,5,2.17811872201217,41.3998268506506,2025,"2018,2019,2020,2021,2022,2023,2024,2025",8
20144,AV. AV. DIAGONAL - MARINA,Bicis,False,1,2,6,2.17729557669067,41.4011710517454,2025,"2018,2019,2020,2021,2022,2024,2025",7
20145,TAULAT-SANT FRANCESC,Bicis,False,1,10,68,2.204769,41.398654,2025,"2018,2019,2020,2021,2022,2023,2024,2025",8
20146,SARDENYA - AV. AV. DIAGONAL,Bicis,False,1,2,6,2.17704522441786,41.400666012134,2025,"2018,2019,2020,2021,2022,2024,2025",7
20147,MARINA - TRAV. GRACIA,Bicis,False,1,7,33,2.169033,41.408602,2025,"2018,2019,2020,2021,2022,2023,2024,2025",8
20148,AV. DIAGONAL - ARAGÓ (carril BICI - sentit Besòs),Bicis,False,1,2,6,2.176665765,41.400647764,2019,"2018,2019,2020,2021,2022",5
20149,AV. EXÈRCIT - ALFAMBRA (sentit Llobregat),Bicis,False,1,4,21,2.11202768832658,41.3868814782215,2025,"2018,2019,2020,2021,2022,2023,2024,2025",8
2015,TARRAGONA - CONSELL DE CENT (calçada Llobregat),Trànsit,True,2,3,15,2.147192326,41.376902176,2019,"2018,2019",2
20150,AV. EXÈRCIT - GRAN CAPITÀ (sentit Besòs),Bicis,False,1,4,21,2.11204804073804,41.3868624493229,2025,"2018,2019,2020,2021,2022,2023,2024,2025",8
20151,GRAN CAPITÀ - AV. EXÈRCIT (sentit muntanya),Bicis,False,1,4,21,2.11170571683108,41.386846115683,2025,"2018,2019,2020,2021,2022,2023,2024,2025",8
20152,GRAN CAPITÀ - SOR EULÀLIA D'ANZIZU (sentit mar),Bicis,False,1,4,21,2.1117066611756,41.3868294591101,2025,"2018,2019,2020,2021,2022,2023,2024,2025",8
20153,AV. EXÈRCIT - GRAN CAPITÀ (sentit Llobregat),Bicis,False,1,4,21,2.11061926903678,41.3852286242946,2025,"2019,2020,2021,2022,2023,2024,2025",7
20154,AV. EXÈRCIT - GONZALEZ TABLAS (sentit Besòs),Bicis,False,1,4,21,2.11058642023925,41.3852255780633,2025,"2018,2019,2020,2021,2022,2023,2024,2025",8
20155,TENOR VIÑAS - CALVET (sentit Llobregat),Bicis,False,1,5,26,2.14237279058503,41.3952483088507,2025,"2018,2019,2020,2021,2022,2023,2024,2025",8
20156,TENOR VIÑAS - FERRAN AGULLÓ (sentit Besòs),Bicis,False,1,5,26,2.14237850802663,41.395231957835,2025,"2018,2019,2020,2021,2022,2023,2024,2025",8
20157,DOCTOR FLEMING - SANTA FE DE NOU MEXIC,Bicis,False,1,5,24,2.13523203450967,41.393547391976,2025,"2018,2019,2020,2021,2022,2023,2024,2025",8
20158,DOCTOR FLEMING - BORI I FONTESTA (sentit muntanya),Bicis,False,1,5,24,2.13524417591583,41.3935609043884,2025,"2018,2019,2020,2021,2022,2023,2024,2025",8
20159,BORI I FONTESTA - BEETHOVEN (sentit mar),Bicis,False,1,5,26,2.13902729994367,41.3931248486071,2025,"2019,2020,2021,2022,2023,2024,2025",7
2016,ENTENÇA - DIPUTACIÓ (sentit muntanya),Trànsit,True,4,2,9,2.151166703,41.379197455,2019,"2017,2018,2019,2020,2021,2022,2023",7
20160,BORI I FONTESTA - GANDUXER (sentit Besòs),Bicis,False,1,5,26,2.13904738194647,41.3931168020563,2025,"2019,2020,2021,2022,2023,2024,2025",7
20161,GANDUXER - PL. SANT GREGORI TAUMATURG (sentit pujada),Bicis,False,1,5,26,2.13734377299748,41.3951464904568,2025,"2018,2020,2021,2022,2023,2025",6
20162,GANDUXER - MAÓ,Bicis,False,1,5,25,2.13066353713783,41.403770595181,2025,"2018,2019,2020,2021,2022,2023,2024,2025",8
20163,GANDUXER - SANT CASIMIR,Bicis,False,1,5,25,2.13339008946377,41.4002450105761,2025,"2020,2021,2022,2023,2025",5
20164,PORTAL DE LA PAU - PG. JOSEP CARNER (sentit Besòs),Bicis,False,1,1,2,2.17768801177651,41.3760247561505,2025,"2018,2019,2020,2021,2022,2025",6
20165,PORTAL DE LA PAU - PG. COLOM (sentit Llobregat),Bicis,False,1,1,2,2.17766274540797,41.376027457999,2025,"2018,2019,2020,2021,2022,2023,2025",7
20166,PL. DRASSANES (sentit Besòs),Bicis,False,1,1,1,2.17562292019016,41.3740821882946,2025,"2018,2019,2020,2021,2022,2023,2025",7
20167,PL. DRASSANES (sentit Llobregat),Bicis,False,1,1,1,2.17564556573968,41.3740881153478,2025,"2018,2019,2020,2021,2022,2023,2025",7
20168,AV. MARIA CRISTINA - RIUS I TAULET (sentit muntanya),Bicis,False,1,3,11,2.15126425914805,41.3718765171967,2025,"2019,2020,2021,2022,2023,2024,2025",7
20169,AV. MARIA CRISTINA - PL. ESPANYA (sentit mar),Bicis,False,1,3,11,2.1512552329069,41.3718625790271,2025,"2018,2019,2020,2021,2022,2023,2024,2025",8
2017,SANTS - RIERA BLANCA (sentit Hospitalet),Trànsit,True,4,3,18,2.12239111942769,41.3756480686338,2025,"2017,2018,2019,2020,2021,2022,2023,2024,2025",9
20170,NAVAS DE TOLOSA- MALLORCA (sentit muntanya),Bicis,False,1,9,63,2.188202,41.414375,2025,"2018,2019,2020,2021,2022,2023,2024,2025",8
20171,NAVAS DE TOLOSA- MURCIA (sentit mar),Bicis,False,1,9,63,2.188202,41.414375,2025,"2018,2019,2020,2021,2022,2023,2024,2025",8
20172,NAVAS DE TOLOSA- BOFARULL (sentit mar),Bicis,False,1,9,63,2.187678,41.414745,2025,"2018,2019,2020,2021,2022,2023,2024,2025",8
20173,NAVAS DE TOLOSA - MURCIA (sentit muntanya),Bicis,False,1,9,63,2.187678,41.414745,2025,"2018,2019,2020,2021,2022,2023,2024,2025",8
20174,NAVAS DE TOLOSA- RIPOLLÉS (sentit mar),Bicis,False,1,9,63,2.186016,41.442297,2025,"2018,2019,2020,2021,2022,2023,2024,2025",8
20175,NAVAS DE TOLOSA- J. ESTIVILL (sentit muntanya),Bicis,False,1,9,63,2.186016,41.442297,2025,"2018,2019,2020,2021,2022,2023,2024,2025",8
20176,NAVAS DE TOLOSA - JUAN DE GARAY (sentit muntanya),Bicis,False,1,9,63,2.181334,41.41953,2025,"2018,2019,2020,2021,2022,2023,2024,2025",8
20177,NAVAS DE TOLOSA- D'OLESA (sentit mar),Bicis,False,1,9,63,2.181294,41.41956,2025,"2018,2019,2020,2021,2022,2023,2024,2025",8
20178,PSG. DEL TAULAT - SELVA DE MAR (sentit Besòs),Bicis,False,1,10,69,2.215767,41.407409,2025,"2019,2020,2021,2022,2023,2024,2025",7
20179,PSG. DEL TAULAT - JOSEP PLA (sentit Llobregat),Bicis,False,1,10,69,2.215767,41.407409,2025,"2019,2020,2021,2022,2023,2024,2025",7
2018,PG. SANT ANTONI - ALCOLEA (Besòs),Trànsit,True,2,3,18,2.136317347654,41.3762008780484,2025,"2017,2018,2019,2020,2021,2022,2023,2024,2025",9
20180,PSG. DEL TAULAT - BILBAO (sentit Besòs),Bicis,False,1,10,69,2.207146,41.40041,2025,"2018,2019,2020,2021,2022,2023,2024,2025",8
20181,PSG. DEL TAULAT - LOPE DE VEGA (sentit Llobregat),Bicis,False,1,10,69,2.207168,41.400416,2025,"2018,2019,2020,2021,2022,2023,2024,2025",8
20182,PSG. DEL TAULAT - ESPRONCEDA (sentit Llobregat),Bicis,False,1,10,69,2.21004,41.402597,2025,"2018,2019,2020,2021,2022,2023,2024,2025",8
20183,PSG. DEL TAULAT - BAC DE RODA (sentit Besòs),Bicis,False,1,10,69,2.21008,41.402605,2025,"2018,2019,2020,2021,2022,2023,2024,2025",8
20184,PSG. DEL TAULAT - SELVA DE MAR (sentit Llobregat),Bicis,False,1,10,69,2.213506,41.405189,2025,"2018,2019,2020,2021,2022,2023,2024,2025",8
20185,PSG. DEL TAULAT - PROVENÇALS (sentit Besòs),Bicis,False,1,10,69,2.213471,41.405179,2025,"2018,2019,2020,2021,2022,2023,2024,2025",8
20186,PSG. DEL TAULAT - ROC BORONAT (sentit Besòs),Bicis,False,1,10,68,2.203258,41.397398,2025,"2018,2019,2020,2021,2022,2023,2024,2025",8
20187,PSG. DEL TAULAT - LLACUNA (sentit Llobregat),Bicis,False,1,10,68,2.203258,41.397398,2025,"2018,2019,2020,2021,2022,2023,2024,2025",8
20188,Mª CLARET - BISCAIA,Bicis,False,1,9,63,2.18383,41.41824,2025,"2018,2019,2020,2021,2022,2023,2024,2025",8
20189,Mª CLARET -  NAVAS DE TOLOSA,Bicis,False,1,9,63,2.183152,41.417753,2025,"2018,2019,2020,2021,2022,2023,2024,2025",8
20190,SARDENYA - PROVIDÈNCIA,Bicis,False,1,6,32,2.163827,41.410648,2025,"2018,2019,2020,2021,2022,2023,2024,2025",8
20191,SARDENYA - DE LES CAMÈLIES,Bicis,False,1,6,32,2.162501,41.41217,2025,"2018,2019,2020,2021,2022,2023,2024,2025",8
20192,SARDENYA -  ENCARNACIÓ,Bicis,False,1,7,33,2.165362,41.409504,2025,"2018,2019,2020,2021,2022,2023,2024,2025",8
20193,SARDENYA -  PUJADES,Bicis,False,1,10,66,2.188256,41.392116,2025,"2018,2019,2020,2021,2022,2023,2024,2025",8
20194,PI FERRER - C/DEL GARROFERS (sentit muntanya),Bicis,False,1,8,45,2.179927,41.435633,2025,"2018,2019,2020,2021,2022,2023,2024,2025",8
20195,PI FERRER - ALSAMORA (sentit mar),Bicis,False,1,8,45,2.179927,41.435633,2025,"2019,2020,2021,2022,2023,2024,2025",7
20196,SANT ANTONI MARIA CLARET - DOS DE MAIG,Bicis,False,1,2,6,2.174523,41.411089,2025,"2018,2019,2020,2021,2022,2023,2024,2025",8
20197,AV. ICÀRIA - VICENS VIVES,Bicis,False,1,10,68,2.200953,41.394686,2025,"2018,2019,2020,2021,2022,2023,2024,2025",8
20198,AV. ICÀRIA - TAULAT (sentit Llobregat),Bicis,False,1,10,68,2.200988,41.394702,2025,"2018,2019,2020,2021,2022,2023,2024,2025",8
20199,RAMON TRIAS FARGAS - ICARIA (sentit Besòs),Bicis,False,1,10,67,2.193746,41.387989,2025,"2018,2019,2020,2021,2022,2023,2024,2025",8
2020,AV. MADRID - TENOR MASINI (Besòs),Trànsit,True,4,4,19,2.13105365778254,41.3803288751531,2025,"2017,2018,2019,2020,2021,2022,2023,2024,2025",9
20200,RAMON TRIAS FARGAS - RAMÓN TURRÓ,Bicis,False,1,10,67,2.191297,41.389857,2025,"2018,2019,2020,2021,2022,2023,2024,2025",8
20201,BILBAO - ANDRADE (sentit mar),Bicis,False,1,10,65,2.192692,41.410937,2025,"2018,2019,2020,2021,2022,2023,2024,2025",8
20202,BILBAO - CONCILIO TRENTO (sentit muntanya),Bicis,False,1,10,65,2.192692,41.410937,2025,"2018,2019,2020,2021,2022,2023,2024,2025",8
20203,PROVENÇA - ROGENT (sentit Besòs),Bicis,False,1,10,64,2.18262196710433,41.4104546167251,2025,"2018,2019,2020,2021,2022,2023,2024,2025",8
20204,PROVENÇA - XIFRÉ (sentit Llobregat) ,Bicis,False,1,10,64,2.18263469608086,41.4104413760875,2025,"2018,2019,2020,2021,2022,2023,2024,2025",8
20205,CAMÈLIES - ABD EL KADER (sentit Besòs),Bicis,False,1,7,33,2.16464,41.414159,2025,"2019,2020,2021,2022,2023,2024,2025",7
20206,CAMÈLIES - FRANÇA (sentit Llobregat),Bicis,False,1,7,33,2.16464,41.414159,2025,"2018,2019,2020,2021,2022,2023,2024,2025",8
20207,BILBAO - PERE IV (sentit muntanya),Bicis,False,1,10,68,2.197404,41.407454,2025,"2018,2019,2020,2021,2022,2023,2024,2025",8
20208,BILBAO - AV. DIAGONAL (sentit mar),Bicis,False,1,10,68,2.197403,41.407447,2025,"2018,2019,2020,2021,2022,2023,2024,2025",8
20209,BILBAO - MARROC  (sentit muntanya),Bicis,False,1,10,71,2.199243,41.406065,2025,"2019,2020,2021,2022,2023,2024,2025",7
2021,AV. MADRID - LLUÇÀ (Llobregat),Trànsit,True,2,3,18,2.13101466622061,41.380386227348,2025,"2017,2018,2019,2020,2021,2022,2023,2024,2025",9
20210,BILBAO - BOLÍVIA (sentit mar),Bicis,False,1,10,71,2.19925,41.40606,2025,"2019,2020,2021,2022,2023,2024,2025",7
20211,BILBAO - LLULL (sentit muntanya),Bicis,False,1,10,68,2.20385,41.402681,2025,"2019,2020,2021,2022,2023,2024,2025",7
20212,BILBAO - PSG. DE COLOMER (sentit mar),Bicis,False,1,10,68,2.203849,41.40267,2025,"2019,2020,2021,2022,2023,2024,2025",7
20213,BILBAO - PALLARS (sentit muntanya),Bicis,False,1,10,68,2.201522,41.404378,2025,"2018,2019,2020,2021,2022,2023,2024,2025",8
20214,BILBAO - CAMI ANTIC DE VALÈNCIA (sentit mar),Bicis,False,1,10,68,2.201515,41.404371,2025,"2019,2020,2021,2022,2023,2024,2025",7
20217,JONQUERA - GARCIA FARIA (sentit muntanya),Bicis,False,1,10,69,2.208211,41.39952,2025,"2019,2020,2021,2022,2023,2024,2025",7
20218,JONQUERA - PERELLÓ (sentit mar),Bicis,False,1,10,69,2.208211,41.399509,2025,"2018,2019,2020,2021,2022,2023,2024,2025",8
20219,ALCALDE DE MÓSTOLES - TAXDIRT,Bicis,False,1,7,33,2.166728,41.410334,2025,"2021,2022,2023,2024,2025",5
2022,TRAV. DE LES CORTS - GALILEU (Besòs),Trànsit,True,2,4,19,2.13204774127371,41.3848966969433,2025,"2017,2018,2019,2020,2021,2022,2023,2024,2025",9
20220,MINERIA - FISICA (sentit Llobregat),Bicis,False,1,3,13,2.13738144855302,41.3643409903904,2025,"2019,2020,2021,2022,2023,2024,2025",7
20221,MINERIA - PSG. ZONA FRANCA (sentit Besòs),Bicis,False,1,3,13,2.13742528514072,41.3643170887154,2025,"2018,2019,2020,2021,2022,2023,2024,2025",8
20222,MINERIA - MOSSEN AMADEU OLLER (sentit mar),Bicis,False,1,3,13,2.14008290947217,41.3671337284067,2025,"2018,2019,2020,2021,2022,2023,2024,2025",8
20223,MINERIA - FONT FLORIDA (sentit muntanya),Bicis,False,1,3,13,2.14009179288614,41.3671037997063,2025,"2018,2019,2020,2021,2022,2023,2024,2025",8
20225,INDUSTRIA - AV. GAUDI (sentit Besòs),Bicis,False,1,2,6,2.175161,41.410141,2025,"2021,2022,2023,2024,2025",5
20226,PSG. DEL TAULAT -  BILBAO,Bicis,False,1,10,69,2.206772,41.400303,2025,"2018,2019,2020,2021,2022,2023,2024,2025",8
20227,GARCILASO - AV. MERIDIANA (sentit Llobregat),Bicis,False,1,9,61,2.186576,41.422936,2025,"2018,2019,2020,2021,2022,2023,2024,2025",8
20228,GARCILASO - JUAN DE GARAY (sentit Besòs),Bicis,False,1,9,61,2.18658,41.422927,2025,"2018,2019,2020,2021,2022,2023,2024,2025",8
20229,OLESA - JORDI DE SANT JORDI (sentit Llobregat),Bicis,False,1,9,62,2.182278,41.420591,2025,"2019,2020,2021,2022,2023,2024,2025",7
2023,TRAV. DE LES CORTS - GALILEU (Llobregat),Trànsit,True,3,4,19,2.13156468172109,41.3846559474015,2025,"2017,2018,2019,2020,2021,2022,2023,2024,2025",9
20230,OLESA - BISCAIA (sentit Besòs),Bicis,False,1,9,62,2.182291,41.420583,2025,"2019,2020,2021,2022,2023,2024,2025",7
20231,SEGRE - DR. SANTPONÇ (sentit mar),Bicis,False,1,9,60,2.194012,41.431793,2025,"2019,2020,2021,2022,2023,2024,2025",7
20232,SEGRE - LIUVA (sentit muntanya),Bicis,False,1,9,60,2.194012,41.4318,2025,"2019,2020,2021,2022,2023,2024,2025",7
20233,PG. FABRA I PUIG - CONCEPCIÓ ARENAL (sentit Llobregat),Bicis,False,1,9,60,2.184311,41.43014,2025,"2019,2020,2021,2022,2023,2024,2025",7
20234,PG. FABRA I PUIG - AV. MERIDIANA (sentit Besòs),Bicis,False,1,9,60,2.184315,41.430132,2025,"2019,2020,2021,2022,2023,2024,2025",7
20235,SABINO ARANA - PL.PIUS XII (sentit baixada),Bicis,False,1,4,21,2.123595,41.386556,2025,"2019,2020,2021,2022,2023,2024,2025",7
20236,SABINO ARANA - GRAN VIA CARLES III (sentit pujada),Bicis,False,1,4,21,2.123598,41.386584,2025,"2019,2020,2021,2022,2023,2024,2025",7
20237,PL. PIUS XII - AV. DIAGONAL (sentit mar),Bicis,False,1,4,21,2.123168,41.386887,2025,"2019,2020,2021,2022,2023,2024,2025",7
20238,PL. PIUS XII - SABINO DE ARANA (sentit muntanya) ,Bicis,False,1,4,21,2.123179,41.38688,2025,"2019,2020,2021,2022,2023,2024,2025",7
20239,PL. PIUS XII - SABINO DE ARANA (sentit Llobregat),Bicis,False,1,4,21,2.123033,41.38684,2025,"2019,2020,2021,2022,2023,2024,2025",7
2024,C. DE SANTS - SANT FELIU DE GUÍXOLS (Sentit Hospitalet),Trànsit,True,2,3,17,2.12913358824874,41.3755675328357,2025,"2017,2018,2019,2020,2021,2022,2023,2024,2025",9
20240,PL.PIUS XII - AV. JOAN XXIII (sentit Besòs),Bicis,False,1,4,21,2.123063,41.386819,2025,"2019,2020,2021,2022,2023,2024,2025",7
20241,ARISTIDES MAILLOL - CARDENAL REIG ,Bicis,False,1,4,20,2.119166,41.379825,2025,"2019,2020,2021,2022,2023,2024,2025",7
20242,ARISTIDES MAILLOL - AV. DOCTOR MARAÑON ,Bicis,False,1,4,20,2.119124,41.379847,2025,"2019,2020,2021,2022,2023,2024,2025",7
20243,RDA. SANT PERE -GIRONA (sentit Llobregat),Bicis,False,1,2,7,2.17725,41.390612,2025,"2019,2020,2021,2022,2023,2024,2025",7
20244,RDA. SANT PERE -BAILEN (sentit Besòs),Bicis,False,1,2,7,2.177221,41.390581,2025,"2019,2020,2021,2022,2023,2024,2025",7
20245,TORRE MELINA - AV . AV. DIAGONAL (sentit baixada),Bicis,False,1,4,20,2.107775,41.381283,2025,"2019,2020,2021,2022,2023,2024,2025",7
20246,TORRE MELINA - AV. ALBERT BASTRADAS (sentit pujada),Bicis,False,1,4,20,2.10781,41.381252,2025,"2019,2020,2021,2022,2023,2024,2025",7
20247,AV. MERIDIANA - CONSELL DE CENT,Bicis,False,1,10,65,2.18661,41.406243,2025,"2019,2020,2021,2022,2023,2024,2025",7
20248,AV. MERIDIANA - CLOT,Bicis,False,1,10,65,2.187122,41.406094,2025,"2019,2020,2021,2022,2023,2024,2025",7
20249,DUBLIN -  FILATURES,Bicis,False,1,9,61,2.185371,41.428557,2025,"2019,2020,2021,2022,2023,2024,2025",7
2025,C. DE SANTS - SUGRANYES (Sentit Pl. Espanya),Trànsit,True,2,3,17,2.12637855996629,41.3755780639749,2025,"2017,2018,2019,2020,2021,2022,2023,2024,2025",9
20250,DUBLIN - CONCEPCIÓ ARENAL (sentit mar),Bicis,False,1,9,61,2.185371,41.428557,2025,"2019,2020,2021,2022,2023,2024,2025",7
20251,CONSELL DE CENT - MERIDIANA (sentit Llobregat),Bicis,False,1,10,65,2.186415,41.406672,2025,"2019,2020,2021,2022,2023,2024,2025",7
20252,CONSELL DE CENT - INDEPENDÈNCIA (sentit Besòs),Bicis,False,1,10,65,2.186415,41.406672,2025,"2019,2020,2021,2022,2023,2024,2025",7
20253,PERE IV - MARESME (sentit Llobregat),Bicis,False,1,10,72,2.208855,41.417266,2025,"2021,2022,2023,2024,2025",5
20254,PERE IV - RAMBLA PRIM (sentit Besòs),Bicis,False,1,10,72,2.208873,41.417271,2025,"2021,2022,2023,2024,2025",5
20255,GRAN VIA DE LES CORTS CATALANES - MUNTANER (sentit Besòs),Bicis,False,1,2,10,2.162183,41.384624,2025,"2020,2021,2022,2023,2024,2025",6
20256,PSG. DEL TAULAT - JOSEP PLA (sentit Besòs),Bicis,False,1,10,72,2.218266,41.410077,2025,"2020,2021,2022,2023,2024,2025",6
20257,PSG. DEL TAULAT - RBLA. PRIM (sentit Llobregat),Bicis,False,1,10,72,2.218266,41.410077,2025,"2020,2021,2022,2023,2024,2025",6
20258,JOSEP PLA - PERE IV (sentit baixada),Bicis,False,1,10,72,2.207414,41.415139,2025,"2020,2021,2022,2023,2024,2025",6
20259,JOSEP PLA - MARROC (sentit pujada),Bicis,False,1,10,72,2.207418,41.415128,2025,"2020,2021,2022,2023,2024,2025",6
2026,C. DE SANTS - JOAN GÜELL (Sentit Hospitalet),Trànsit,True,2,3,18,2.13344096127324,41.3754717017484,2025,"2017,2018,2019,2020,2021,2022,2023,2024,2025",9
20260,PERE IV - TREBALL (sentit Besòs),Bicis,False,1,10,72,2.205326,41.412897,2025,"2020,2021,2022,2023,2024,2025",6
20261,PERE IV - SELVA DE MAR (sentit Llobregat),Bicis,False,1,10,72,2.205336,41.412903,2025,"2020,2021,2022,2023,2024,2025",6
20262,NAVAS DE TOLOSA - INDUSTRIA (sentit pujada),Bicis,False,1,9,63,2.184195,41.417367,2025,"2020,2021,2022,2023,2024,2025",6
20263,NAVAS DE TOLOSA - CONCEPCIÓ ARENAL (sentit baixada),Bicis,False,1,9,63,2.184195,41.417367,2025,"2020,2021,2022,2023,2024,2025",6
20264,ARAGÓ - COMTE D'URGELL (sentit Llobregat),Bicis,False,1,2,9,2.15506,41.38476,2025,"2021,2022,2023,2024,2025",5
20265,ARAGÓ - VILLARROEL  (sentit Llobregat),Bicis,False,1,2,9,2.15615,41.38557,2025,"2021,2022,2023,2025",4
20266,ARAGÓ - PL. DOCTOR LETAMENDI  (sentit Llobregat),Bicis,False,1,2,9,2.16023,41.38863,2025,"2021,2022,2023,2024,2025",5
20267,ARAGÓ - PG. DE GRÀCIA  (sentit Llobregat),Bicis,False,1,2,9,2.16471,41.39199,2025,"2021,2022,2023,2024,2025",5
20268,ARAGÓ - PAU CLARIS  (sentit Llobregat),Bicis,False,1,2,9,2.16631,41.39323,2025,"2021,2022,2023,2024,2025",5
20269,ARAGÓ - ROGER DE LLÚRIA  (sentit Llobregat),Bicis,False,1,2,9,2.16748,41.39407,2025,"2021,2022,2023,2024,2025",5
2027,C. DE SANTS - SANT MEDIR (Sentit Pl. Espanya),Trànsit,True,2,3,18,2.13281531900884,41.375427012794,2025,"2017,2018,2019,2020,2021,2022,2023,2024,2025",9
20270,ARAGÓ - GIRONA  (sentit Llobregat),Bicis,False,1,2,9,2.1697,41.39577,2025,"2021,2022,2025",3
20271,ARAGÓ - SICILIA  (sentit Llobregat),Bicis,False,1,2,9,2.17544,41.40005,2025,"2021,2022,2023,2025",4
20272,ARAGÓ - MARINA  (sentit baixada),Bicis,False,1,2,9,2.17758386121862,41.4016462121945,2025,"2021,2022,2024,2025",4
20273,ARAGÓ - CASTILLEJOS  (sentit Llobregat),Bicis,False,1,2,9,2.18104,41.4043,2025,"2021,2022,2023,2024,2025",5
20274,ARAGÓ - CARTAGENA  (sentit Llobregat),Bicis,False,1,2,9,2.18222,41.40518,2025,"2021,2022,2023,2024,2025",5
20275,ARAGÓ - PG. SANT JOAN  (sentit Llobregat),Bicis,False,1,2,9,2.17197,41.39746,2025,"2022,2023,2024,2025",4
20276,ARAGÓ - VILAMARÍ  (sentit Llobregat),Bicis,False,1,2,9,2.14823,41.3796,2025,"2021,2022,2023,2025",4
20278,ARAGÓ - MERIDIANA  (sentit Llobregat),Bicis,False,1,9,63,2.18662,41.408392,2025,"2021,2022,2023,2024,2025",5
20279,JOAN XXIII -MENÉNDEZ PELAYO (sentit Besòs),Bicis,False,1,4,20,2.120003,41.38131,2025,"2021,2022,2023,2024,2025",5
20280,JOAN XXIII -MARTÍ I FRANQUÉS (Llobregat),Bicis,False,1,4,20,2.12003,41.381324,2025,"2021,2022,2023,2024,2025",5
20281,GRAN VIA - CALABRIA (sentit Llobregat),Bicis,False,1,2,9,2.154894,41.379598,2025,"2022,2023,2024,2025",4
20282,GRAN VIA - CALABRIA (sentit Besòs),Bicis,False,1,2,9,2.155448,41.379564,2025,"2022,2023,2024,2025",4
20283,GRAN VIA -  ROGER DE LLÚRIA(sentit Llobregat),Bicis,False,1,2,7,2.16983,41.390831,2025,"2022,2023,2024,2025",4
20284,GRAN VIA -  ROGER DE LLÚRIA - GIR A L'ESQUERRA(sentit Llobregat),Bicis,False,1,2,7,2.169842,41.390826,2025,"2022,2023,2024,2025",4
20285,GRAN VIA - PAU CLARIS (sentit Besòs),Bicis,False,1,2,7,2.170231,41.390667,2025,"2022,2023,2024,2025",4
20286,GRAN VIA -  PAU CLARIS GIR A L'ESQUERRA (sentit Besòs),Bicis,False,1,2,7,2.171075,41.391311,2025,"2022,2023,2024,2025",4
20287,GRAN VIA -  PAU CLARIS(sentit Besòs),Bicis,False,1,2,7,2.171089,41.391296,2025,"2022,2023,2024,2025",4
20288,GRAN VIA - ROGER DE LLÚRIA (sentit Llobregat),Bicis,False,1,2,7,2.170703,41.391473,2025,"2022,2023,2024,2025",4
20289,GRAN VIA - BRUC GIR A L'ESQUERRA(sentit Besòs),Bicis,False,1,2,7,2.173368,41.393029,2025,"2022,2023,2024,2025",4
20290,GRAN VIA - BRUC (sentit Besòs),Bicis,False,1,2,7,2.173367,41.393019,2025,"2022,2023,2024,2025",4
20291,GRAN VIA - GIRONA (sentit Llobregat),Bicis,False,1,2,5,2.16245,41.398939,2025,"2022,2023,2025",3
20292,GRAN VIA - ROGER DE FLOR (sentit Besòs),Bicis,False,1,2,5,2.176963,41.395731,2025,"2022,2023,2024,2025",4
20293,GRAN VIA - NAPOLS (sentit Llobregat),Bicis,False,1,2,5,2.176654,41.395946,2025,"2022,2023,2024,2025",4
20294,GRAN VIA - MARINA (sentit Llobregat),Bicis,False,1,2,5,2.180023,41.398482,2025,"2022,2023,2024,2025",4
20295,GRAN VIA -  MARINA GIR A L'ESQUERRA (sentit Llobregat),Bicis,False,1,2,5,2.180044,41.398483,2025,"2022,2023,2024,2025",4
20296,GRAN VIA - SARDENYA (sentit Besòs),Bicis,False,1,2,5,2.18036,41.398273,2025,"2022,2023,2024,2025",4
20297,AV. DIAGONAL - JOHN MAYNARD KEYNES (sentit Besòs),Bicis,False,1,4,21,2.117067,41.386095,2025,"2022,2023,2024,2025",4
20298,AV. DIAGONAL - PERE DURAN FARELL (sentit Llobregat),Bicis,False,1,4,21,2.117055,41.386113,2025,"2022,2023,2024,2025",4
20299,AV. DIAGONAL - PERE DURAN FARELL (sentit Besòs),Bicis,False,1,4,21,2.121834,41.387295,2025,"2022,2023,2024,2025",4
20300,AV. DIAGONAL - PIUS XII (sentit Llobregat),Bicis,False,1,4,21,2.12181,41.387298,2025,"2022,2023,2024,2025",4
20301,VALENCIA - VILAMARI (sentit Besòs),Bicis,False,1,2,9,2.147355444,41.3807473584215,2025,"2022,2023,2024,2025",4
20302,VALENCIA - COMTE D'URGELL (sentit Besòs),Bicis,False,1,2,7,2.154615265,41.3861926975842,2025,"2022,2023,2024,2025",4
20303,VALENCIA - ENRIC GRANADOS (sentit Besòs),Bicis,False,1,2,7,2.160343067,41.39054558,2025,"2022,2023,2024,2025",4
20304,VALENCIA - PAU CLARIS (sentit Besòs),Bicis,False,1,2,7,2.166000278,41.3947918,2025,"2022,2023,2024,2025",4
20305,VALENCIA - PG. DE SANT JOAN (sentit Besòs),Bicis,False,1,2,7,2.171213728,41.39870726,2025,"2022,2023,2024,2025",4
20306,VALENCIA - MARINA (sentit Besòs),Bicis,False,1,2,6,2.177015678,41.40305597,2025,"2022,2023,2024,2025",4
20307,VALENCIA - INDEPENDENCIA (sentit Besòs),Bicis,False,1,10,64,2.183682021,41.40805486,2025,"2022,2023,2025",3
20308,DIPUTACIO - PAU CLARIS (sentit Llobregat),Bicis,False,1,2,7,2.168132219,41.39133165,2025,"2022,2023,2024,2025",4
20309,GRAN VIA - VILAMARI (sentit Besòs),Bicis,False,1,2,9,2.152297366,41.37714291,2025,"2022,2023,2024,2025",4
20310,GRAN VIA - COMTE D'URGELL (sentit Besòs),Bicis,False,1,2,7,2.159071188,41.38228875,2025,"2022,2023,2024,2025",4
20311,GRAN VIA - PLAÇA UNIVERSITAT (sentit Besòs),Bicis,False,1,2,10,2.16525919,41.38693706,2025,"2022,2023,2024,2025",4
20312,GRAN VIA - ENTENÇA (sentit Llobregat),Bicis,False,1,2,9,2.15199944,41.37743803,2025,"2022,2023,2024,2025",4
20313,GRAN VIA - COMTE D'URGELL (sentit Llobregat),Bicis,False,1,2,7,2.16525919,41.38693706,2025,"2022,2023,2024,2025",4
20314,GRAN VIA - BALMES (sentit Llobregat),Bicis,False,1,2,7,2.164903462,41.38712684,2025,"2022,2023,2024,2025",4
20315,ROGER DE LLURIA - CASP (sentit muntanya),Bicis,False,1,2,7,2.17185617,41.39081284,2025,"2022,2023,2024,2025",4
20316,ROGER DE LLURIA - CONSELL DE CENT (sentit muntanya),Bicis,False,1,2,7,2.168354118,41.39350901,2025,"2022,2023,2024,2025",4
20317,ROGER DE LLURIA - MALLORCA (sentit muntaya),Bicis,False,1,2,7,2.164415194,41.39640114,2025,"2022,2023,2024,2025",4
20318,PAU CLARIS - MALLORCA (sentit mar),Bicis,False,1,2,7,2.164955291,41.39445332,2025,"2022,2023,2024,2025",4
20319,PAU CLARIS - ARAGÓ (sentit mar),Bicis,False,1,2,7,2.167285357,41.39270654,2025,"2022,2023,2024,2025",4
20320,PAU CLARIS - GRAN VIA (sentit mar),Bicis,False,1,2,7,2.170332799,41.39042374,2025,"2022,2023,2024,2025",4
20323,COMTE D'URGELL - FLORIDABLANCA (sentit muntanya),Bicis,False,1,2,10,2.16051351,41.38043903,2025,"2022,2023,2024,2025",4
20324,COMTE D'URGELL - SEPULVEDA (sentit mar),Bicis,False,1,2,10,2.16051351,41.38043903,2025,"2022,2023,2024,2025",4
20327,AV. DIAGONAL - VILLARROEL (sentit Besòs),Bicis,False,1,2,9,2.147677859,41.39335882,2025,"2022,2023,2024,2025",4
20328,AV. DIAGONAL - CASANOVA (sentit Llobregat),Bicis,False,1,2,9,2.145886677,41.39324797,2025,"2022,2023,2024,2025",4
20329,AV. DIAGONAL - RAMBLA CATALUNYA  (sentit Besòs),Bicis,False,1,2,7,2.158340461,41.39617254,2025,"2022,2023,2024,2025",4
20330,AV. DIAGONAL - PSG. DE GRÀCIA (sentit Llobregat),Bicis,False,1,2,7,2.159028321,41.39652908,2025,"2022,2023,2024,2025",4
20331,PROVENÇA - COMTE D'URGELL (sentit Llobregat),Bicis,False,1,2,7,2.151314603,41.38701598,2025,"2022,2023,2024,2025",4
20332,MERIDIANA - NACIÓ (sentit Llobergat),Bicis,False,1,9,63,2.186896,41.412232,2025,"2023,2024,2025",3
20333,INDUSTRIA - MARINA (sentit Besòs),Bicis,False,1,2,6,2.171297321,41.4072629,2025,"2022,2023,2024,2025",4
20334,CASTILLEJOS - MALLORCA (sentit mar),Bicis,False,1,2,6,2.179777231,41.40549341,2025,"2022,2023,2025",3
20336,PAU CLARIS - AV. DIAGONAL (sentit mar),Bicis,False,1,2,7,2.161734,41.396874,2025,"2022,2023,2024,2025",4
20337,AV. DIAGONAL - PG. DE  GRACIA (sentit Besòs),Bicis,False,1,2,7,2.161439,41.396856,2025,"2022,2023,2024,2025",4
20338,PROVENÇA - BRUC (sentit Llobregat),Bicis,False,1,2,7,2.165146,41.397421,2025,"2022,2023,2024,2025",4
20339,PROVENÇA - ROGER DE LLURIA (sentit Besòs),Bicis,False,1,2,7,2.165132,41.397427,2025,"2022,2023,2024,2025",4
20340,AV. DIAGONAL - ROGER DE LLURIA (sentit Besòs),Bicis,False,1,2,7,2.164752,41.39769,2025,"2022,2023,2024,2025",4
20341,AV. DIAGONAL - BRUC (sentit Llobregat),Bicis,False,1,2,7,2.164504,41.397961,2025,"2022,2023,2024,2025",4
20342,PROVENÇA - GIRONA (sentit Besòs),Bicis,False,1,2,7,2.16660932846368,41.3985521195798,2025,"2022,2023,2024,2025",4
20343,PROVENÇA - BAILEN (sentit Llobregat),Bicis,False,1,2,7,2.1666096489821,41.3985584130387,2025,"2023,2025",2
20344,AV. DIAGONAL - BRUC  (sentit Besòs),Bicis,False,1,2,7,2.16646748178427,41.3980984796905,2025,"2023,2025",2
20345,AV. DIAGONAL - GIRONA (sentit Llobregat),Bicis,False,1,2,7,2.1662087572298,41.3983802546398,2025,"2023,2025",2
20346,RONDA GUINARDO - CARTAGENA 1 (sentit Besòs),Bicis,False,1,7,35,2.171325,41.414437,2025,"2022,2023,2024,2025",4
20347,RONDA GUINARDO - TORRENT MELIS 2 (sentit Llobregat),Bicis,False,1,7,35,2.171452,41.414098,2025,"2022,2023,2024,2025",4
20348,RONDA GUINARDO - CARTAGENA 2 (sentit Besòs),Bicis,False,1,7,35,2.172347,41.414758,2025,"2022,2023,2024,2025",4
20349,RONDA GUINARDÓ - TORRENT DE MELIS 1 (sentit Llobregat),Bicis,False,1,7,35,2.172645,41.415425,2025,"2022,2023,2024,2025",4
20351,RONDA GUINARDO - VINYALS (sentit Llobregat),Bicis,False,1,7,35,2.176217,41.418612,2025,"2022,2023,2024,2025",4
20352,MERIDIANA - MALLORCA (sentit Besòs),Bicis,False,1,9,63,2.186933,41.412259,2025,"2022,2023,2024,2025",4
20353,MERIDIANA - PALÈNCIA (sentit Llobregat),Bicis,False,1,9,61,2.186898,41.415573,2025,"2024,2025",2
20354,MERIDIANA - NAVAS DE TOLOSA (sentit Besòs),Bicis,False,1,9,63,2.186936,41.415629,2025,"2024,2025",2
20355,MERIDIANA - NAVAS DE TOLOSA (sentit Llobregat),Bicis,False,1,9,63,2.18693,41.415601,2025,"2022,2023,2024,2025",4
20356,MERIDIANA - TOMÀS PADRÓ (sentit Besòs),Bicis,False,1,9,63,2.186896,41.415148,2025,"2022,2023,2024,2025",4
20357,NAVAS DE TOLOSA - RIPOLLÈS (sentit mar),Bicis,False,1,9,63,2.186519,41.415598,2025,"2022,2023,2024,2025",4
20358,NAVAS DE TOLOSA - MERIDIANA (sentit muntanya),Bicis,False,1,9,63,2.186538,41.415603,2025,"2022,2023,2024,2025",4
20359,NAVAS DE TOLOSA - MERIDIANA (sentit mar),Bicis,False,1,9,63,2.187239,41.415054,2025,"2022,2023,2024,2025",4
20360,NAVAS DE TOLOSA - BOFARULL (sentit muntanya),Bicis,False,1,9,63,2.187204,41.415085,2025,"2022,2023,2024,2025",4
20363,TRINXANT - DEGÀ BAHÍ (sentit mar),Bicis,False,1,9,63,2.186347,41.414053,2025,"2022,2023,2024,2025",4
20364,MERIDIANA - TOMÀS PADRÓ (sentit Llobregat),Bicis,False,1,9,63,2.186886,41.414111,2025,"2022,2023,2024,2025",4
20365,MERIDIANA - TRINXANT (sentit Besòs),Bicis,False,1,9,63,2.18693,41.414131,2025,"2022,2023,2024,2025",4
20366,MERIDIANA - TRINXANT (sentit Llobregat),Bicis,False,1,9,63,2.186894,41.413755,2025,"2022,2023,2024,2025",4
20367,MERIDIANA - SOSPIR (sentit Besòs),Bicis,False,1,9,63,2.186936,41.413783,2025,"2022,2023,2024,2025",4
20368,MURCIA - NAVAS DE TOLOSA (sentit Llobregat),Bicis,False,1,9,63,2.187268,41.414128,2025,"2022,2023,2024,2025",4
20369,MURCIA - MERIDIANA (sentit Besòs),Bicis,False,1,9,63,2.187304,41.414118,2025,"2022,2023,2024,2025",4
20370,MANSO - VILADOMAT,Bicis,False,1,2,10,2.15957977454039,41.3759071488033,2025,"2022,2023,2024,2025",4
20371,MANSO - CALABRIA,Bicis,False,1,2,10,2.16245,41.398939,2025,"2022,2023,2024,2025",4
20372,CALABRIA - MANSO (sentit baixada),Bicis,False,1,2,10,2.15959035808137,41.3764893337678,2025,"2022,2023,2024,2025",4
20373,CALABRIA - PARLAMENT (sentit pujada),Bicis,False,1,2,10,2.16070034991054,41.3754437358639,2025,"2022,2023,2024,2025",4
20382,AV. JOAN XXIII - DR. SALVADOR CARDENAL (sentit muntanya),Bicis,False,1,4,20,2.16245,41.398939,2025,2025,1
20383,AV. JOAN XXIII - AV. DIAGONAL (sentit mar),Bicis,False,1,4,20,2.16245,41.398939,2025,2025,1
20384,GRAN DE LA SAGRERA - PALENCIA (sentit Llobregat),Bicis,False,1,9,61,2.191383,41.416555,2025,"2023,2024,2025",3
20385,GRAN DE LA SAGRERA - FELIP II (sentit Besòs),Bicis,False,1,9,61,2.19141,41.416556,2025,"2023,2024,2025",3
20386,BERENGUER DE PALOU - CAMP DEL FERRO (sentit Llobregat),Bicis,False,1,9,61,2.19163,41.426031,2025,"2023,2024,2025",3
20387,BERENGUER DE PALOU - PORTUGAL (sentit Besòs),Bicis,False,1,9,61,2.191643,41.426043,2025,"2023,2024,2025",3
20388,PARE MANYANET - VIRGILI (sentit Llobregat),Bicis,False,1,9,60,2.192595,41.427966,2025,"2023,2024,2025",3
20389,PARE MANYANET - SANTA COLOMA (sentit Besòs),Bicis,False,1,9,60,2.192625,41.427962,2025,"2023,2024,2025",3
20390,MALLORCA - BISCAIA,Bicis,False,1,10,65,2.18998,41.414358,2025,"2023,2024,2025",3
20391,MALLORCA - NAVAS DE TOLOSA,Bicis,False,1,10,65,2.188842,41.413482,2025,"2023,2024,2025",3
20397,AV. VALLCARCA - BALLESTER,Bicis,False,1,6,28,2.14829,41.409182,2025,"2023,2024,2025",3
20398,VIA AUGUSTA - MODOLELL ( sentit pujada),Bicis,False,1,5,26,2.13705166293246,41.3978177127565,2025,"2023,2024,2025",3
20399,VIA AUGUSTA - AMIGÓ ( sentit baixada),Bicis,False,1,5,26,2.1415638908826,41.398140808461,2025,"2023,2024,2025",3
20400,VIA AUGUSTA - ARIBAU ( sentit Pl. Molina),Bicis,False,1,5,26,2.14547737379229,41.4002711868881,2025,"2023,2024,2025",3
20401,VIA AUGUSTA - BRUSI ( sentit Rda. General Mitre),Bicis,False,1,5,26,2.14542034210574,41.4003389433751,2025,"2023,2024,2025",3
20402,VIA AUGUSTA - MADRAZO (sentit baixada),Bicis,False,1,5,26,2.15002804635881,41.4008790160012,2025,"2023,2024,2025",3
20403,VIA AUGUSTA - LA FORJA ( sentit pujada),Bicis,False,1,5,27,2.15140595315426,41.4004281056814,2025,"2023,2024,2025",3
20404,VIA AUGUSTA - PG. DE LA BONANOVA ( sentit pujada),Bicis,False,1,5,23,2.12196626992046,41.4016942316379,2025,"2023,2024,2025",3
20405,VIA AUGUSTA -PG. DE LA BONANOVA ( sentit baixada),Bicis,False,1,5,23,2.12344841082508,41.3999652253762,2025,"2023,2024,2025",3
20406,VIA AUGUSTA - DOCTOR ROUX ( sentit baixada),Bicis,False,1,5,24,2.13069145701489,41.3977356750555,2025,"2023,2024,2025",3
20407,NUMÀNCIA - SOLÀ (sentit pujada),Bicis,False,1,4,19,2.13362852330936,41.3887759309076,2025,"2023,2024,2025",3
20408,NUMÀNCIA - ANGLESOLA (sentit baixada),Bicis,False,1,4,19,2.13364324745088,41.3886046666142,2025,"2023,2024,2025",3
20409,INDEPENDENCIA - VALENCIA ,Bicis,False,1,10,64,2.1829819951681,41.4080138271322,2025,"2024,2025",2
20411,INDEPENDÈNCIA - CÒRSEGA (sentit pujada),Bicis,False,1,10,64,2.178603,41.411454,2025,2025,1
20412,MALLORCA - CALÀBRIA ,Bicis,False,1,2,9,2.14937678481488,41.3838774130708,2025,"2023,2024,2025",3
20413,CALÀBRIA - PROVENÇA ( sentit baixada),Bicis,False,1,2,9,2.149129435047,41.3841064658501,2025,"2023,2024,2025",3
20414,CALÀBRIA- MALLORCA ( sentit pujada),Bicis,False,1,2,9,2.14914217553904,41.3841130063012,2025,"2023,2024,2025",3
20415,MALLORCA - COMTE BORREL ,Bicis,False,1,2,9,2.15149118713436,41.3854344744364,2025,"2024,2025",2
20416,CÒRSEGA - CARTAGENA,Bicis,False,1,2,6,2.176116,41.409136,2025,"2023,2024,2025",3
20417,INDEPENDÈNCIA / CONSELL DE CENT,Bicis,False,1,10,65,2.16245,41.398939,2025,2025,1
20418,GRAN VIA DE LES CORTS CATALANES - PL. D'ILDEFONS CERDÀ ,Bicis,False,1,3,16,2.13601828316557,41.3649693201863,2025,"2024,2025",2
20419,GRAN VIA DE LES CORTS CATALANES - MOSSEN AMADEU OLLER ,Bicis,False,1,3,16,2.13916944599853,41.3677148356299,2025,"2024,2025",2
20420,MALLORCA - BAILEN,Bicis,False,1,2,7,2.1676659644503,41.3976409012044,2025,"2024,2025",2
20421,MALLORCA - PAU CLARIS,Bicis,False,1,2,7,2.16301238970883,41.3941318960281,2025,"2024,2025",2
20422,MALLORCA - VILLARROEL,Bicis,False,1,2,7,2.15311922150181,41.3866870857951,2025,"2024,2025",2
20423,VIA LAIETANA - PL. ANTONI MAURA (sentit pujada),Bicis,False,1,1,2,2.17577944628798,41.3862530741907,2025,"2024,2025",2
20424,VIA LAIETANA - RAMON MAS ( sentit pujada),Bicis,False,1,1,2,2.17407745808794,41.3875589347975,2025,"2024,2025",2
20425,AV. DIAGONAL SARDENYA ( sentit Besòs),Bicis,False,1,2,7,2.17729368008245,41.4011610932559,2025,"2024,2025",2
20426,MARINA - ARAGÓ ( sentit bajada),Bicis,False,1,2,7,2.17813956742837,41.4015964200958,2025,"2024,2025",2
20427,MARINA - AV. DIAGONAL ( sentit pujada),Bicis,False,1,2,7,2.17815663690239,41.4016006879915,2025,"2024,2025",2
20428,SICILIA - VALENCIA ( sentit baixada),Bicis,False,1,2,6,2.17464126296063,41.4006576925941,2025,"2024,2025",2
20429,SICILIA - AV. DIAGONAL ( sentit pujada),Bicis,False,1,2,6,2.17462718136416,41.4006737880663,2025,"2024,2025",2
20430,AV. DIAGONAL - SICILIA ( sentit Llobregat),Bicis,False,1,2,6,2.17394590027797,41.4002165744989,2025,"2024,2025",2
20431,AV. DIAGONAL - NÀPOLS ( sentit Besòs),Bicis,False,1,2,7,2.17394791193461,41.4002100356678,2025,"2024,2025",2
20432,FELIP II - MERIDIANA ( sentit baixada),Bicis,False,1,9,63,2.187373,41.419931,2025,"2024,2025",2
20433,FELIP II - JOSEP ESTIVILL ( sentit pujada),Bicis,False,1,9,63,2.18738,41.419942,2025,"2024,2025",2
20434,MERIDIANA - ESPRONCEDA ( sentit Fabra i Puig),Bicis,False,1,9,63,2.186946,41.419879,2025,"2024,2025",2
20435,MERIDIANA - SANT ANTONI MARIA CLARET ( sentit Glòries),Bicis,False,1,9,63,2.186912,41.41986,2025,"2024,2025",2
20436,TRAV. DE LES CORTS - CORTS ( sentit Llobregat),Bicis,False,1,4,19,2.12967569616695,41.3834385056619,2025,"2024,2025",2
20437,TRAV. DE LES CORTS - GRAN VIA ( sentit Besòs),Bicis,False,1,4,19,2.12964312302072,41.383393536591,2025,"2024,2025",2
20438,PI I MARAGALL - SARDENYA (sentit muntanya),Bicis,False,1,7,33,2.164356,41.410294,2025,"2024,2025",2
20439,PSG. JOAN DE BORBÓ - L'ESCAR (sentit Besòs),Bicis,False,1,1,3,2.18870268842249,41.3762899098253,2025,"2024,2025",2
20440,PSG. JOAN DE BORBÓ - JUDICI (sentit Llobregat),Bicis,False,1,1,3,2.18868963820069,41.3762866119399,2025,"2024,2025",2
20441,PSG. JOAN DE BORBÓ - MAQUINISTA (sentit Besòs),Bicis,False,1,1,3,2.18706776447472,41.3804348304686,2025,"2024,2025",2
20442,PSG. JOAN DE BORBÓ - PL. PAU VILA (sentit Llobregat),Bicis,False,1,1,3,2.18705342701576,41.3804384164433,2025,"2024,2025",2
20443,SANTANDER - MARE DE DEU DE MONTSERRAT (sentit Llobregat),Bicis,False,1,9,59,2.204571,41.430636,2025,"2024,2025",2
20444,SANTANDER - CANEM (sentit Besòs),Bicis,False,1,9,59,2.204724,41.430582,2025,"2024,2025",2
20445,PG. ZONA FRANCA - FOC ( sentit pujada),Bicis,False,1,3,13,2.14175704038939,41.3566293654696,2025,"2024,2025",2
20446,PG. ZONA FRANCA - ESTANY ( sentit baixada),Bicis,False,1,3,13,2.14151295938388,41.356528700555,2025,"2024,2025",2
20447,AV. DIAGONAL - ROGER DE FLOR (sentit Llobregat),Bicis,False,1,2,8,2.17042761623137,41.3993653061227,2025,2025,1
20448,AV. DIAGONAL - PL. MOSSÈN JACINT VERDAGUER (sentit Besòs),Bicis,False,1,2,8,2.17043631221824,41.3993457370598,2025,2025,1
20449,PSG. SANT JOAN - PL. MOSSÈN JACINT VERDAGUER (sentit baixada),Bicis,False,1,2,8,2.17028140966607,41.3988610602303,2025,2025,1
20450,PSG. SANT JOAN - VALÈNCIA (sentit pujada),Bicis,False,1,2,8,2.17032184835822,41.3988644131257,2025,2025,1
20451,AV. DIAGONAL - PADILLA (sentit Llobregat),Bicis,False,1,2,6,2.16245,41.398939,2025,2025,1
20452,AV. DIAGONAL - LEPANT (sentit Besòs),Bicis,False,1,2,6,2.16245,41.398939,2025,2025,1
20453,AV. DIAGONAL - RAMBLA DELS ENCANTS (sentit Llobregat),Bicis,False,1,2,6,2.18493551015854,41.4027427159669,2025,2025,1
20454,AV. DIAGONAL - CASTILLEJOS (sentit Besòs),Bicis,False,1,2,6,2.18493282794952,41.4027409555808,2025,2025,1
20455,CASTILLEJOS - CONSELL DE CENT (sentit mar),Bicis,False,1,2,6,2.18322694301605,41.4028010601637,2025,2025,1
20456,CONCEPCIÓ ARENAL - CIENFUEGOS (sentit Llobregat),Bicis,False,1,9,62,2.184105,41.423847,2025,2025,1
20457,CONCEPCIÓ ARENAL - GARCILASO (sentit Besòs),Bicis,False,1,9,62,2.184098,41.423853,2025,2025,1
20458,ESCÒCIA - MALGRAT,Bicis,False,1,8,44,2.180297,41.428702,2025,2025,1
21-SMD-1,"RONDA DE DALT -- C32 PK 63,3 (Llobregat)( DIAGONAL )",Rondes,False,2,0,0,2.10322632123166,41.3829888838936,2025,"2018,2019,2020,2021,2022,2023,2024,2025",8
21-SMD-2,"RONDA DE DALT - C32 PK 63,3 (Trinitat)( DIAGONAL )",Rondes,False,2,0,0,2.10322632123166,41.3829888838936,2025,"2018,2019,2020,2021,2022,2023,2024,2025",8
3-SMD-1,RONDA DE DALT - VIA JÚLIA (Llobregat),Rondes,False,3,0,0,2.18162280098045,41.446439639782,2025,"2018,2019,2020,2022,2023,2024,2025",7
3-SMD-2,RONDA DE DALT - VIA JÚLIA (Trinitat),Rondes,False,3,0,0,2.18125820159912,41.4462931397116,2025,"2018,2019,2020,2022,2023,2024,2025",7
30001,TUNEL GLÒRIES SENTIT LLOBREGAT - BOCA ENTRADA,Trànsit,True,3,10,65,2.193663418293,41.4085436834747,2025,"2022,2023,2024,2025",4
30002,TUNEL GLÒRIES SENTIT BESÒS - BOCA ENTRADA,Trànsit,True,3,2,5,2.18461096286774,41.4016019757999,2025,"2022,2023,2024,2025",4
30005,TUNEL GLÒRIES SENTIT BESÒS - SORTIDA BILBAO,Trànsit,True,1,10,68,2.19337,41.408088,2025,"2022,2023,2024,2025",4
3001,PG. MANUEL GIRONA - BENET I MATEU (sentit Llobregat),Trànsit,True,4,3,11,2.151344122,41.375071194,2019,"2017,2018,2019,2020,2021",5
3003,GRAN VIA - VILAMARÍ  (sentit Besòs),Trànsit,True,5,2,9,2.15225172788928,41.3773556078136,2025,"2017,2018,2019,2020,2021,2022,2023,2024,2025",9
3004,GRAN VIA - ROCAFORT  (sentit Besòs),Trànsit,True,5,2,9,2.15453692917648,41.3790627934243,2025,"2017,2018,2019,2020,2021,2022,2023,2024,2025",9
3005,RONDA SANT ANTONI - PL. PES DE LA PALLA (Sentit Urgell),trànsit,True,2,2,10,2.163349079,41.380996415,2017,2017,1
3006,GRAN VIA - VILADOMAT  (sentit Besòs),Trànsit,True,5,2,9,2.15681723918066,41.3807773965116,2025,"2017,2018,2019,2020,2021,2022,2023,2024,2025",9
3007,GRAN VIA - FARELL (Sortida),Trànsit,True,3,3,15,2.14429511912127,41.3714598785271,2025,"2017,2018,2019,2020,2021,2022,2023,2024,2025",9
3008,GRAN VIA - MOIANÈS (Sortida),Trànsit,True,3,3,15,2.14132174763906,41.3691598112449,2025,"2017,2018,2019,2020,2021,2022,2023,2024,2025",9
3009,GRAN VIA - QUÍMICA (Entrada),Trànsit,True,2,3,13,2.13777851988968,41.3664402946205,2024,"2017,2018,2020,2021,2022,2023,2024",7
3010,ENTENÇA - SEPÚLVEDA  (sentit muntanya),Trànsit,True,3,2,10,2.15377313964144,41.3772231725479,2025,"2017,2018,2019,2020,2021,2022,2023,2024,2025",9
3011,GRAN VIA - TRAJÀ (Entrada),Trànsit,True,3,3,16,2.14166976251838,41.3692427641998,2025,"2017,2020,2021,2022,2023,2024,2025",7
3012,SEPÚLVEDA - COMTE BORRELL  (sentit Llobregat),Trànsit,True,3,2,10,2.15830635936938,41.3800228406693,2025,"2017,2018,2019,2020,2021,2022,2023,2024,2025",9
3013,VILLARROEL - GRAN VIA  (sentit mar),Trànsit,True,2,2,8,2.16051119824691,41.3823690318997,2025,"2017,2018,2019,2020,2021,2022,2023,2024,2025",9
3014,SEPÚLVEDA - CASANOVA  (sentit Llobregat),Trànsit,True,3,2,10,2.16147246025133,41.3824189800132,2025,"2017,2018,2019,2020,2021,2022,2023,2024,2025",9
3015,CASANOVA - SEPÚLVEDA  (sentit muntanya),Trànsit,True,2,2,10,2.16165673159081,41.3832214330662,2025,"2017,2018,2019,2020,2021,2022,2023,2024,2025",9
3016,GRAN VIA - MÈXIC (Lateral Entrada),Trànsit,True,1,3,11,2.14780545152451,41.3737883667861,2024,"2017,2018,2019,2020,2021,2022,2023,2024",8
3017,GRAN VIA - QUÍMICA (Sortida),Trànsit,True,2,3,13,2.1377325012082,41.3664811613027,2025,"2017,2018,2019,2020,2021,2022,2023,2024,2025",9
3018,COMTE URGELL- FLORIDABLANCA,Trànsit,True,3,2,10,2.16047984134544,41.3807267821097,2025,"2017,2018,2019,2020,2021,2022,2023,2024,2025",9
3020,AV. PARAL·LEL - LLEIDA (Baixada),Trànsit,True,3,2,10,2.15475489159659,41.3749336247802,2025,"2017,2018,2019,2020,2021,2022,2023,2024,2025",9
3021,CREU COBERTA - BÉJAR (Baixada),Trànsit,True,2,3,15,2.14676982982649,41.3751288229608,2025,"2017,2018,2019,2020,2021,2022,2023,2024,2025",9
3022,CREU COBERTA - PL. ESPANYA (Pujada),Trànsit,True,2,3,11,2.1467520255421,41.3752006812414,2025,"2017,2018,2019,2020,2021,2022,2023,2024,2025",9
3024,ROCAFORT - TAMARIT (mar),Trànsit,True,2,2,10,2.15788193499247,41.3757853800346,2025,"2017,2019,2020,2021,2022,2023,2024,2025",8
3026,AV. PARAL·LEL - ENTENÇA (Mar),Trànsit,True,3,3,11,2.156378628652,41.3749387606281,2025,"2017,2018,2019,2020,2021,2022,2023,2024,2025",9
3027,AV. PARAL·LEL - COMTE BORRELL (Muntanya),Trànsit,True,3,3,11,2.16545762827654,41.375002586274,2025,"2017,2019,2020,2021,2022,2023,2024,2025",8
3028,AV. PARAL·LEL -  JAUME FABRA (Pujada),Trànsit,True,3,3,11,2.16029419260348,41.375029348858,2025,"2017,2019,2020,2021,2022,2023,2024,2025",8
3029,RONDA DE SANT PAU - MARQUES DE CAMPO SAGRADO  (sentit muntanya),Trànsit,True,3,2,10,2.1651407805836,41.3771536877082,2025,"2017,2018,2019,2020,2021,2022,2023,2024,2025",9
3030,VILADOMAT - PARLAMENT  (sentit mar),Trànsit,True,3,2,10,2.16244637583804,41.3757914645701,2025,"2017,2018,2019,2020,2021,2022,2023,2024,2025",9
3031,FLORIDABLANCA - ROCAFORT  (sentit Besòs),Trànsit,True,3,2,10,2.15697555342451,41.3773211414533,2025,"2017,2018,2019,2020,2021,2022,2023,2024,2025",9
3032,COMTE BORRELL- MARQUÈS DE CAMPO SAGRADO  (sentit mar),Trànsit,True,1,2,10,2.16475845609665,41.3757177171978,2025,"2017,2018,2019,2020,2021,2022,2023,2024,2025",9
3033,SEPULVEDA - ENTENÇA  (sentit Llobregat),Trànsit,True,3,2,10,2.15355004884416,41.3764072022776,2025,"2017,2018,2019,2020,2021,2022,2023,2024,2025",9
3034,AV. PARAL·LEL - RONDA SANT PAU (Baixada),Trànsit,True,3,3,11,2.16831302975081,41.3748330708772,2025,"2017,2018,2019,2020,2021,2022,2023,2024,2025",9
3036,AV. PARAL·LEL - ABAT SAFONT (Pujada),Trànsit,True,3,3,11,2.16948927505589,41.3749768556568,2025,"2017,2018,2019,2020,2021,2022,2023,2024,2025",9
34-SMD-1,RONDA LITORAL - BELLVITGE (Trinitat),Rondes,False,3,0,0,2.12131081405706,41.3401824078165,2025,"2018,2020,2021,2022,2023,2024,2025",7
34-SMD-2,RONDA LITORAL - BELLVITGE (Llobregat),Rondes,False,3,0,0,2.12131081405706,41.3401824078165,2025,"2018,2019,2020,2021,2022,2023,2024,2025",8
36-SMD-1,RONDA LITORAL - ZONA FRANCA (Trinitat),Rondes,False,3,0,0,2.1367,41.3452,2025,"2019,2020,2021,2022,2023,2024,2025",7
36-SMD-2,RONDA LITORAL - ZONA FRANCA (Llobregat),Rondes,False,3,0,0,2.1372,41.3457,2025,"2018,2019,2020,2021,2022,2023,2024,2025",8
37-SMD-1,"RONDA LITORAL  PK 15,0 (SENTIDO TRINIDAD)",Rondes,False,2,0,0,2.14534890040515,41.348566734648,2025,"2018,2019,2020,2021,2022,2023,2024,2025",8
37-SMD-2,"RONDA LITORAL PK 15,0 (SENTIDO LLOBREGAT)",Rondes,False,2,0,0,2.1454798790795,41.3488048460894,2025,"2018,2019,2020,2021,2022,2023,2024,2025",8
38-SMD-1,"RONDA LITORAL PK 14,5 (SENTIDO TRINIDAD)",Rondes,False,3,0,0,2.15638223838286,41.3523950008803,2025,"2019,2020,2021,2022,2023,2024,2025",7
38-SMD-2,"RONDA LITORAL PK 14,5(SENTIDO LLOBREGAT)",Rondes,False,3,0,0,2.15629176127651,41.3525212979956,2025,"2019,2020,2021,2022,2023,2024,2025",7
39-SMD-1,RONDA LITORAL - CEMENTIRI MONTJUÏC (Trinitat),Rondes,False,2,0,0,2.1596455417355,41.3548551164298,2025,"2018,2019,2020,2021,2022,2023,2024,2025",8
39-SMD-2,RONDA LITORAL - CEMENTIRI MONTJUÏC (Llobregat),Rondes,False,2,0,0,2.1596455417355,41.3548551164298,2025,"2018,2019,2020,2021,2022,2023,2024,2025",8
40-SMD-1,"RONDA LITORAL - MORROT  PK 12,6 (Trinitat)",Rondes,False,3,0,0,2.16553875984443,41.3597324735794,2025,"2023,2024,2025",3
40-SMD-2,"RONDA LITORAL - MORROT PK 12,6 (Llobregat)",Rondes,False,3,0,0,2.16539829579502,41.3596554186853,2025,"2023,2024,2025",3
4001,URGELL - BUENOS AIRES  (sentit mar),Trànsit,True,3,2,8,2.14641817842831,41.3912813283886,2025,"2017,2018,2019,2020,2021,2022,2023,2024,2025",9
4002,MUNTANER - CONSELL DE CENT  (sentit mar),Trànsit,True,4,2,8,2.15999405057183,41.3861943064478,2025,"2017,2018,2019,2020,2021,2022,2023,2024,2025",9
4003,ARIBAU - CÒRSEGA  (sentit muntanya),Trànsit,True,4,2,8,2.15359903533125,41.3927377009934,2025,"2017,2018,2019,2020,2021,2022,2023,2024,2025",9
4004,COMTE URGELL - ROSSELLÓ,Trànsit,True,3,2,8,2.14990520386567,41.3886720676745,2024,"2017,2018,2019,2020,2021,2022,2023,2024",8
4005,AV. DIAGONAL - RAMBLA CATALUNYA (Pujada),Trànsit,True,3,2,7,2.15651996801086,41.3958138514847,2025,"2017,2019,2020,2021,2022,2023,2024,2025",8
4006,PARÍS - VILLARROEL,Trànsit,True,3,2,8,2.14982266490774,41.3910511523403,2025,"2017,2018,2019,2020,2021,2022,2023,2024,2025",9
4007,AV. DIAGONAL - RAMBLA CATALUNYA (Baixada),Trànsit,True,3,2,7,2.15750682596104,41.3959672761549,2025,"2017,2019,2020,2021,2022,2023,2024,2025",8
4008,MALLORCA - CASANOVA  (sentit Llobregat),Trànsit,True,4,2,8,2.15472723259061,41.3879004980236,2025,"2017,2018,2019,2020,2021,2022,2023,2024,2025",9
4009,PG. SANT JOAN - CASP (Baixada),Trànsit,True,2,2,5,2.17714968432596,41.3936149393821,2025,"2017,2018,2019,2020,2021,2022,2023,2024,2025",9
4010,PG. SANT JOAN - VALÈNCIA (Baixada),Trànsit,True,3,2,7,2.17128708260538,41.3980800150532,2025,"2017,2018,2019,2020,2021,2022,2023,2024,2025",9
4011,CASANOVA - PARÍS  (sentit muntanya),Trànsit,True,3,2,8,2.15007571947828,41.3919934955964,2025,"2017,2018,2019,2020,2021,2022,2023,2024,2025",9
4012,LONDRES - CASANOVA,Trànsit,True,1,2,8,2.1490220490932,41.3921410662462,2025,"2017,2018,2019,2020,2021,2022,2023,2024,2025",9
4013,SARDENYA - CONSELL DE CENT  (sentit mar),Trànsit,True,2,2,5,2.17812842998448,41.3997627169729,2025,"2017,2018,2019,2020,2021,2022,2023,2024,2025",9
4014,AV. DIAGONAL - MUNTANER (Baixada),Trànsit,True,2,2,8,2.15026113948453,41.3941742332562,2025,"2017,2019,2020,2021,2022,2023,2024,2025",8
4015,MUNTANER - ROSSELLÓ  (sentit mar),Trànsit,True,4,2,8,2.1544218274295,41.3903713401314,2025,"2017,2018,2019,2020,2021,2022,2023,2024,2025",9
4016,AV. MERIDIANA - CASTILLEJOS (Pujada),Trànsit,True,1,10,66,2.187033963,41.400338833,2019,"2017,2018,2019,2021,2022,2023",6
4017,AV. DIAGONAL - TUSET (Pujada),Trànsit,True,3,2,8,2.15267479025878,41.3948599364483,2025,"2017,2019,2020,2021,2022,2023,2024,2025",8
4018,AV. MERIDIANA - LEPANT (Baixada),Trànsit,True,2,10,66,2.18674524208719,41.396298174752,2025,"2017,2018,2019,2020,2021,2022,2023,2024,2025",9
4019,MARINA - DIPUTACIÓ (pujada),Trànsit,True,5,2,5,2.17953138379849,41.4004509378448,2025,"2017,2018,2019,2020,2021,2022,2023,2024,2025",9
4020,MARINA - GRAN VIA (Baixada),Trànsit,True,2,2,5,2.1817417074382,41.3986563805349,2025,"2017,2018,2019,2020,2021,2022,2023,2024,2025",9
4021,COMTE URGELL- DIPUTACIÓ  (sentit muntanya),Trànsit,True,4,2,8,2.15691662946976,41.3833604302786,2025,"2017,2018,2019,2020,2021,2022,2023,2024,2025",9
4022,PG. SANT JOAN - PROVENÇA (Pujada),Trànsit,True,1,2,7,2.16832144526965,41.4004685521516,2025,"2017,2018,2019,2020,2021,2022,2023,2024,2025",9
4023,GRAN VIA - VILLARROEL (sentit Besòs),Trànsit,True,5,2,8,2.16016961309645,41.3833263269611,2025,"2017,2018,2019,2020,2021,2022,2023,2024,2025",9
4024,AV. DIAGONAL - BAILÉN (Pujada),Trànsit,True,2,2,7,2.167734164,41.398633454,2019,"2017,2018,2019,2020",4
4025,AV. DIAGONAL - GIRONA (Baixada),Trànsit,True,2,2,7,2.167817154,41.398487563,2019,"2017,2018,2019,2020",4
4026,PG. SANT JOAN - DIPUTACIÓ (Pujada),Trànsit,True,2,2,7,2.17373623397117,41.396386975798,2025,"2017,2018,2019,2020,2021,2022,2023,2024,2025",9
4027,MUNTANER - MALLORCA  (sentit mar),Trànsit,True,4,2,8,2.15649696883514,41.38881165047,2025,"2017,2018,2019,2020,2021,2022,2023,2024,2025",9
4028,VALÈNCIA - CASANOVA,Trànsit,True,3,2,8,2.1569036942764,41.3878538166451,2025,"2017,2018,2019,2020,2021,2022,2023,2024,2025",9
4029,ARAGÓ - MUNTANER (sentit Llobregat),Trànsit,True,5,2,8,2.15817038508185,41.3870958130359,2025,"2017,2018,2019,2020,2021,2022,2023,2024,2025",9
4030,AV. DIAGONAL - LLACUNA (Baixada),Trànsit,True,3,10,71,2.19457865442584,41.4050943577355,2025,"2017,2018,2019,2020,2021,2022,2023,2024,2025",9
4031,ROGER DE LLÚRIA - DIPUTACIÓ (sentit muntanya),Trànsit,True,3,2,7,2.16932663816795,41.3927596717768,2025,"2017,2018,2019,2020,2021,2022,2023,2024,2025",9
4032,VALÈNCIA - SARDENYA  (sentit Besòs),Trànsit,True,3,2,6,2.17592696473159,41.4021296117717,2025,"2017,2018,2019,2020,2021,2022,2023,2024,2025",9
4033,ARIBAU - DIPUTACIÓ  (sentit muntanya),Trànsit,True,4,2,8,2.1611155956212,41.3870630464236,2025,"2017,2018,2019,2020,2021,2022,2023,2024,2025",9
4034,PL. UNIVERSITAT - PELAI (Llobregat),Trànsit,True,3,2,10,2.16425324979824,41.3856458791412,2025,"2017,2018,2019,2020,2021,2022,2023,2024,2025",9
4035,GRAN VIA - PL. UNIVERSITAT  (sentit Besòs),Trànsit,True,5,2,8,2.16441727131043,41.3865364803669,2025,"2017,2018,2019,2020,2021,2022,2023,2024,2025",9
4036,BALMES - LA GRANADA (baixada),Trànsit,True,4,5,26,2.15303677508137,41.396634928461,2025,"2017,2018,2019,2020,2021,2022,2023,2024,2025",9
4037,GRAN VIA - LEPANT (Besòs),Trànsit,True,3,2,5,2.18315468669706,41.400525643884,2025,"2017,2019,2020,2021,2022,2023,2024,2025",8
4038,SARDENYA - CASP  (sentit mar),Trànsit,True,2,2,5,2.18173768883239,41.3970756592755,2025,"2017,2018,2019,2020,2021,2022,2023,2024,2025",9
4039,ROSSELLÓ - BALMES (sentit Besòs),Trànsit,True,3,2,7,2.15782762359234,41.3936544186481,2025,"2017,2018,2019,2020,2021,2022,2023,2024,2025",9
4040,BALMES - ROSSELLÓ (baixada),Trànsit,True,4,2,7,2.15768899888382,41.3930505058183,2025,"2017,2018,2019,2020,2021,2022,2023,2024,2025",9
4041,PROVENÇA - BALMES  (sentit Llobregat),Trànsit,True,2,2,7,2.15808497115376,41.3921622573913,2025,"2017,2018,2019,2020,2021,2022,2023,2024,2025",9
4042,ROSSELLÓ - AV. DIAGONAL (sentit Besòs),Trànsit,True,3,2,7,2.16370570249842,41.3980821322155,2025,"2017,2018,2019,2020,2021,2022,2023,2024,2025",9
4043,CÒRSEGA - BRUC  (sentit Llobregat),Trànsit,True,4,6,31,2.16253914686886,41.3989458639609,2025,"2017,2018,2019,2020,2021,2022,2023,2024,2025",9
4044,PAU CLARIS - PROVENÇA  (sentit mar),Trànsit,True,3,2,7,2.16347178849809,41.3954885003117,2025,"2017,2018,2019,2020,2021,2022,2023,2024,2025",9
4045,PASSEIG DE GRÀCIA - ROSSELLÓ (Baixada),Trànsit,True,2,2,7,2.16121790070137,41.3951049670639,2025,"2017,2019,2020,2021,2022,2023,2024,2025",8
4046,ROGER DE LLÚRIA - MALLORCA,Trànsit,True,3,2,7,2.16449119773735,41.3964376684823,2025,"2017,2018,2019,2020,2021,2022,2023,2024,2025",9
4047,VALÈNCIA - GIRONA,Trànsit,True,3,2,7,2.16905147086661,41.397001041925,2025,"2017,2018,2019,2020,2021,2022,2023,2024,2025",9
4049,MALLORCA - BRUC,Trànsit,True,4,2,7,2.16605647059014,41.3964310585901,2025,"2017,2018,2019,2020,2021,2022,2023,2024,2025",9
4050,PASSEIG DE GRÀCIA - PROVENÇA (Pujada),Trànsit,True,4,2,7,2.16128392270725,41.3951762991631,2025,"2017,2019,2020,2021,2022,2023,2024,2025",8
4051,BALMES - DIPUTACIÓ (baixada),Trànsit,True,5,2,7,2.16449737832213,41.3879047272823,2025,"2017,2018,2019,2020,2021,2022,2023,2024,2025",9
4052,DIPUTACIÓ - BALMES,Trànsit,True,2,2,7,2.16371476116981,41.3878586296077,2025,"2017,2018,2019,2020,2021,2022,2023,2024,2025",9
4053,ARAGÓ - RAMBLA DE CATALUNYA (sentit Llobregat),Trànsit,True,5,2,7,2.16298401194208,41.3907020230178,2025,"2017,2018,2019,2020,2021,2022,2023,2024,2025",9
4054,LEPANT - DIPUTACIÓ  (sentit mar),Trànsit,True,4,2,5,2.18152930913028,41.4007236955616,2025,"2017,2018,2019,2020,2021,2022,2023,2024,2025",9
4055,PADILLA - GRAN VIA  (sentit muntanya),Trànsit,True,2,2,5,2.18306888271222,41.4012229046827,2025,"2017,2018,2019,2020,2021,2022,2023,2024,2025",9
4056,CONSELL DE CENT - CASTILLEJOS,Trànsit,True,2,2,6,2.1830778515996,41.4040640465821,2025,"2017,2018,2019,2020,2021,2022,2025",7
4057,ARAGÓ - INDEPENDÈNCIA (sentit Llobregat),Trànsit,True,4,10,64,2.18431180885805,41.4067177814795,2025,"2017,2019,2020,2021,2022,2023,2024,2025",8
4058,PASSEIG DE GRÀCIA - DIPUTACIÓ (Pujada),Trànsit,True,4,2,7,2.1667568616092,41.3907453585242,2025,"2017,2018,2019,2020,2021,2022,2023,2024,2025",9
4059,PAU CLARIS - VALÈNCIA  (sentit mar),Trànsit,True,3,2,7,2.16561839478567,41.3938500206669,2025,"2017,2018,2019,2020,2021,2022,2023,2024,2025",9
4060,PG. SANT JOAN - AUSIÀS MARC (Pujada),Trànsit,True,2,2,5,2.17765894487054,41.3933623241091,2025,"2017,2018,2019,2020,2021,2022,2023,2024,2025",9
4061,PAU CLARIS - CONSELL DE CENT  (sentit mar),Trànsit,True,3,2,7,2.16782623743917,41.392200590956,2025,"2017,2018,2019,2020,2021,2022,2023,2024,2025",9
4062,GRAN VIA - PAU CLARIS (sentit Besós),Trànsit,True,5,2,7,2.17015825066685,41.390863780895,2025,"2017,2018,2019,2020,2021,2022,2023,2024,2025",9
4063,VALÈNCIA - PAU CLARIS,Trànsit,True,3,2,7,2.1656298097779,41.394411551482,2025,"2017,2018,2019,2020,2021,2022,2023,2024,2025",9
4064,DIPUTACIÓ - BRUC,Trànsit,True,2,2,7,2.17019539209557,41.3927688423449,2025,"2017,2019,2020,2021,2022,2023,2024,2025",8
4065,ROGER DE LLÚRIA - CASP  (sentit muntanya),Trànsit,True,3,2,7,2.17191220851891,41.3908288785469,2025,"2017,2018,2019,2020,2021,2022,2023,2024,2025",9
4066,GIRONA - CONSELL DE CENT (sentit muntanaya),Trànsit,True,2,2,7,2.170492432,41.395294749,2019,"2017,2018,2019,2020,2021,2022",6
4067,CONSELL DE CENT - BRUC (sentit Besòs),Trànsit,True,2,2,7,2.170175343,41.394429536,2019,"2017,2018,2019,2020,2021,2022",6
4068,GRAN VIA - GIRONA,Trànsit,True,5,2,7,2.17356197276934,41.39342660503,2025,"2017,2018,2019,2020,2021,2022,2023,2024,2025",9
4069,MALLORCA - BALMES  (sentit Llobregat),Trànsit,True,4,2,7,2.15928875441747,41.3913375903375,2025,"2017,2018,2019,2020,2021,2022,2023,2024,2025",9
4070,PELAI - RONDA UNIVERSITAT  (sentit Besòs),Trànsit,True,2,2,10,2.16682285923792,41.3857203495775,2025,"2017,2018,2019,2020,2021,2022,2023,2024,2025",9
4071,AV. ROMA - VILLARROEL  (sentit Llobregat),Trànsit,True,3,2,8,2.15551161492165,41.3857379536589,2025,"2017,2018,2019,2020,2021,2022,2023,2024,2025",9
4072,CASANOVA - CONSELL DE CENT  (sentit muntanya),Trànsit,True,3,2,8,2.1580927938814,41.3859229631157,2025,"2017,2018,2019,2020,2021,2022,2023,2024,2025",9
4073,VALÈNCIA - RAMBLA DE CATALUNYA,Trànsit,True,3,2,7,2.16273962226169,41.3922436021376,2025,"2017,2018,2019,2020,2021,2022,2023,2024,2025",9
4074,AV. DIAGONAL - MARINA (Pujada - Gir Aragó),Trànsit,True,2,2,5,2.177449769,41.401105544,2019,"2017,2018,2019,2020,2021",5
4075,AV. DIAGONAL - MARINA (Pujada - Seguir a Av. Diagonal),Trànsit,True,2,2,5,2.177413174,41.401174682,2019,"2017,2018,2019,2020",4
4076,ARAGÓ - PADILLA (sentit Llobregat),Trànsit,True,4,2,6,2.17932605908427,41.4029586518706,2025,"2017,2019,2020,2021,2022,2023,2024,2025",8
4077,ARAGÓ - NÀPOLS (sentit Llobregat),Trànsit,True,5,2,5,2.17395160686523,41.3989680268534,2025,"2017,2018,2019,2020,2021,2022,2023,2024,2025",9
4078,AV. DIAGONAL - VALÈNCIA (Baixada),Trànsit,True,3,2,6,2.173914881,41.40006393,2019,"2017,2018,2019,2020",4
4079,ARAGÓ - BAILÈN (sentit Llobregat),Trànsit,True,5,2,7,2.17055853655275,41.3964247174287,2025,"2017,2018,2019,2020,2021,2022,2023,2024,2025",9
4080,BAILÈN - DIPUTACIÓ  (sentit mar),Trànsit,True,2,2,7,2.17390413431999,41.394451912494,2025,"2017,2019,2020,2021,2022,2023,2024,2025",8
4081,ROSSELLÓ - PG. DE GRÀCIA (sentit Besòs),Trànsit,True,3,2,7,2.16105455665482,41.3961020872117,2025,"2017,2018,2019,2020,2021,2022,2023,2024,2025",9
4082,GRAN VIA - NÀPOLS (sentit Besós),Trànsit,True,5,2,5,2.17815149968645,41.3968351807915,2025,"2017,2018,2019,2020,2021,2022,2023,2024,2025",9
4083,MARINA - CASP (Pujada),Trànsit,True,4,2,5,2.18183500793533,41.398739728411,2025,"2017,2018,2019,2020,2021,2022,2023,2024,2025",9
4084,NÀPOLS - DIPUTACIÓ  (sentit mar),Trànsit,True,1,2,5,2.17693989634649,41.397254200157,2025,"2017,2018,2019,2020,2021,2022,2023,2024,2025",9
4085,VALÈNCIA - DOS DE MAIG  (sentit Besòs),Trànsit,True,3,10,64,2.18255362625234,41.4071224828227,2025,"2017,2018,2019,2020,2021,2022,2023,2024,2025",9
4086,JARDINS SALVADOR ESPRIU -DIAGONAL  (sentit Llobregat),Trànsit,True,2,2,7,2.15920458873656,41.3970883113916,2025,"2017,2018,2019,2020,2021,2022,2023,2024,2025",9
4087,MUNTANER - LONDRES  (sentit mar),Trànsit,True,4,2,8,2.15089365575303,41.3930509929197,2025,"2017,2018,2019,2020,2021,2022,2023,2025",8
4088,PARÍS - ARIBAU  (sentit Besòs),Trànsit,True,2,2,8,2.1532501090812,41.3936224740716,2025,"2017,2018,2019,2020,2021,2022,2023,2024,2025",9
4089,BÀLMES - PARÍS (baixada),Trànsit,True,4,2,8,2.1554440540201,41.3947839585255,2025,"2017,2019,2020,2021,2022,2023,2024,2025",8
4090,ARIBAU - ARAGÓ  (sentit muntanya),Trànsit,True,4,2,8,2.15924172322705,41.3884915607715,2025,"2017,2018,2019,2020,2021,2022,2023,2024,2025",9
4091,PAU CLARIS - CASP (sentit mar),Trànsit,True,3,2,7,2.17155203437734,41.3893950147936,2025,"2017,2020,2021,2022,2023,2024,2025",7
4092,ARIBAU - MALLORCA  (sentit muntanya),Trànsit,True,4,2,8,2.15699493900883,41.3901462977523,2025,"2017,2018,2019,2020,2021,2022,2023,2024,2025",9
4093,ARIBAU - DIAGONAL  (sentit muntanya),Trànsit,True,4,2,8,2.15072212519473,41.394889827339,2025,"2017,2018,2019,2020,2021,2022,2023,2024,2025",9
4094,VILLARROEL - PARÍS  (sentit mar),Trànsit,True,3,2,8,2.14902608916375,41.3910706879931,2025,"2017,2018,2019,2020,2021,2022,2023,2024,2025",9
4095,VILLARROEL - ARAGÓ  (sentit mar),Trànsit,True,3,2,8,2.1569179201233,41.3850904392878,2025,"2017,2019,2020,2021,2022,2023,2024,2025",8
4096,ROSSELLÓ - ARIBAU (sentit Besòs),Trànsit,True,2,2,8,2.15547146519011,41.391862456137,2025,"2017,2018,2019,2020,2021,2022,2023,2024,2025",9
4097,PG. GRÀCIA - CASP (Pujada),Trànsit,True,4,2,7,2.16915384037869,41.3887585646416,2025,"2017,2018,2019,2020,2021,2022,2023,2024,2025",9
4098,PG. GRÀCIA - ARAGÓ (Baixada),Trànsit,True,2,2,7,2.16520071322411,41.3917338254457,2025,"2017,2018,2019,2020,2021,2022,2023,2024,2025",9
4099,BALMES - MALLORCA (baixada),Trànsit,True,4,2,7,2.15934927414176,41.3917902636396,2025,"2017,2018,2019,2020,2021,2022,2023,2024,2025",9
41-SMD-1,RONDA LITORAL - MORROT (Trinitat),Rondes,False,2,0,0,2.17628541906469,41.3723929373168,2025,"2019,2020,2021,2022,2023,2024,2025",7
41-SMD-2,RONDA LITORAL - MORROT (Llobregat),Rondes,False,2,0,0,2.17184503164523,41.3660563748941,2025,"2018,2019,2020,2021,2022,2023,2024,2025",8
41-SMD-3,"RONDA LITORAL - MORROT  PK 12,6 (Trinitat)",Rondes,False,3,0,0,2.16553876,41.359732474,2019,"2019,2020,2021,2022",4
41-SMD-4,"RONDA LITORAL - MORROT PK 12,6 (Llobregat)",Rondes,False,3,0,0,2.165398296,41.359655419,2019,"2019,2020,2021,2022",4
4100,VILADOMAT - ROSSELLÓ (sentit mar),Trànsit,True,3,2,9,2.148490105,41.38623099,2025,"2022,2023,2024,2025",4
4102,ROGER DE FLOR - AUSIÀS MARC (sentit muntanya),Trànsit,True,2,2,5,2.178718473,41.39424292,2025,"2022,2023,2024,2025",4
4103,ROGER DE FLOR - MALLORCA (sentit muntanya),Trànsit,True,2,2,7,2.17055082321167,41.4004330484368,2025,"2022,2023,2024,2025",4
4104,ARAGÓ - COMTE D'URGELL (sentit Llobregat),Trànsit,True,3,2,7,2.154269038,41.38422424,2025,"2022,2023,2024,2025",4
4106,VILAMARI - CONSELL DE CENT (sentit muntanya),Trànsit,True,2,2,9,2.14950352907181,41.3787849800429,2025,"2022,2023,2025",3
4107,INDEPENDENCIA - CONSELL DE CENT (sentit muntanya),Trànsit,True,3,9,63,2.185349486,41.4062980115002,2025,"2022,2024,2025",3
4108,ALI BEI - SICILIA (sentit Llobregat),Trànsit,True,2,2,5,2.18183931724049,41.3942980429187,2025,"2022,2023,2024,2025",4
4109,ARAGÓ - MARINA (sentit Llobregat),Trànsit,True,6,2,7,2.17747765111273,41.4017230342086,2025,"2024,2025",2
4110,AV. DIAGONAL - SICILIA (sentit Llobregat),Trànsit,True,2,2,7,2.17388168169961,41.4003430692453,2025,"2024,2025",2
4111,DIAGONAL - NÀPOLS (sentit Besòs),Trànsit,True,2,2,7,2.1737202246071,41.4000563952108,2025,"2024,2025",2
42-SMD-1,RONDA LITORAL - PORT DE BARCELONA (Trinitat),Rondes,False,2,0,0,2.17628541906469,41.3723929373168,2025,"2018,2019,2020,2021,2022,2023,2024,2025",8
42-SMD-2,RONDA LITORAL - PORT DE BARCELONA (Llobregat),Rondes,False,2,0,0,2.17628541906469,41.3723929373168,2025,"2018,2019,2020,2021,2022,2023,2024,2025",8
43-SMD-1,RONDA LITORAL - MOLL DE LA FUSTA (Trinitat),Rondes,False,2,0,0,2.17847034061564,41.3761297707368,2025,"2018,2019,2020,2021,2022,2023,2024,2025",8
43-SMD-2,RONDA LITORAL - MOLL DE LA FUSTA (Llobregat),Rondes,False,2,0,0,2.17894823455186,41.3766793868708,2025,"2018,2019,2020,2021,2022,2023,2024,2025",8
45-SMD-1,RONDA LITORAL - BARCELONETA (Trinitat),Rondes,False,2,0,0,2.18729317188263,41.3826490789711,2025,"2018,2019,2020,2021,2022,2023,2024,2025",8
45-SMD-2,RONDA LITORAL - BARCELONETA (Llobregat),Rondes,False,2,0,0,2.18715403011135,41.3827069680799,2025,"2018,2019,2020,2021,2022,2023,2024,2025",8
47-SMD-1,RONDA LITORAL - ARQUITECTE SERT (Trinitat),Rondes,False,2,0,0,2.19617055472502,41.3877480342981,2025,"2018,2019,2020,2021,2022,2023,2024,2025",8
47-SMD-2,RONDA LITORAL - ARQUITECTE SERT (Llobregat),Rondes,False,2,0,0,2.19617055,41.387748,2025,"2018,2019,2020,2021,2022,2023,2024,2025",8
48-SMD-1,RONDA LITORAL - LLACUNA (Trinitat),Rondes,False,2,0,0,2.206131,41.395178,2025,"2018,2019,2020,2021,2022,2023,2024,2025",8
48-SMD-2,RONDA LITORAL - LLACUNA (Llobregat),Rondes,False,2,0,0,2.206159,41.395367,2025,"2018,2019,2020,2021,2022,2023,2024,2025",8
49-SMD-1,RONDA LITORAL - SELVA DE MAR (Trinitat),Rondes,False,3,0,0,2.21216771969084,41.4015560171004,2025,"2018,2019,2020,2021,2022,2023,2024,2025",8
49-SMD-2,RONDA LITORAL - SELVA DE MAR (Llobregat),Rondes,False,2,0,0,2.211871119489,41.4014738959023,2025,"2018,2019,2020,2021,2022,2023,2024,2025",8
5-SMD-1,RONDA DE DALT - ROQUETES (Llobregat),Rondes,False,3,0,0,2.1703,41.44298,2025,"2018,2019,2020,2021,2022,2023,2024,2025",8
5-SMD-2,RONDA DE DALT - ROQUETES (Trinitat),Rondes,False,3,0,0,2.1705,41.44306,2025,"2018,2019,2020,2021,2022,2023,2024,2025",8
5001,PG. COLOM - SIMÓ OLLER (Besòs),Trànsit,True,3,1,2,2.18103833666584,41.3796065580548,2025,"2017,2018,2019,2020,2021,2022,2023,2024,2025",9
5002,VIA LAIETANA - MANRESA (Baixada),Trànsit,True,1,1,4,2.18130466272832,41.3819915864222,2024,"2017,2019,2020,2021,2022,2023,2024",7
5003,PAS SOTA MURALLA - LLAUDER (Besòs),Trànsit,True,3,1,4,2.18403932544855,41.3810405336813,2025,"2017,2018,2019,2020,2021,2022,2023,2024,2025",9
5004,PAS SOTA MURALLA - LLAUDER (Llobregat),Trànsit,True,2,1,4,2.18397743124051,41.3810969944889,2025,"2017,2018,2019,2020,2021,2022,2023,2024,2025",9
5005,PLA DE PALAU - PG. ISABEL II (Sentit Barceloneta),Trànsit,True,3,1,4,2.18378480321083,41.3822897274376,2025,"2017,2018,2019,2020,2021,2022,2023,2024,2025",9
5006,PG. JOAN DE BORBÓ - MAQUINISTA (Sentit Pla de Palau),Trànsit,True,2,3,3,2.18709640644174,41.3806760096672,2025,"2017,2018,2019,2020,2021,2022,2023,2025",8
5007,PL. PAU VILA - DOCTOR AIGUADER (Sentit Pla de Palau),Trànsit,True,3,3,3,2.18530039455833,41.3823228889574,2025,"2017,2018,2019,2020,2021,2022,2023,2024,2025",9
5008,DOCTOR AIGUADER - PIZARRO (Llobregat),Trànsit,True,3,3,3,2.18738889851896,41.3829434202415,2025,"2017,2018,2019,2020,2021,2022,2023,2024,2025",9
5009,VIA LAIETANA - ANGEL BAIXERAS (Pujada),Trànsit,True,2,1,4,2.181309861,41.38206773,2019,"2017,2018,2019,2020,2021,2022,2023",7
5010,PG. COLOM - PL. D’IDRISSA DAILO (Llobregat),Trànsit,True,3,1,2,2.18137804232241,41.3805492721174,2025,"2017,2018,2019,2020,2021,2022,2023,2024,2025",9
5011,RONDA UNIVERSITAT - PL. CATALUNYA  (sentit Llobregat),Trànsit,True,4,2,7,2.16788359152789,41.387125414742,2025,"2017,2018,2019,2020,2021,2022,2023,2024,2025",9
5012,FONTANELLA - PL. CATALUNYA,Trànsit,True,2,2,7,2.17174353946815,41.3872745114631,2025,"2017,2018,2019,2020,2021,2022,2023,2024,2025",9
5013,RONDA SANT PERE - GIRONA  (sentit Llobregat),Trànsit,True,3,2,7,2.17644635091381,41.3902823026524,2025,"2017,2018,2019,2020,2021,2022,2025",7
5014,PELAI - BALMES,Trànsit,True,3,1,1,2.16922932842103,41.3855471554975,2025,"2017,2018,2019,2021,2022,2023,2024,2025",8
5015,AV. MARQUÉS DE L'ARGENTERA - COMERÇ (Llobregat),Trànsit,True,4,1,4,2.18466469757436,41.3841889492404,2025,"2017,2018,2019,2020,2022,2023,2025",7
5016,AV. MARQUÉS DE L'ARGENTERA - COMERÇ (Besós),Trànsit,True,4,1,4,2.18515306818641,41.3846574778002,2025,"2017,2018,2019,2020,2021,2022,2023,2025",8
5017,PG. LLUÍS COMPANYS - ALMOGÀVERS (Pujada),Trànsit,True,3,1,4,2.18142013340698,41.3910021306038,2025,"2017,2018,2019,2020,2021,2022,2023,2024,2025",9
5018,PG. LLUÍS COMPANYS - REC COMTAL (Baixada),Trànsit,True,3,1,4,2.18177593556833,41.3896230949241,2025,"2017,2018,2019,2020,2021,2022,2023,2024,2025",9
5019,TRAFALGAR - MENDEZ NÚÑEZ  (sentit Besòs),Trànsit,True,2,1,4,2.17786829912579,41.3902876037345,2025,"2017,2018,2019,2020,2021,2022,2025",7
5020,ALMOGÀVERS - ROGER DE FLOR  (sentit Llobregat),Trànsit,True,3,1,4,2.18214874228289,41.3912139162087,2025,"2017,2018,2019,2020,2021,2022,2023,2024,2025",9
5022,VIA LAIETANA - COMTAL (Pujada),Trànsit,True,2,1,4,2.174518411,41.387268706,2019,"2017,2019,2020,2021,2022",5
5023,VIA LAIETANA - PL. URQUINAONA (Baixada),Trànsit,True,4,2,7,2.173148081,41.388176516,2019,"2017,2018,2019,2020,2021",5
5024,PG. JOSEP CARNER - PL. DRASSANES (Besós),Trànsit,True,4,1,1,2.1773088671806,41.3750686445374,2025,"2017,2018,2019,2020,2021,2022,2023,2025",8
5025,PG. JOSEP CARNER - PORTAL DE LA PAU (Llobregat),Trànsit,True,3,1,1,2.17712293367133,41.3751024071444,2025,"2017,2018,2019,2020,2021,2022,2023,2025",8
5026,PG. PUJADES - ROGER DE FLOR (Besós),Trànsit,True,4,1,4,2.18510436978086,41.3901035183585,2025,"2017,2018,2019,2020,2021,2022,2023,2024,2025",9
5027,PG. PUJADES - WELLINGTON (Llobregat),Trànsit,True,1,10,66,2.18501329421997,41.3901733502094,2025,"2017,2019,2020,2021,2022,2023,2024,2025",8
5028,PG. JOSEP CARNER - VILÀ I VILÀ (Besòs),Trànsit,True,3,3,11,2.17553231553291,41.3729552170708,2025,"2017,2018,2019,2020,2021,2022,2023,2025",8
5029,PG. JOSEP CARNER - PL. DRASSANES (Llobregat),Trànsit,True,3,1,1,2.17535164123023,41.3729417540004,2025,"2017,2018,2019,2020,2021,2022,2023,2025",8
5030,GRAN VIA - RBLA. POBLENOU (Entrada),trànsit,True,3,10,71,2.1924419,41.4077603,2017,"2017,2018",2
5031,VIA LAIETANA - DR. JOAQUIM POU (baixada),Trànsit,True,2,1,2,2.17572829566124,41.3862189614993,2025,"2024,2025",2
5032,VIA LAIETANA - PL. ANTONI MAURA (pujada),Trànsit,True,1,1,2,2.17577944628798,41.3862530741907,2025,"2024,2025",2
5033,VIA LAIETANA - RAMON MAS (pujada),Trànsit,True,1,1,2,2.17408730045201,41.3875440238147,2025,"2024,2025",2
5034,VIA LAIETANA - FONTANELLA (baixada),Trànsit,True,2,1,2,2.17403902069268,41.3874957276319,2025,"2024,2025",2
51-SMD-1,RONDA LITORAL - JOSEP PLA (Trinitat),Rondes,False,2,0,0,2.21899880633432,41.4067902516548,2025,"2018,2019,2020,2021,2022,2023,2024,2025",8
51-SMD-2,RONDA LITORAL - JOSEP PLA (Llobregat),Rondes,False,2,0,0,2.21898364471352,41.4066644628768,2025,"2018,2019,2020,2021,2022,2023,2024,2025",8
58-SMD-1,RONDA LITORAL - SANTANDER (Trinitat),Rondes,False,3,0,0,2.20934932616975,41.4362783107035,2025,"2018,2019,2020,2021,2022,2023,2024,2025",8
58-SMD-2,RONDA LITORAL - SANTANDER (Llobregat),Rondes,False,3,0,0,2.20964156913134,41.434834621389,2025,"2018,2019,2020,2021,2022,2023,2024,2025",8
6-SMD-1,RONDA DE DALT - PL. KARL MARX (Llobregat),Rondes,False,3,0,0,2.16237830573441,41.4402131175014,2025,"2018,2019,2020,2021,2022,2023,2024,2025",8
6-SMD-2,RONDA DE DALT - PL. KARL MARX (Trinitat),Rondes,False,3,0,0,2.16270292016977,41.4401536625016,2025,"2018,2019,2020,2021,2022,2023,2024,2025",8
60-SMD-1,RONDA LITORAL - TUCUMÁN (Trinitat),Rondes,False,3,0,0,2.20285664165301,41.4473073127124,2025,"2018,2019,2020,2021,2022,2023,2024,2025",8
60-SMD-2,RONDA LITORAL - TUCUMÁN (Llobregat),Rondes,False,3,0,0,2.20285664165301,41.4473073127124,2025,"2018,2019,2020,2021,2022,2023,2024,2025",8
6001,MALLORCA - XIFRÉ (sentit Llobregat),Trànsit,True,3,10,64,2.183407444,41.409444124,2019,"2017,2018,2019,2021",4
6002,PADILLA - PROVENÇA (sentit muntanya),Trànsit,True,2,2,6,2.176217811,41.406438095,2019,"2017,2018,2019,2020,2021,2022,2023",7
6003,LEPANT - PROVENÇA (sentit mar),Trànsit,True,2,2,6,2.176014712,41.404950423,2019,"2017,2018,2019,2020,2021,2022,2023",7
6004,ROSSELLÓ - NÀPOLS (sentit Besòs),Trànsit,True,3,6,32,2.17019732723134,41.4029424426241,2025,"2017,2018,2019,2020,2021,2022,2023,2024,2025",9
6005,CÒRSEGA - NÀPOLS  (sentit Llobregat),Trànsit,True,2,6,32,2.16818331001933,41.4031772143077,2025,"2017,2018,2019,2020,2021,2022,2023,2024,2025",9
6006,SANT ANTONI MARIA CLARET - INDEPENDÈNCIA  (sentit Llobregat),Trànsit,True,3,10,64,2.17627370057039,41.4126333101318,2025,"2017,2019,2020,2021,2022,2023,2024,2025",8
6007,INDÚSTRIA - NÀPOLS  (sentit Besòs),Trànsit,True,3,6,32,2.16788571857009,41.404637037895,2025,"2017,2018,2019,2020,2021,2022,2023,2024,2025",9
6008,SANT ANTONI MARIA CLARET - SICÍLIA  (sentit Llobregat),Trànsit,True,3,6,32,2.16718733665132,41.4058213534936,2025,"2017,2018,2019,2020,2021,2022,2023,2024,2025",9
6009,TÚNEL DE LA ROVIRA - BOCA SUD (Sentit Horta),Trànsit,True,2,7,34,2.16703170907309,41.4133659841927,2024,"2017,2018,2019,2020,2021,2022,2023,2024",8
6010,TÚNEL DE LA ROVIRA - BOCA SUD (Sentit Guinardó),Trànsit,True,2,7,34,2.16673197958124,41.413320003565,2025,"2017,2018,2019,2020,2021,2022,2023,2024,2025",9
6011,LEPANT - LLORENS I BARBA  (sentit mar),Trànsit,True,3,7,33,2.16879034684606,41.4104641697786,2025,"2017,2018,2019,2020,2021,2022,2023,2024,2025",9
6012,PADILLA - ROSALIA DE CASTRO  (sentit muntanya),Trànsit,True,3,7,33,2.17056617665228,41.410725022038,2025,"2017,2018,2019,2020,2021,2022,2023,2024,2025",9
6013,SARDENYA - PARE LAÍNEZ  (sentit mar),Trànsit,True,2,7,33,2.16732803370528,41.407913402577,2025,"2017,2018,2019,2020,2021,2022,2023,2024,2025",9
6014,RONDA GUINARDÓ - CARTAGENA (Besòs),Trànsit,True,2,7,33,2.17243227868356,41.414869691888,2025,"2017,2019,2020,2021,2022,2023,2024,2025",8
6015,RONDA GUINARDÓ - SANT QUINTÍ (Llobregat),Trànsit,True,2,7,35,2.17265757568452,41.415369266056,2025,"2017,2018,2019,2020,2021,2022,2023,2024,2025",9
6016,RONDA DEL MIG - SARDENYA (Besòs),Trànsit,True,3,7,33,2.16347756506333,41.4119881154064,2025,"2017,2018,2019,2022,2023,2024,2025",7
6017,RONDA DEL MIG - PL. ALFONS X EL SAVI (Llobregat),Trànsit,True,2,7,33,2.16353512531538,41.4120931847174,2025,"2017,2018,2019,2020,2021,2022,2023,2024,2025",9
6018,PG. MARAGALL - ESCORNALBOU (Sentit Eixample),Trànsit,True,3,9,63,2.18033774951808,41.4170757293736,2025,"2017,2018,2019,2020,2021,2022,2023,2024,2025",9
6019,PG. MARAGALL - ESCORNALBOU (Sentit Horta),Trànsit,True,3,9,63,2.18043457545689,41.4170241932517,2025,"2017,2018,2019,2020,2021,2022,2023,2024,2025",9
6020,TRAVESSERA DE GRÀCIA - BAILÉN (sentit Besòs),Trànsit,True,2,6,31,2.161334549,41.403533983,2019,"2017,2018,2019,2020,2021,2022,2023",7
6021,MALLORCA - SARDENYA  (sentit Llobregat),Trànsit,True,2,2,6,2.17391122063067,41.4023331973147,2024,"2017,2019,2020,2021,2022,2023,2024",7
6022,CÒRSEGA - CARTAGENA  (sentit Llobregat),Trànsit,True,2,2,6,2.1760050615462,41.4090226084192,2025,"2017,2018,2019,2020,2021,2022,2023,2024,2025",9
6023,ROSSELLÓ - CASTILLEJOS (sentit Besòs),Trànsit,True,3,2,6,2.17812948884698,41.4089008487539,2025,"2017,2018,2019,2020,2021,2022,2023,2024,2025",9
6024,CAMÈLIES - CA L'ALEGRE DE DALT,Trànsit,True,2,6,30,2.15951705918456,41.4112805581794,2025,"2017,2019,2020,2021,2022,2023,2024,2025",8
6025,SARDENYA - ROSSELLÓ  (sentit Besòs),Trànsit,True,2,2,6,2.17242685787606,41.4040466489192,2025,"2017,2018,2019,2020,2021,2022,2023,2024,2025",9
6026,PG. SANT JOAN - INDÚSTRIA (Baixada),Trànsit,True,3,6,32,2.16549561683824,41.4022539572222,2025,"2017,2018,2019,2020,2021,2022,2023,2024,2025",9
6027,PI I MARGALL - SECRETARI COLOMA (Pujada),Trànsit,True,2,6,32,2.163726748,41.407948309,2019,"2017,2018,2019,2020,2021,2022",6
6028,PI I MARGALL - SECRETARI COLOMA (Baixada),Trànsit,True,2,6,32,2.163562383,41.407951744,2019,"2017,2018,2019,2020,2021,2022",6
6029,CAMÈLIES - ABD EL-KADER  (sentit Besòs),Trànsit,True,2,7,33,2.16429547778027,41.4139083426613,2025,"2017,2018,2019,2020,2021,2022,2023,2024,2025",9
6030,SARDENYA - PL. SANLLEHY  (sentit mar),Trànsit,True,2,6,30,2.16156078355721,41.4132433960373,2025,"2017,2018,2019,2020,2021,2022,2023,2024,2025",9
6031,AV. MARE DE DÉU DE MONTSERRAT - FRANÇA  (sentit Llobregat),Trànsit,True,3,7,34,2.16381938849337,41.4145445416464,2025,"2017,2018,2019,2020,2021,2022,2023,2024,2025",9
6032,PI I MARAGALL - SARDENYA (sentit muntanya),Trànsit,True,2,7,33,2.16438678246778,41.4104912433933,2025,"2024,2025",2
6033,PI I MARAGALL - RDA. GUINARDÓ (sentit mar),Trànsit,True,2,7,33,2.16431550408086,41.4105198426598,2025,"2024,2025",2
62-SMD-1,ACCÉS RONDA DE DALT (Llobregat) ,Rondes,False,2,0,0,2.1949428319931,41.4515906459034,2025,"2018,2019,2020,2021,2022,2023,2024,2025",8
62-SMD-2,ACCÉS RONDA LITORAL DESDE C58/C33 (Llobregat) ,Rondes,False,2,0,0,2.19511906397175,41.4517489819122,2025,"2018,2019,2020,2021,2022,2023,2024,2025",8
62-SMD-3,B10  - B20 (PK 0),Rondes,False,2,0,0,2.1980582177639,41.4498024089706,2025,"2018,2019,2020,2021,2022,2023,2024,2025",8
62-SMD-4,B20 - B10 (PK 0),Rondes,False,2,0,0,2.19907611608505,41.4487559810238,2025,"2018,2019,2020,2021,2022,2023,2024,2025",8
7001,ESCÒCIA - MALGRAT,Trànsit,True,4,8,44,2.18042256762778,41.4286703635269,2025,"2017,2018,2019,2020,2021,2022,2023,2024,2025",9
7002,AV. MERIDIANA - CONCEPCIÓ ARENAL (Entrada),trànsit,True,3,9,61,2.185561279,41.426418508,2017,"2017,2018,2020",3
7003,AV. MERIDIANA - CARDENAL TEDESCHINI (Sortida),Trànsit,True,4,9,61,2.18566528121516,41.4265046221932,2025,"2017,2018,2020,2021,2022,2023,2024,2025",8
7004,MALLORCA - BISCAIA,Trànsit,True,4,10,65,2.18982242141438,41.4142885384999,2025,"2017,2018,2019,2020,2021,2022,2023,2024,2025",9
7005,AV. MERIDIANA - NAVAS DE TOLOSA (Entrada),Trànsit,True,3,9,63,2.18683771975941,41.4147497996919,2025,"2017,2018,2023,2024,2025",5
7006,SANT ANTONI MARIA CLARET - ESPRONCEDA  (sentit Llobregat),Trànsit,True,2,9,63,2.18530031005948,41.4193388069758,2025,"2017,2019,2020,2021,2022,2023,2024,2025",8
7007,AV. MERIDIANA - CONSELL DE CENT (Entrada),Trànsit,True,2,10,65,2.1866805713494,41.4063190756375,2025,"2017,2018,2019,2020,2021,2022,2023,2024,2025",9
7008,AV. MERIDIANA - GARCILASO (Sortida),Trànsit,True,4,9,61,2.18701281753419,41.4233989454597,2025,"2017,2018,2020,2021,2022,2023,2024,2025",8
7009,AV. MERIDIANA - NAVAS DE TOLOSA (Sortida),Trànsit,True,3,9,63,2.18699909733485,41.4160302031476,2025,"2017,2018,2022,2023,2024,2025",6
7010,AV. MERIDIANA - SANT ANTONI MARIA CLARET (Entrada),Trànsit,True,3,9,63,2.18684097776751,41.419855924451,2025,"2017,2018,2020,2021,2022,2024,2025",7
7011,AV. MERIDIANA  - ROSSELLÓ I PORCEL (Sortida),Trànsit,True,3,8,45,2.18435802147206,41.436297355113,2025,"2017,2018,2019,2020,2021,2022,2023,2024,2025",9
7012,AV. MERIDIANA - ROSSELLÓ I PORCEL (Entrada),trànsit,True,3,8,45,2.184265272,41.43662588,2017,"2017,2018",2
7014,AV. RIO JANEIRO - ARGULLÓS (Llobregat),Trànsit,True,1,8,52,2.18285449286069,41.4402352832474,2025,"2017,2018,2019,2020,2021,2022,2023,2024,2025",9
7015,AV. RIO JANEIRO - JOAQUIM VALLS (Besós),Trànsit,True,2,8,52,2.1844969664331,41.4414843505667,2025,"2017,2018,2019,2020,2021,2022,2023,2024,2025",9
7016,CONCEPCIÓ ARENAL - CIENFUEGOS,Trànsit,True,2,9,61,2.18403425048882,41.4237442181239,2025,"2017,2018,2019,2020,2021,2022,2023,2024,2025",9
7017,AV. MERIDIANA - CLOT (Sortida),Trànsit,True,2,10,65,2.18706002103312,41.406326935864,2025,"2017,2018,2019,2020,2021,2022,2023,2024,2025",9
7018,PG. SANTA COLOMA - PG. TORRAS I BAGES (Llobregat) ,Trànsit,True,2,9,60,2.18962140461431,41.4449541900293,2025,"2017,2018,2019,2020,2021,2022,2023,2024,2025",9
7019,PG. SANTA COLOMA - CTRA. DE RIBES (Besòs),Trànsit,True,3,9,60,2.18968658758166,41.4449161583602,2025,"2017,2018,2019,2020,2021,2022,2023,2024,2025",9
7020,PG. FABRA I PUIG - VÈLIA  (sentit muntanya),Trànsit,True,3,8,44,2.18044874195065,41.4302232004653,2025,"2017,2018,2019,2020,2021,2022,2023,2024,2025",9
7021,NAVAS DE TOLOSA - JOSEP ESTIVILL  (sentit mar),Trànsit,True,3,10,64,2.18489734749009,41.4167849231015,2025,"2017,2018,2019,2020,2021,2022,2023,2024,2025",9
7022,AV. MERIDIANA - RIO DE JANEIRO (Entrada),Trànsit,True,4,8,52,2.18606065513342,41.4420708545338,2025,"2017,2018,2019,2020,2021,2022,2023,2024,2025",9
7023,AV. MERIDIANA - PG. SANTA COLOMA (Sortida),Trànsit,True,4,9,60,2.18719181690707,41.4450823605518,2025,"2017,2018,2019,2020,2021,2022,2023,2024,2025",9
7024,PG. VALLDAURA - SANT FRANCESC XAVIER (Pujada),Trànsit,True,3,8,45,2.179324,41.439067,2025,"2017,2018,2019,2020,2021,2022,2023,2024,2025",9
7025,PG. VALLDAURA - ESCULTOR ORDOÑEZ (Baixada),Trànsit,True,2,8,45,2.17976824691788,41.4389892706886,2025,"2017,2018,2019,2020,2021,2022,2023,2024,2025",9
7026,PG. FABRA I PUIG - CONCEPCIÓ ARENAL (sentit muntanya),Trànsit,True,3,9,60,2.18422824208619,41.4301803551681,2025,"2017,2018,2019,2020,2021,2022,2023,2024,2025",9
7027,PG. TORRAS I BAGES - RESIDÈNCIA (Besòs),Trànsit,True,2,9,60,2.19101844747515,41.4403222023756,2025,"2017,2018,2019,2020,2021,2022,2023,2024,2025",9
7028,PG. TORRAS I BAGES - RESIDÈNCIA (Llobregat),Trànsit,True,2,9,60,2.19091250206101,41.4403054581178,2025,"2017,2018,2019,2020,2021,2022,2023,2024,2025",9
7029,VIA JÚLIA - FRANCESC XAVIER  (sentit muntanya),Trànsit,True,1,8,52,2.17837466735042,41.4427399703874,2025,"2017,2018,2019,2020,2021,2022,2023,2024,2025",9
7030,VIA JÚLIA - BATLLORI  (sentit mar),Trànsit,True,1,8,52,2.1780638682536,41.4429273415817,2025,"2017,2018,2019,2020,2021,2022,2023,2024,2025",9
7031,FABRA I PUIG - CANIGÓ (Besòs),Trànsit,True,2,7,43,2.16351120837962,41.4341815807777,2025,"2017,2018,2019,2020,2021,2022,2023,2024,2025",9
7032,FABRA I PUIG - CANIGÓ (Llobregat),Trànsit,True,2,7,43,2.16342285344408,41.4341947880258,2025,"2017,2018,2019,2020,2021,2022,2023,2024,2025",9
7033,VALÈNCIA - TER  (sentit Besòs),Trànsit,True,3,10,65,2.18792226740502,41.4111647516047,2025,"2017,2018,2019,2020,2021,2022,2023,2024,2025",9
7034,FELIP II - JOSEP ESTIVILL (sentit muntanya),Trànsit,True,4,9,61,2.18760966783871,41.4198803521817,2025,"2017,2018,2020,2021,2022,2023,2024,2025",8
7035,FELIP II - AV. MERIDIANA  (sentit muntanya),Trànsit,True,3,9,63,2.18623522183881,41.4209248776034,2025,"2017,2018,2019,2020,2021,2022,2023,2024,2025",9
7036,DUBLÍN - CONCEPCIÓ ARENAL  (sentit Besòs),Trànsit,True,1,9,60,2.18526032658421,41.4286530385063,2025,"2017,2018,2019,2020,2021,2022,2023,2024,2025",9
7037,MERIDIANA - VALÈNCIA (SORTIDA),Trànsit,True,3,10,64,2.186999,41.410514,2025,"2019,2020,2021,2022,2023,2024,2025",7
7038,MERIDIANA - VALÈNCIA (ENTRADA),Trànsit,True,3,10,64,2.18674458687986,41.4096142757266,2025,"2019,2020,2021,2022,2023,2024,2025",7
7039,AV. MERIDIANA - ROSSELLÓ I PORCEL (sentit Llobregat),Trànsit,True,5,8,45,2.184249,41.436573,2025,"2019,2020,2021,2022,2023,2024,2025",7
7040,AV. MERIDIANA - ESPRONCEDA (sortida),Trànsit,True,3,9,63,2.18700332530566,41.4198392256299,2025,"2024,2025",2
8-SMD-1,RONDA DE DALT - AV. ESTATUT (Llobregat),Rondes,False,3,0,0,2.15130455209155,41.4377448465329,2025,"2018,2019,2020,2021,2022,2023,2024,2025",8
8-SMD-2,RONDA DE DALT - AV. ESTATUT (Trinitat),Rondes,False,3,0,0,2.15130455209155,41.4377448465329,2025,"2018,2019,2020,2021,2022,2023,2024,2025",8
8001,TRAVESSERA DE GRÀCIA - BALMES,Trànsit,True,3,5,26,2.15226502058198,41.3978316255444,2025,"2017,2019,2020,2021,2022,2023,2024,2025",8
8002,GANDUXER - VALERO  (sentit muntanya),Trànsit,True,3,5,26,2.13622497403366,41.3967031150866,2025,"2017,2019,2020,2021,2022,2023,2024,2025",8
8003,RDA. GENERAL MITRE - SARAGOSSA (Besòs),Trànsit,True,3,5,27,2.14450736435098,41.4054395416092,2025,"2017,2018,2019,2020,2021,2022,2023,2024,2025",9
8004,BALMES - COPÈRNIC (Baixada),Trànsit,True,2,5,26,2.14535372288956,41.4023599304821,2024,"2017,2018,2019,2020,2021,2022,2023,2024",8
8005,BALMES - COPÈRNIC (Pujada),Trànsit,True,2,5,26,2.14410203561557,41.4029602727686,2025,"2017,2018,2019,2020,2021,2022,2023,2024,2025",9
8006,RDA. GENERAL MITRE - DR. FLEMING (Sentit Via Augusta),Trànsit,True,2,5,26,2.13390359783985,41.3950958433231,2025,"2017,2018,2020,2021,2022,2023,2024,2025",8
8008,RDA. GENERAL MITRE - GANDUXER (Besòs),Trànsit,True,3,5,24,2.13459295713598,41.3997149392181,2025,"2017,2018,2019,2020,2021,2022,2023,2024,2025",9
8009,RDA. GENERAL MITRE - TORRAS I PUJALT (Llobregat),Trànsit,True,3,5,25,2.13459554529033,41.3998658842146,2025,"2017,2018,2019,2020,2021,2022,2023,2024,2025",9
8010,BALMES - PLAÇA J. FOLGUERA (Baixada),Trànsit,True,3,5,23,2.140153527,41.404725667,2019,"2017,2018,2019,2020,2021,2022,2023",7
8011,RDA. GENERAL MITRE - BALLESTER (Llobregat),Trànsit,True,3,5,27,2.14489266330133,41.4056059073984,2025,"2017,2018,2019,2020,2021,2022,2023,2024,2025",9
8012,VIA AUGUSTA - VERGÓS (Baixada),Trànsit,True,2,5,24,2.12881738500021,41.3977497606527,2025,"2017,2018,2019,2020,2021,2022,2023,2024,2025",9
8013,PG. BONANOVA - IRADIER (Llobregat),Trànsit,True,2,5,24,2.12652103599924,41.402779293201,2025,"2017,2018,2019,2020,2021,2022,2023,2024,2025",9
8014,PG. BONANOVA - IRADIER (Besós),Trànsit,True,2,5,24,2.12716611621782,41.403110516765,2025,"2017,2018,2019,2020,2021,2022,2023,2024,2025",9
8015,VIA AUGUSTA - MODOLELL (Pujada),Trànsit,True,2,5,23,2.13705166293246,41.3978177127565,2025,"2017,2018,2019,2020,2021,2022,2023,2024,2025",9
8016,VIA AUGUSTA - AMIGÓ (Baixada),Trànsit,True,2,5,23,2.1415638908826,41.398140808461,2025,"2017,2018,2019,2020,2021,2022,2023,2024,2025",9
8017,MUNTANER - COPÈRNIC (sentit mar),Trànsit,True,4,5,26,2.14075512429096,41.4007021278479,2025,"2017,2018,2019,2020,2021,2022,2023,2024,2025",9
8018,MUNTANER - AVENIR (sentit mar),Trànsit,True,4,5,26,2.14729341908372,41.3957928679685,2025,"2017,2018,2019,2020,2021,2022,2023,2024,2025",9
8019,ARIBAU - MADRAZO (sentit muntanya),Trànsit,True,3,5,26,2.14637791655911,41.3986366019623,2025,"2017,2018,2019,2020,2021,2022,2023,2024,2025",9
8020,AV.DE LA RIERA DE CASSOLES - VALLIRANA (Baixada),Trànsit,True,2,5,27,2.15035152730765,41.4024623783223,2025,"2017,2018,2019,2020,2021,2022,2023,2024,2025",9
8021,TRAVESSERA DE DALT - GRANJA (Llobregat),Trànsit,True,3,6,30,2.15348018100593,41.4090348542492,2025,"2017,2018,2019,2020,2021,2022,2023,2024,2025",9
8022,TRAVESSERA DE DALT - MASSENS (Besòs),Trànsit,True,3,6,30,2.15558296051155,41.4097909899958,2025,"2017,2018,2020,2021,2022,2023,2024,2025",8
8023,VIA AUGUSTA - PG. BONANOVA (Sortida),Trànsit,True,2,5,23,2.12309031397302,41.4005494594285,2025,"2017,2018,2019,2020,2021,2022,2023,2024,2025",9
8024,VIA AUGUSTA - PG. BONANOVA (Entrada),Trànsit,True,2,5,23,2.12303748736067,41.4005060366228,2025,"2017,2018,2020,2021,2022,2025",6
8026,VIA AUGUSTA - DOCTOR ROUX (Baixada),Trànsit,True,2,5,24,2.13069145701489,41.3977356750555,2025,"2017,2018,2019,2020,2021,2022,2023,2024,2025",9
8027,GRAN DE GRÀCIA - RAMBLA DEL PRAT (sentit muntanya),Trànsit,True,2,6,31,2.15271723555697,41.4023133243744,2025,"2017,2018,2019,2020,2021,2022,2023,2024,2025",9
8028,VIA AUGUSTA - DOCTOR ROUX (Pujada),Trànsit,True,2,5,24,2.12952392983991,41.3978038708747,2025,"2017,2018,2019,2020,2021,2022,2023,2024,2025",9
8031,CAN RÀBIA - RDA. GENERAL MITRE (Baixada),Trànsit,True,1,5,24,2.13395498754504,41.3938179666502,2025,"2017,2018,2019,2020,2021,2022,2023,2024,2025",9
8032,RIERA DE CASSOLES - LES CAROLINES (Pujada),Trànsit,True,1,5,27,2.15005680018936,41.4029648690438,2025,"2017,2018,2019,2020,2021,2022,2023,2024,2025",9
8033,VERGÓS - RAFAEL BATLLE (Besòs),Trànsit,True,2,5,23,2.12645980606712,41.3966273619804,2025,"2017,2018,2019,2020,2021,2022,2023,2025",8
8034,AV. REPÚBLICA ARGENTINA - BALLESTER,Trànsit,True,3,6,28,2.14767175700735,41.4079918510431,2025,"2017,2018,2019,2020,2021,2022,2023,2024,2025",9
8035,PG. SANT JOAN BOSCO - F. CARBONELL (Baixada),Trànsit,True,1,5,23,2.1282769854829,41.3938262901109,2025,"2017,2018,2019,2020,2021,2022,2023,2024,2025",9
8036,VIA AUGUSTA - ARIBAU (Sentit Pl. Molina),Trànsit,True,2,5,23,2.14547737379229,41.4002711868881,2025,"2017,2018,2019,2020,2021,2022,2023,2024,2025",9
8037,VIA AUGUSTA - BRUSI (Sentit Rda. General Mitre),Trànsit,True,2,5,26,2.14542034210574,41.4003389433751,2025,"2017,2018,2019,2020,2021,2022,2023,2024,2025",9
8038,VIA AUGUSTA - LUÍS ANTÚNEZ (Pujada),Trànsit,True,1,6,31,2.15401381751333,41.3978098948573,2025,"2017,2018,2019,2020,2021,2022,2023,2024,2025",9
8039,VIA AUGUSTA - LA GRANADA DEL PENEDÉS (Baixada),Trànsit,True,1,6,31,2.15410931845948,41.3975124778552,2025,"2017,2018,2019,2020,2021,2022,2023,2024,2025",9
8040,VERGÒS - RAFAEL BATLLE (Llobregat),Trànsit,True,1,5,23,2.12639231598963,41.3966373783215,2025,"2017,2018,2019,2020,2021,2022,2023,2024,2025",9
8041,PG. SANT JOAN BOSCO - PL. PRAT DE LA RIBA (Pujada),Trànsit,True,2,4,19,2.1284071416532,41.3938242376625,2025,"2017,2018,2019,2020,2021,2022,2023,2024,2025",9
8042,MUNTANER - ARIMON  (sentit mar),Trànsit,True,3,5,25,2.13670977051136,41.4038870055706,2025,"2017,2018,2019,2020,2021,2022,2023,2024,2025",9
8043,PG. REINA ELISENDA - PARRÒQUIA (Besòs),Trànsit,True,2,5,23,2.12102580872942,41.3998044404832,2025,"2017,2018,2019,2020,2021,2022,2023,2024,2025",9
8044,PG. REINA ELISENDA - MAJOR DE SARRIÀ (Llobregat),Trànsit,True,2,5,23,2.12099352595748,41.3998514106913,2025,"2017,2018,2019,2020,2021,2022,2023,2024,2025",9
8045,PG. SANT GERVASI - PL. BONANOVA (Besòs),Trànsit,True,2,5,25,2.1340414460214,41.4071207085061,2025,"2017,2018,2019,2020,2021,2022,2023,2024,2025",9
8046,PG. SANT GERVASI - TEODORA LAMADRID (Llobregat),Trànsit,True,2,5,25,2.13397532502848,41.4071939922631,2025,"2017,2018,2019,2020,2021,2022,2023,2024,2025",9
8047,AV. DE J.V. FOIX - MONESTIR (Mar),Trànsit,True,1,5,23,2.11735317281791,41.3991127003447,2025,"2017,2018,2019,2020,2021,2022,2023,2024,2025",9
8048,AV. DE J.V. FOIX - MONESTIR (Muntanya),Trànsit,True,2,5,23,2.11675614016347,41.3995018447573,2025,"2017,2018,2019,2020,2021,2022,2023,2024,2025",9
8049,BISBE CATALÀ - BOSCH I GIMPERA (Besòs),Trànsit,True,1,5,23,2.11525368110666,41.3967089012416,2025,"2017,2018,2019,2020,2021,2022,2023,2024,2025",9
8050,BISBE CATALÀ - BOSCH I GIMPERA (Llobregat),Trànsit,True,2,5,23,2.11441068045148,41.3961138675034,2025,"2017,2018,2019,2020,2021,2022,2023,2024,2025",9
8051,AV. J.V.FOIX - CARDENAL VIVES I TUTOR (Pujada),Trànsit,True,1,5,23,2.12070820366511,41.3945729221465,2025,"2017,2018,2019,2020,2022,2023,2024,2025",8
8052,AV. DE PEDRALBES - C. DE BOSCH I GIMPERA (Pujada),Trànsit,True,2,4,21,2.11668114163942,41.3919235578205,2025,"2017,2018,2019,2020,2021,2022,2023,2024,2025",9
8053,BALMES - CASTANYER (Pujada),Trànsit,True,2,5,23,2.13826741814546,41.4075764369837,2025,"2017,2018,2019,2020,2021,2022,2023,2025",8
8054,EDUARDO CONDE - CARDENAL VIVES I TUTÓ (sentit muntanya),Trànsit,True,1,5,23,2.1210257358625,41.3946480013943,2025,"2017,2018,2019,2020,2021,2022,2023,2024,2025",9
8055,VERGÓS - PL. ARTÓS (Besòs),Trànsit,True,2,5,23,2.12634,41.396583,2019,"2019,2020",2
8056,BALMES - MORAGAS (sentit baixada),Trànsit,True,2,5,23,2.13818284578302,41.4074940289962,2025,2025,1
9001,MARINA - DOCTOR TRUETA (Baixada),Trànsit,True,2,10,67,2.19298716682227,41.3901072108817,2025,"2017,2020,2021,2022,2023,2024,2025",7
9002,AV. D'ICÀRIA - TRIAS FARGAS (Besòs),Trànsit,True,1,10,67,2.19387261397669,41.3884077997946,2025,"2017,2018,2019,2020,2021,2022,2023,2024,2025",9
9003,AV. LITORAL - ARQUITECTE SERT (sentit mar),Trànsit,True,3,10,67,2.20050274423041,41.3904874381431,2025,"2017,2018,2019,2020,2021,2022,2023,2024,2025",9
9004,LLULL- MARINA (sentit Besòs),Trànsit,True,2,10,66,2.19072664073008,41.3926226236707,2025,"2017,2018,2019,2020,2021,2022,2023,2024,2025",9
9005,RAMON TRIAS FARGAS - DR. TRUETA (sentit mar),Trànsit,True,2,10,67,2.19126302621543,41.3898153718424,2025,"2017,2018,2019,2020,2021,2022,2023,2024,2025",9
9006,MARINA - SALVADOR ESPRIU (Pujada),Trànsit,True,2,10,67,2.19509317609503,41.3887124684234,2025,"2017,2018,2019,2020,2021,2022,2023,2024,2025",9
9007,JOAN MIRÓ - RAMON TURRÓ (sentit mar),Trànsit,True,2,10,67,2.19311216488342,41.3917826532277,2025,"2017,2018,2019,2020,2021,2022,2023,2024,2025",9
9008,AV. D'ICÀRIA - ROSA SENSAT (Llobregat),Trànsit,True,2,10,67,2.19603384169054,41.3905067114966,2025,"2017,2018,2019,2020,2021,2023,2024,2025",8
9009,SALVADOR ESPRIU - ROSA SENSAT (sentit Llobregat),Trànsit,True,3,10,67,2.19782134249268,41.3893807249814,2025,"2017,2018,2019,2020,2021,2022,2023,2024,2025",9
9010,RAMON TURRÓ - PAMPLONA (sentit Llobregat),Trànsit,True,1,10,67,2.19458565832871,41.3936008285249,2025,"2017,2018,2019,2020,2021,2022,2023,2024,2025",9
