seccio,codi_barri,nom_barri,nom_districte,x,y,d_axis_m,pop,node_x,node_y,snap_m,snapped,egress_connector
1001,1,el Raval,Ciutat Vella,431195.5804945168,4580638.404357757,1851.719332842896,1302.0,431210.8,4580619.0,24.7,True,False
1002,1,el Raval,Ciutat Vella,430922.8936169541,4581041.14669859,1450.860445978978,1400.0,430878.4,4581070.4,53.2,True,False
1003,1,el Raval,Ciutat Vella,430759.393323197,4580801.791143963,1388.6902685666464,3467.0,430792.0,4580822.9,38.8,True,False
1004,1,el Raval,Ciutat Vella,430530.3401864606,4580877.117006836,1151.5925693909785,2945.0,430519.4,4580872.5,11.9,True,False
1005,1,el Raval,Ciutat Vella,430828.4951299229,4581142.953002838,1333.5984560598772,2338.0,430833.8,4581157.4,15.4,True,False
1006,1,el Raval,Ciutat Vella,430747.8452135652,4581278.949374563,1181.572130441071,1613.0,430720.7,4581252.5,37.9,True,False
1007,1,el Raval,Ciutat Vella,430595.67778380367,4581178.823243969,1098.903843972541,1899.0,430577.8,4581199.3,27.2,True,False
1008,1,el Raval,Ciutat Vella,430445.2584882112,4581033.939800193,1004.3555751987418,3245.0,430478.5,4581053.1,38.4,True,False
1009,1,el Raval,Ciutat Vella,430257.8565081526,4580999.638324074,854.6954274463492,2154.0,430213.6,4580936.2,77.4,True,False
1010,1,el Raval,Ciutat Vella,430364.8293961928,4581147.633440343,886.996742775784,2278.0,430363.0,4581165.5,18.0,True,False
1011,1,el Raval,Ciutat Vella,430217.7003024019,4581161.406777958,744.8155986157333,3077.0,430248.5,4581133.8,41.4,True,False
1012,1,el Raval,Ciutat Vella,430102.4405798922,4581235.538319606,610.3750106176873,1902.0,430120.4,4581170.6,67.4,True,False
1013,1,el Raval,Ciutat Vella,430252.78015254514,4581286.607229438,740.3311383104198,1433.0,430225.1,4581324.2,46.7,True,False
1014,1,el Raval,Ciutat Vella,430300.7917719471,4581381.2552058,773.4049092177901,1984.0,430301.1,4581360.5,20.8,True,False
1015,1,el Raval,Ciutat Vella,430120.7858716635,4581393.308650152,593.0416020616796,2231.0,430096.3,4581367.9,35.3,True,False
1016,1,el Raval,Ciutat Vella,430125.95503816416,4581595.500737373,518.2432034844659,2064.0,430124.6,4581593.1,2.8,True,False
1017,1,el Raval,Ciutat Vella,430225.8649741459,4581481.741300184,669.5430500893633,2520.0,430205.8,4581473.3,21.8,True,False
1018,1,el Raval,Ciutat Vella,430342.5837420301,4581565.990135246,692.0887531822223,1522.0,430287.7,4581557.8,55.5,True,False
1019,1,el Raval,Ciutat Vella,430626.027107289,4581415.3574799895,998.9727136700184,2845.0,430611.8,4581449.7,37.2,True,False
1020,1,el Raval,Ciutat Vella,430520.7806557998,4581652.109321257,757.0898871327424,2216.0,430457.8,4581622.3,69.7,True,False
1021,1,el Raval,Ciutat Vella,430341.42104544624,4581820.474882717,511.2155781844389,2085.0,430315.3,4581821.9,26.2,True,False
1022,2,el Barri Gòtic,Ciutat Vella,430772.8767273828,4581818.327841457,817.6441202055082,1606.0,430752.8,4581791.4,33.6,True,False
1023,2,el Barri Gòtic,Ciutat Vella,430934.7301605037,4581962.843950045,733.5099800299622,1962.0,431019.7,4582025.9,105.8,True,False
1025,2,el Barri Gòtic,Ciutat Vella,431133.30515081104,4581670.553537052,1048.5015171201987,1299.0,431216.0,4581586.7,117.8,True,False
1026,2,el Barri Gòtic,Ciutat Vella,431396.925457801,4581523.680807862,1267.5708977005677,8923.0,431371.2,4581515.2,27.1,True,False
1027,2,el Barri Gòtic,Ciutat Vella,431272.492008581,4581417.481214692,1327.6283380089317,1485.0,431249.6,4581414.2,23.1,True,False
1028,2,el Barri Gòtic,Ciutat Vella,430919.7047976171,4581523.859021435,1129.7482177687127,1925.0,430906.4,4581520.1,13.8,True,False
1029,2,el Barri Gòtic,Ciutat Vella,431083.23882112914,4581302.038708196,1402.2585739512276,1410.0,431090.5,4581263.6,39.1,True,False
1030,2,el Barri Gòtic,Ciutat Vella,431464.8602091031,4581021.915093964,1762.140781712209,2500.0,431429.6,4581039.0,39.2,True,False
1031,2,el Barri Gòtic,Ciutat Vella,431410.8894814902,4581273.028020853,1506.9673709728215,1638.0,431406.8,4581273.0,4.1,True,False
1032,3,la Barceloneta,Ciutat Vella,432083.7996313847,4580470.413265121,2513.878477499117,1726.0,432090.0,4580433.2,37.7,True,False
1033,3,la Barceloneta,Ciutat Vella,432197.8298132439,4581009.01710496,2119.365087946549,1055.0,432198.9,4581047.7,38.7,True,False
1034,3,la Barceloneta,Ciutat Vella,432389.4626483811,4581050.602351856,2209.40873066272,898.0,432369.0,4581002.1,52.6,True,False
1035,3,la Barceloneta,Ciutat Vella,432428.5195170867,4581212.817639583,2119.115508393046,1179.0,432429.7,4581224.7,11.9,True,False
1036,3,la Barceloneta,Ciutat Vella,432610.2201360517,4581663.680949529,1984.799558662559,1182.0,432562.0,4581624.0,62.4,True,False
1037,3,la Barceloneta,Ciutat Vella,432260.7822550525,4581374.863716303,1885.8955131994928,1296.0,432234.3,4581362.2,29.4,True,False
1038,3,la Barceloneta,Ciutat Vella,432312.90103457775,4581194.37418496,2051.610195916192,1445.0,432312.4,4581195.0,0.8,True,False
1039,3,la Barceloneta,Ciutat Vella,432198.8813217835,4581209.242373935,1964.4103425716603,1315.0,432197.3,4581215.2,6.2,True,False
1040,3,la Barceloneta,Ciutat Vella,432115.9094248079,4581184.9979650425,1930.1382848073367,1062.0,432109.3,4581193.5,10.8,True,False
1041,3,la Barceloneta,Ciutat Vella,432121.8515854089,4581382.1708159335,1784.019273276062,1434.0,432105.3,4581425.8,46.7,True,False
1042,3,la Barceloneta,Ciutat Vella,432129.4179153336,4581533.813888441,1680.9360567356134,1750.0,432112.5,4581506.5,32.1,True,False
1043,4,"Sant Pere, Santa Caterina i la Ribera",Ciutat Vella,432040.096370372,4581965.015920314,1341.7046942223408,1664.0,431946.9,4581871.4,132.1,True,False
1044,4,"Sant Pere, Santa Caterina i la Ribera",Ciutat Vella,431714.1684540718,4581934.747696864,1103.7269643179827,1423.0,431670.4,4581934.1,43.8,True,False
1045,4,"Sant Pere, Santa Caterina i la Ribera",Ciutat Vella,431593.959221052,4581768.520833289,1149.472093775161,1950.0,431639.4,4581738.1,54.7,True,False
1046,4,"Sant Pere, Santa Caterina i la Ribera",Ciutat Vella,431506.4949270449,4581632.108989717,1217.3120739365058,1834.0,431483.7,4581612.9,29.8,True,False
1047,4,"Sant Pere, Santa Caterina i la Ribera",Ciutat Vella,431321.0294111792,4581864.421155228,925.46354638972,1744.0,431373.1,4581814.5,72.1,True,False
1048,4,"Sant Pere, Santa Caterina i la Ribera",Ciutat Vella,431443.8668554011,4581990.416581013,881.8217617181681,2105.0,431416.5,4582021.3,41.3,True,False
1049,4,"Sant Pere, Santa Caterina i la Ribera",Ciutat Vella,431233.6647810888,4582020.03754916,747.3652324385436,1476.0,431265.9,4581980.6,50.9,True,False
1050,4,"Sant Pere, Santa Caterina i la Ribera",Ciutat Vella,431141.7258880728,4582078.840686461,657.5510541101671,1569.0,431098.5,4582125.7,63.8,True,False
1051,4,"Sant Pere, Santa Caterina i la Ribera",Ciutat Vella,431284.7312299071,4582219.351890456,603.2699288161522,1769.0,431274.2,4582276.5,58.1,True,False
1052,4,"Sant Pere, Santa Caterina i la Ribera",Ciutat Vella,431159.7296505914,4582267.583636728,493.4369622403361,2511.0,431128.8,4582293.5,40.4,True,False
1053,4,"Sant Pere, Santa Caterina i la Ribera",Ciutat Vella,431445.8496028289,4582229.871943877,706.4663679092259,1873.0,431446.4,4582219.6,10.3,True,False
1054,4,"Sant Pere, Santa Caterina i la Ribera",Ciutat Vella,431544.17012753006,4582141.701845812,838.5244369217697,1219.0,431580.3,4582145.8,36.4,True,False
1055,4,"Sant Pere, Santa Caterina i la Ribera",Ciutat Vella,431627.40512533416,4582354.018588233,790.2185968059839,1281.0,431599.4,4582325.4,40.0,True,False
2001,5,el Fort Pienc,Eixample,431711.9247585261,4582788.575849686,802.2116510418226,1339.0,431633.3,4582715.4,107.4,True,False
2002,5,el Fort Pienc,Eixample,431513.2867800745,4582859.7763558505,603.3363221895833,3665.0,431536.9,4582832.2,36.3,True,False
2003,5,el Fort Pienc,Eixample,431704.5917852472,4583045.899108369,710.458387235548,1167.0,431730.1,4583019.0,37.1,True,False
2004,5,el Fort Pienc,Eixample,431563.3645494582,4583095.670613094,562.3855215788152,1492.0,431629.2,4583066.1,72.2,True,False
2005,5,el Fort Pienc,Eixample,431419.8929006075,4582955.484081382,473.5867335222137,2045.0,431444.3,4582927.7,37.0,True,False
2006,5,el Fort Pienc,Eixample,431322.4068483696,4582767.511778739,413.5585868362435,1666.0,431315.0,4582761.0,9.9,True,False
2007,5,el Fort Pienc,Eixample,431232.0507041976,4582965.623710752,317.15092748387804,1254.0,431224.6,4582963.5,7.7,True,False
2008,5,el Fort Pienc,Eixample,431416.49844638,4583150.422702855,409.3793036591584,1940.0,431440.9,4583127.3,33.6,True,False
2009,5,el Fort Pienc,Eixample,431606.7223397392,4583242.055671166,599.7194060376253,1790.0,431583.1,4583207.9,41.5,True,False
2010,5,el Fort Pienc,Eixample,431658.92201116745,4583388.310750612,678.9897246105688,1211.0,431652.7,4583456.6,68.6,True,False
2011,5,el Fort Pienc,Eixample,431757.92110728816,4583285.58648372,754.6818772804316,1097.0,431723.5,4583316.8,46.5,True,False
2012,5,el Fort Pienc,Eixample,431912.4573860064,4583117.080619802,906.3373233836984,1568.0,431872.1,4583115.4,40.4,True,False
2013,5,el Fort Pienc,Eixample,431900.13211833633,4583467.688923978,932.8743694637318,1137.0,431854.0,4583481.5,48.2,True,False
2014,5,el Fort Pienc,Eixample,431778.51555341855,4583707.887878874,926.73111292635,1362.0,431787.5,4583727.5,21.6,True,False
2015,5,el Fort Pienc,Eixample,431622.3399456243,4583617.014681702,746.5063210374385,1574.0,431579.8,4583618.0,42.6,True,False
2016,5,el Fort Pienc,Eixample,431460.4485896352,4583400.2570755,497.3416413194369,1852.0,431487.8,4583351.0,56.3,True,False
2017,5,el Fort Pienc,Eixample,431218.0300130378,4583257.802501072,219.21921769757523,1980.0,431184.7,4583231.8,42.3,True,False
2018,5,el Fort Pienc,Eixample,431040.6674099213,4583434.388588256,245.17831895362383,1833.0,431030.7,4583460.3,27.8,True,False
2019,5,el Fort Pienc,Eixample,431207.92930801393,4583455.904195397,330.9907692048279,1990.0,431185.6,4583424.8,38.3,True,False
2020,5,el Fort Pienc,Eixample,431377.89446406224,4583555.734320374,518.4778521973701,1483.0,431380.2,4583571.3,15.7,True,False
2021,6,la Sagrada Família,Eixample,431584.0053870805,4583793.902950096,832.8544983852954,1470.0,431572.4,4583799.5,12.9,True,False
2022,6,la Sagrada Família,Eixample,431778.8205711405,4583949.612828894,1080.5104011083615,1309.0,431761.2,4583983.0,37.8,True,False
2023,6,la Sagrada Família,Eixample,431647.0122557338,4583967.856653471,1004.9799176185109,1069.0,431623.4,4584003.8,43.0,True,False
2024,6,la Sagrada Família,Eixample,431391.1203396463,4583747.516905527,674.7848049538095,1108.0,431402.4,4583758.4,15.7,True,False
2025,6,la Sagrada Família,Eixample,431459.9512055517,4583972.688328282,902.1472462570248,1117.0,431414.4,4584022.0,67.1,True,False
2026,6,la Sagrada Família,Eixample,431321.3076404135,4583931.022525588,802.9382872638929,2068.0,431347.1,4583957.0,36.6,True,False
2027,6,la Sagrada Família,Eixample,431228.7159131439,4584120.096353896,954.449130406462,2114.0,431203.2,4584145.5,36.0,True,False
2028,6,la Sagrada Família,Eixample,431414.1670065592,4584114.133644941,1007.8481200596716,2032.0,431440.8,4584085.5,39.1,True,False
2029,6,la Sagrada Família,Eixample,431553.728511957,4584063.486859105,1028.2822675531788,1213.0,431616.0,4584031.7,69.9,True,False
2030,6,la Sagrada Família,Eixample,431649.1350816712,4584156.013699004,1157.7352381523294,1370.0,431692.0,4584105.0,66.6,True,False
2031,6,la Sagrada Família,Eixample,431555.3630208993,4584251.623500406,1192.7886065181533,1036.0,431505.1,4584295.4,66.7,True,False
2032,6,la Sagrada Família,Eixample,431415.9424575142,4584301.567018811,1182.4936856475333,1157.0,431405.3,4584308.9,12.9,True,False
2033,6,la Sagrada Família,Eixample,431274.0410594524,4584351.583193462,1190.1895089746652,1157.0,431308.0,4584407.9,65.8,True,False
2034,6,la Sagrada Família,Eixample,431180.85454877233,4584261.736236046,1084.174546741864,1193.0,431132.2,4584219.1,64.7,True,False
2035,6,la Sagrada Família,Eixample,431087.79488757753,4584171.10198902,983.0089928454228,1279.0,431132.2,4584219.1,65.4,True,False
2036,6,la Sagrada Família,Eixample,431066.3687255111,4584328.791798513,1138.9862148595105,1198.0,431037.7,4584325.6,28.8,True,False
2037,6,la Sagrada Família,Eixample,431179.64402455016,4584448.692957111,1268.9542001675727,1201.0,431125.8,4584411.0,65.7,True,False
2038,6,la Sagrada Família,Eixample,431275.3537806132,4584538.532942101,1373.3349739051866,1525.0,431322.5,4584583.7,65.3,True,False
2039,6,la Sagrada Família,Eixample,431065.842173693,4584514.121932703,1324.0924948690383,1756.0,431064.0,4584472.6,41.6,True,False
2040,6,la Sagrada Família,Eixample,431066.945000922,4584701.862802528,1511.7243781874568,1671.0,431053.3,4584720.6,23.2,True,False
2041,6,la Sagrada Família,Eixample,430921.4001943557,4584579.684675196,1391.2121543751216,1631.0,430950.8,4584591.3,31.6,True,False
2042,6,la Sagrada Família,Eixample,430762.8416497871,4584414.45392379,1238.6872412969346,1603.0,430760.9,4584413.1,2.4,True,False
2043,6,la Sagrada Família,Eixample,430616.1587034229,4584271.226576796,1062.4837306760564,1461.0,430670.6,4584322.9,75.1,True,False
2044,6,la Sagrada Família,Eixample,430708.4410772073,4584176.09404819,995.179900192727,1300.0,430663.4,4584113.8,76.9,True,False
2045,6,la Sagrada Família,Eixample,430808.4638328354,4584273.646939375,1100.8526011940994,1166.0,430854.2,4584317.0,63.0,True,False
2046,6,la Sagrada Família,Eixample,430921.264447043,4584394.305686571,1206.268933387561,1919.0,430940.7,4584414.4,28.0,True,False
2047,6,la Sagrada Família,Eixample,430922.0194010392,4584209.609755304,1022.087917282704,1967.0,430919.8,4584250.4,40.9,True,False
2048,6,la Sagrada Família,Eixample,430801.3503169532,4584080.257844222,912.979494537428,1285.0,430722.2,4584092.3,80.1,True,False
2049,6,la Sagrada Família,Eixample,430988.338122288,4583980.655933811,789.6872195000648,2035.0,430988.7,4583997.6,16.9,True,False
2050,6,la Sagrada Família,Eixample,431229.6106591801,4583841.261614998,686.3837310316059,1610.0,431243.9,4583856.1,20.6,True,False
2051,6,la Sagrada Família,Eixample,431128.95903988,4583743.525424222,565.1261351642796,1857.0,431112.8,4583733.7,18.9,True,False
2052,6,la Sagrada Família,Eixample,430977.3841093609,4583697.852299022,507.60456427150285,1788.0,430950.3,4583739.5,49.7,True,False
2053,6,la Sagrada Família,Eixample,430859.0825820796,4583628.208759831,462.0193774987036,1856.0,430824.3,4583632.8,35.1,True,False
2054,6,la Sagrada Família,Eixample,430746.4995300037,4583836.732940538,696.883881170716,1881.0,430723.5,4583858.7,31.8,True,False
2055,7,la Dreta de l'Eixample,Eixample,430547.79855161096,4583643.605298877,439.6091734958294,1840.0,430549.8,4583658.3,14.8,True,False
2056,7,la Dreta de l'Eixample,Eixample,430682.9628856372,4583525.985039399,413.5902206561372,1499.0,430678.6,4583525.8,4.4,True,False
2057,7,la Dreta de l'Eixample,Eixample,430446.6967660801,4583463.41364405,237.16666740304703,1267.0,430452.4,4583458.4,7.6,True,False
2058,7,la Dreta de l'Eixample,Eixample,430262.72145574365,4583552.67953299,344.69797028068706,1372.0,430257.0,4583572.0,20.1,True,False
2059,7,la Dreta de l'Eixample,Eixample,430077.8848018699,4583371.863679636,342.79509275754594,1669.0,430065.9,4583383.5,16.7,True,False
2060,7,la Dreta de l'Eixample,Eixample,430264.6242450803,4583356.713709228,177.12619955287775,1673.0,430245.1,4583393.4,41.6,True,False
2061,7,la Dreta de l'Eixample,Eixample,430804.0513800368,4583370.871563163,260.72407940091847,1344.0,430805.0,4583394.4,23.5,True,False
2062,7,la Dreta de l'Eixample,Eixample,430518.4159406407,4583278.925678641,123.22739844381448,1535.0,430521.4,4583301.2,22.5,True,False
2063,7,la Dreta de l'Eixample,Eixample,430234.463484144,4583187.897056173,163.06603768546714,1171.0,430249.5,4583195.0,16.6,True,False
2064,7,la Dreta de l'Eixample,Eixample,430359.29390894633,4583084.396107074,126.51925072922768,1300.0,430357.3,4583088.7,4.7,True,False
2065,7,la Dreta de l'Eixample,Eixample,430548.1720139657,4583081.717160155,6.780121431759931,1813.0,430594.7,4583034.3,66.4,True,True
2066,7,la Dreta de l'Eixample,Eixample,430928.6241688437,4583266.619195,106.49146995826317,1766.0,430903.5,4583292.6,36.1,True,False
2067,7,la Dreta de l'Eixample,Eixample,431022.6754634256,4583170.87608027,24.44392926357688,1656.0,430958.0,4583159.5,65.7,True,True
2068,7,la Dreta de l'Eixample,Eixample,431123.5714694124,4583076.284503094,162.19012156989857,1624.0,431116.0,4583085.0,11.5,True,False
2069,7,la Dreta de l'Eixample,Eixample,430875.413977197,4583032.187080724,64.76114863192772,1357.0,430803.9,4583015.8,73.4,True,True
2070,7,la Dreta de l'Eixample,Eixample,430595.1180289997,4582939.996174515,49.04750442526515,1270.0,430590.8,4582861.5,78.6,True,True
2071,7,la Dreta de l'Eixample,Eixample,430688.5301360808,4582844.327904207,58.579486291210216,1674.0,430764.0,4582824.2,78.1,True,True
2072,7,la Dreta de l'Eixample,Eixample,430786.5081045725,4582742.47159714,59.60413001953764,1204.0,430795.2,4582674.0,69.0,True,True
2073,7,la Dreta de l'Eixample,Eixample,431079.8830110213,4582746.844077094,172.4582730048932,1638.0,431069.4,4582741.8,11.6,True,False
2074,7,la Dreta de l'Eixample,Eixample,431270.5355897941,4582545.115774098,386.2053962562853,1282.0,431273.1,4582532.6,12.8,True,False
2075,7,la Dreta de l'Eixample,Eixample,431057.0396182298,4582374.626204102,351.42095497508745,1261.0,431053.7,4582372.4,4.0,True,False
2076,7,la Dreta de l'Eixample,Eixample,430890.09538572544,4582541.930630688,156.16822472771446,1622.0,430896.4,4582537.6,7.6,True,False
2077,7,la Dreta de l'Eixample,Eixample,430552.0804890597,4582171.420012305,411.78992511272895,1758.0,430576.1,4582201.5,38.5,True,False
2078,7,la Dreta de l'Eixample,Eixample,430438.3111212303,4582586.858648703,37.46056595516024,1474.0,430454.3,4582602.3,22.2,True,False
2079,7,la Dreta de l'Eixample,Eixample,430193.64072830987,4582356.958742288,27.20952206538201,1490.0,430197.2,4582362.7,6.8,True,False
2080,7,la Dreta de l'Eixample,Eixample,430157.11973138986,4582883.476625384,370.5003411308097,1596.0,430168.7,4582896.9,17.7,True,False
2081,7,la Dreta de l'Eixample,Eixample,429916.86745077686,4582651.929651878,377.0820135665623,2170.0,429896.9,4582684.3,38.0,True,False
2082,7,la Dreta de l'Eixample,Eixample,429924.5214648499,4583127.798638599,478.3682304369688,916.0,429925.5,4583128.8,1.4,True,False
2083,7,la Dreta de l'Eixample,Eixample,429643.3606425388,4582916.218272116,757.3569908203755,1915.0,429656.6,4582896.8,23.5,True,False
2084,8,l'Antiga Esquerra de l'Eixample,Eixample,429458.2024344328,4582668.986262148,713.2881038746622,2065.0,429460.2,4582670.6,2.6,True,False
2085,8,l'Antiga Esquerra de l'Eixample,Eixample,429268.6508336872,4582846.686996976,966.8803635066292,1413.0,429272.3,4582857.1,11.0,True,False
2086,8,l'Antiga Esquerra de l'Eixample,Eixample,429098.7192923634,4582746.748939743,946.0631502669256,1404.0,429139.0,4582725.7,45.4,True,False
2087,8,l'Antiga Esquerra de l'Eixample,Eixample,429315.007009349,4582528.177551821,656.0036377302324,1425.0,429342.5,4582557.9,40.5,True,False
2088,8,l'Antiga Esquerra de l'Eixample,Eixample,429550.37535961694,4582478.114807203,513.1053421924489,1679.0,429585.0,4582419.9,67.7,True,False
2089,8,l'Antiga Esquerra de l'Eixample,Eixample,429644.0709021472,4582382.991042257,379.5893699661517,1753.0,429682.7,4582440.7,69.4,True,False
2090,8,l'Antiga Esquerra de l'Eixample,Eixample,429738.0246539538,4582287.770625799,245.82253910485016,1739.0,429787.8,4582265.8,54.4,True,False
2091,8,l'Antiga Esquerra de l'Eixample,Eixample,429977.9921953944,4582137.490243137,30.08784411774981,2269.0,429910.3,4582207.0,97.0,True,True
2092,8,l'Antiga Esquerra de l'Eixample,Eixample,429833.888450877,4581997.361558823,27.392804294554526,1759.0,429768.6,4581969.0,71.2,True,True
2093,8,l'Antiga Esquerra de l'Eixample,Eixample,429686.7782244857,4581956.350993267,0.7693654037945239,1676.0,429716.2,4581960.9,29.8,True,True
2094,8,l'Antiga Esquerra de l'Eixample,Eixample,429784.2275885468,4581761.43493303,208.2955688074016,1503.0,429814.6,4581729.8,43.9,True,False
2095,8,l'Antiga Esquerra de l'Eixample,Eixample,429593.8547984511,4581668.673166266,158.26552492046744,1512.0,429565.3,4581650.5,33.8,True,False
2096,8,l'Antiga Esquerra de l'Eixample,Eixample,429583.199333985,4581868.910549244,25.315873411464928,1408.0,429530.8,4581828.8,66.0,True,True
2097,8,l'Antiga Esquerra de l'Eixample,Eixample,429427.9311504802,4581835.482436947,75.42159684830477,1119.0,429395.1,4581857.9,39.8,True,False
2098,8,l'Antiga Esquerra de l'Eixample,Eixample,429499.7239750871,4582147.91210329,233.3313350730816,1446.0,429529.3,4582171.7,38.0,True,False
2099,8,l'Antiga Esquerra de l'Eixample,Eixample,429398.7494411547,4582061.885117231,239.155928283104,1615.0,429398.1,4582046.4,15.5,True,False
2100,8,l'Antiga Esquerra de l'Eixample,Eixample,429290.9399572392,4581981.053326662,209.2792867712692,1342.0,429305.6,4581960.2,25.5,True,False
2101,8,l'Antiga Esquerra de l'Eixample,Eixample,429263.2615725124,4582197.304920688,402.0808909019356,2181.0,429315.5,4582239.0,66.8,True,False
2102,8,l'Antiga Esquerra de l'Eixample,Eixample,429225.49840572657,4582441.365998378,629.7558086151687,1385.0,429220.0,4582438.4,6.2,True,False
2103,8,l'Antiga Esquerra de l'Eixample,Eixample,429082.0598406757,4582300.5992380185,505.895719270527,1650.0,429075.1,4582294.6,9.2,True,False
2104,8,l'Antiga Esquerra de l'Eixample,Eixample,428886.6588432409,4582390.448466178,655.2538685697206,1170.0,428836.3,4582347.8,66.0,True,False
2105,8,l'Antiga Esquerra de l'Eixample,Eixample,429031.2650074136,4582531.442739263,742.2174685024564,2083.0,429028.3,4582537.4,6.7,True,False
2106,8,l'Antiga Esquerra de l'Eixample,Eixample,428932.7520054111,4582724.468649336,952.775191996457,1442.0,428908.2,4582694.5,38.7,True,False
2107,8,l'Antiga Esquerra de l'Eixample,Eixample,428814.08469031984,4582654.500598991,925.4475556726716,1630.0,428818.6,4582605.9,48.8,True,False
2108,8,l'Antiga Esquerra de l'Eixample,Eixample,428697.88990959217,4582582.355408342,915.041614906006,1596.0,428651.3,4582630.3,66.9,True,False
2109,8,l'Antiga Esquerra de l'Eixample,Eixample,428563.148247218,4582513.984945072,939.9006936818056,2101.0,428552.5,4582535.7,24.2,True,False
2110,9,la Nova Esquerra de l'Eixample,Eixample,428707.0471659316,4582260.398846643,656.5868544187936,1852.0,428686.3,4582284.1,31.5,True,False
2111,9,la Nova Esquerra de l'Eixample,Eixample,428460.4149546151,4582245.113486046,795.9349445136321,1848.0,428456.2,4582242.8,4.8,True,False
2112,9,la Nova Esquerra de l'Eixample,Eixample,428395.4707840874,4582082.042925435,701.1616685447043,1272.0,428356.1,4582071.4,40.8,True,False
2113,9,la Nova Esquerra de l'Eixample,Eixample,428552.4539794808,4582062.403200946,591.8290177018029,2188.0,428534.8,4582082.6,26.8,True,False
2114,9,la Nova Esquerra de l'Eixample,Eixample,428646.7792009886,4581966.77505521,462.16664556569833,1671.0,428621.9,4581993.6,36.6,True,False
2115,9,la Nova Esquerra de l'Eixample,Eixample,428788.0836856406,4581917.939945952,368.38818296385415,1337.0,428821.8,4581978.9,69.7,True,False
2116,9,la Nova Esquerra de l'Eixample,Eixample,428883.2602957173,4582011.862938213,361.5641930386188,990.0,428938.8,4581976.6,65.8,True,False
2117,9,la Nova Esquerra de l'Eixample,Eixample,428978.48651268246,4582105.950872201,362.4691743167032,1217.0,429028.5,4582065.9,64.1,True,False
2118,9,la Nova Esquerra de l'Eixample,Eixample,429135.1489965788,4581948.3836284485,150.83977971983245,1444.0,429129.2,4581970.5,22.9,True,False
2119,9,la Nova Esquerra de l'Eixample,Eixample,428977.3222013769,4581916.331451191,230.95387488027305,1267.0,428938.8,4581976.6,71.5,True,False
2120,9,la Nova Esquerra de l'Eixample,Eixample,428881.86822905735,4581822.33037361,266.6703004238337,1163.0,428919.6,4581766.4,67.5,True,False
2121,9,la Nova Esquerra de l'Eixample,Eixample,428993.95779297146,4581760.585098788,190.26885813120745,1262.0,429020.7,4581775.2,30.5,True,False
2122,9,la Nova Esquerra de l'Eixample,Eixample,428786.5594814432,4581728.915089938,187.21572629898984,1026.0,428824.1,4581674.1,66.4,True,False
2123,9,la Nova Esquerra de l'Eixample,Eixample,428693.0454837773,4581824.188439007,315.26242756583235,1093.0,428763.9,4581848.2,74.8,True,False
2124,9,la Nova Esquerra de l'Eixample,Eixample,428504.5240872224,4581825.818798933,445.6970769467932,1083.0,428442.3,4581795.6,69.2,True,False
2125,9,la Nova Esquerra de l'Eixample,Eixample,428387.8535571781,4581888.71775367,577.0296353796075,1670.0,428345.7,4581892.8,42.4,True,False
2126,9,la Nova Esquerra de l'Eixample,Eixample,428380.112564612,4581695.027130853,499.180708898742,1464.0,428317.7,4581693.3,62.4,True,False
2127,9,la Nova Esquerra de l'Eixample,Eixample,428467.4904869748,4581599.246216141,394.5338025340564,1156.0,428519.1,4581560.6,64.5,True,False
2128,9,la Nova Esquerra de l'Eixample,Eixample,428702.7538522174,4581627.071679524,172.05877528194594,1300.0,428732.2,4581577.2,57.9,True,False
2129,9,la Nova Esquerra de l'Eixample,Eixample,428534.1453829169,4581505.000887541,329.62617191885226,1523.0,428549.7,4581492.1,20.2,True,False
2130,9,la Nova Esquerra de l'Eixample,Eixample,428455.3299831805,4581294.354319608,449.1466372515566,1104.0,428414.7,4581250.0,60.2,True,False
2131,9,la Nova Esquerra de l'Eixample,Eixample,428588.6404947374,4581163.329055222,294.1180958379024,1121.0,428540.2,4581123.3,62.8,True,False
2132,9,la Nova Esquerra de l'Eixample,Eixample,428686.5892997233,4581257.6075168485,220.79559121579533,1012.0,428758.7,4581277.5,74.8,True,False
2133,9,la Nova Esquerra de l'Eixample,Eixample,428572.0865390837,4581370.787125107,342.4141819202808,821.0,428542.8,4581308.9,68.5,True,False
2134,9,la Nova Esquerra de l'Eixample,Eixample,428682.81708665664,4581447.383916796,207.8836648240357,1454.0,428640.0,4581486.5,58.0,True,False
2135,9,la Nova Esquerra de l'Eixample,Eixample,428830.42554754246,4581397.482771545,132.46587674743117,2095.0,428815.9,4581411.1,19.9,True,False
2136,9,la Nova Esquerra de l'Eixample,Eixample,428791.253534026,4581527.487314774,74.38344580669089,881.0,428813.2,4581584.6,61.2,True,False
2137,9,la Nova Esquerra de l'Eixample,Eixample,428947.9619227722,4581561.3661540365,66.2580862776641,1438.0,428898.7,4581557.0,49.5,True,False
2138,9,la Nova Esquerra de l'Eixample,Eixample,429102.83613744105,4581677.233970575,143.45086975081608,1921.0,429083.4,4581712.0,39.8,True,False
2139,9,la Nova Esquerra de l'Eixample,Eixample,429319.7588568924,4581755.114092303,65.68043716287268,1711.0,429280.5,4581744.8,40.6,True,False
2140,9,la Nova Esquerra de l'Eixample,Eixample,429209.9842465407,4581583.115768437,71.65515201906898,1891.0,429201.4,4581594.1,13.9,True,False
2141,9,la Nova Esquerra de l'Eixample,Eixample,429066.9265520817,4581442.649004044,67.7840115280172,1179.0,428993.3,4581464.1,76.7,True,True
2142,9,la Nova Esquerra de l'Eixample,Eixample,429207.9168640916,4581393.782182949,61.05559013206968,2000.0,429181.1,4581421.4,38.5,True,False
2143,9,la Nova Esquerra de l'Eixample,Eixample,429398.97278241976,4581581.480143407,0.1520983913626227,1466.0,429445.4,4581533.0,67.1,True,True
2144,9,la Nova Esquerra de l'Eixample,Eixample,429497.1978483749,4581480.409055069,0.8867769064365932,1494.0,429536.2,4581441.3,55.2,True,True
2145,9,la Nova Esquerra de l'Eixample,Eixample,429305.828309398,4581293.492211236,133.44688304609312,1228.0,429299.8,4581299.9,8.8,True,False
2146,9,la Nova Esquerra de l'Eixample,Eixample,429162.6782601244,4581153.087099915,67.06601803446371,1178.0,429168.4,4581082.2,71.1,True,True
2147,9,la Nova Esquerra de l'Eixample,Eixample,429018.1105564576,4581300.751027868,6.940383255548023,2076.0,428970.7,4581253.4,67.0,True,True
2148,9,la Nova Esquerra de l'Eixample,Eixample,428824.0482259516,4581112.647903998,72.97159940081409,1554.0,428873.1,4581160.7,68.7,True,False
2149,9,la Nova Esquerra de l'Eixample,Eixample,428970.0460633913,4580963.310363655,211.6688216157289,1864.0,429047.4,4580984.0,80.1,True,False
2150,10,Sant Antoni,Eixample,429075.7782659173,4580814.620187613,375.12282542568425,1508.0,429060.7,4580781.7,36.2,True,False
2151,10,Sant Antoni,Eixample,429202.2409626075,4580926.028796004,217.4808025782129,1489.0,429252.4,4580929.9,50.3,True,False
2152,10,Sant Antoni,Eixample,429266.7306394023,4581046.966113779,83.11251670703412,1270.0,429262.0,4581118.3,71.5,True,False
2153,10,Sant Antoni,Eixample,429365.89312188793,4580945.512670833,202.29219332792843,1352.0,429404.3,4580903.8,56.7,True,False
2154,10,Sant Antoni,Eixample,429333.647878396,4580787.841849892,345.1878679652003,1006.0,429344.2,4580829.3,42.8,True,False
2155,10,Sant Antoni,Eixample,429498.9722929147,4580814.662515454,382.70967505307306,1804.0,429536.0,4580830.2,40.2,True,False
2156,10,Sant Antoni,Eixample,429647.67024703824,4580848.428453127,462.009821119114,1283.0,429699.2,4580806.4,66.5,True,False
2157,10,Sant Antoni,Eixample,429554.4041793222,4580943.795380364,330.5561656888883,1194.0,429556.6,4580932.4,11.6,True,False
2158,10,Sant Antoni,Eixample,429509.1941323536,4581085.96898516,232.6428621193511,1584.0,429506.4,4581086.9,2.9,True,False
2159,10,Sant Antoni,Eixample,429409.8410298982,4581187.094690761,141.77475212064763,1961.0,429382.4,4581214.8,39.0,True,False
2160,10,Sant Antoni,Eixample,429600.88455310895,4581374.172309734,102.24347464851276,1968.0,429602.7,4581371.1,3.6,True,False
2161,10,Sant Antoni,Eixample,429652.79378506646,4581226.557373113,253.18291884077152,1158.0,429706.2,4581262.7,64.5,True,False
2162,10,Sant Antoni,Eixample,429748.02861771366,4581320.405897423,252.4391737422088,1402.0,429790.1,4581373.1,67.4,True,False
2163,10,Sant Antoni,Eixample,429791.9172635216,4581561.515546047,285.14822458458355,1806.0,429766.9,4581588.0,36.4,True,False
2164,10,Sant Antoni,Eixample,430007.3741285018,4581735.163499488,335.5038055764474,1445.0,430026.0,4581702.4,37.7,True,False
2165,10,Sant Antoni,Eixample,429891.0962305339,4581461.152974481,361.0480875790719,1694.0,429901.0,4581448.2,16.3,True,False
2166,10,Sant Antoni,Eixample,429921.5442018875,4581310.558836637,414.74080658458655,2145.0,429884.8,4581276.2,50.3,True,False
2167,10,Sant Antoni,Eixample,429697.6294638501,4581084.565907717,400.2260147947336,2111.0,429721.7,4581060.2,34.3,True,False
2168,10,Sant Antoni,Eixample,429860.1649444999,4581062.345059143,507.5914218370947,2256.0,429906.2,4581063.8,46.1,True,False
2169,10,Sant Antoni,Eixample,430073.69671396055,4580986.606409696,712.9507372056596,1548.0,430099.5,4581011.1,35.6,True,False
2170,10,Sant Antoni,Eixample,430255.023500056,4580806.437122312,967.9945052171564,1521.0,430263.3,4580795.8,13.5,True,False
2171,10,Sant Antoni,Eixample,430022.9925043362,4580765.4029919775,826.6592065140758,1618.0,430033.0,4580758.6,12.1,True,False
2172,10,Sant Antoni,Eixample,429977.9106467315,4580892.84683904,713.2359340094062,1508.0,429974.7,4580889.3,4.8,True,False
2173,10,Sant Antoni,Eixample,429794.5501395199,4580812.942981229,603.355441878603,1544.0,429762.2,4580828.9,36.1,True,False
3001,11,el Poble-sec,Sants-Montjuïc,429595.6010209086,4580652.111955467,571.4928170311246,1685.0,429615.5,4580651.4,19.9,True,False
3002,11,el Poble-sec,Sants-Montjuïc,429527.03689043625,4580494.247338886,680.8573676311331,1943.0,429552.5,4580480.2,29.1,True,False
3003,11,el Poble-sec,Sants-Montjuïc,429463.750734644,4580636.542252584,525.3566356616517,1662.0,429493.9,4580618.9,34.9,True,False
3004,11,el Poble-sec,Sants-Montjuïc,429343.171231404,4580618.49861966,514.249832109808,1563.0,429325.2,4580624.4,18.9,True,False
3005,11,el Poble-sec,Sants-Montjuïc,429432.89760131313,4580339.644733457,803.845412821419,1161.0,429418.0,4580332.5,16.5,True,False
3006,11,el Poble-sec,Sants-Montjuïc,429681.94603161706,4580352.037820212,874.4520990390727,1399.0,429702.6,4580354.1,20.8,True,False
3007,11,el Poble-sec,Sants-Montjuïc,429689.2486839736,4580481.458321769,765.6648116502257,1658.0,429688.5,4580495.5,14.1,True,False
3008,11,el Poble-sec,Sants-Montjuïc,429752.86332717614,4580571.652812713,730.4981734132111,1207.0,429756.7,4580537.2,34.7,True,False
3009,11,el Poble-sec,Sants-Montjuïc,429780.5304702358,4580675.639613524,674.8660587017907,1196.0,429748.3,4580667.1,33.3,True,False
3010,11,el Poble-sec,Sants-Montjuïc,429942.0600512266,4580646.090293205,818.9752915417271,1895.0,429913.7,4580648.0,28.4,True,False
3011,11,el Poble-sec,Sants-Montjuïc,429896.2159278863,4580508.526567628,874.0328939129134,1755.0,429882.7,4580520.5,18.1,True,False
3012,11,el Poble-sec,Sants-Montjuïc,430080.9713557355,4580620.008185011,948.5071946637768,2033.0,430065.6,4580618.5,15.4,True,False
3013,11,el Poble-sec,Sants-Montjuïc,430074.189280808,4580444.692461229,1047.8699842966353,1717.0,430087.8,4580485.0,42.5,True,False
3014,11,el Poble-sec,Sants-Montjuïc,430193.6516499164,4580476.428083739,1122.2748807110218,1779.0,430220.7,4580489.2,29.9,True,False
3015,11,el Poble-sec,Sants-Montjuïc,430274.9632923446,4580619.943842139,1113.7479296024558,2901.0,430231.0,4580637.9,47.5,True,False
3016,11,el Poble-sec,Sants-Montjuïc,430465.0256101394,4580646.253927586,1231.5610001634882,1254.0,430505.5,4580604.0,58.5,True,False
3017,11,el Poble-sec,Sants-Montjuïc,430335.1928461976,4580456.585669509,1250.72195436753,1629.0,430321.8,4580478.8,25.9,True,False
3018,11,el Poble-sec,Sants-Montjuïc,430491.1418410913,4580462.30375559,1376.624570431273,1635.0,430469.2,4580416.4,50.9,True,False
3019,11,el Poble-sec,Sants-Montjuïc,430664.712043256,4580604.887690558,1413.4991893768204,1511.0,430643.1,4580632.6,35.1,True,False
3020,11,el Poble-sec,Sants-Montjuïc,430947.3851670062,4580479.275137545,1716.639254704696,1213.0,430934.2,4580463.9,20.3,True,False
3021,11,el Poble-sec,Sants-Montjuïc,430752.781547804,4580479.784075516,1559.5475801393222,1074.0,430784.2,4580505.8,40.8,True,False
3022,11,el Poble-sec,Sants-Montjuïc,430571.0961600302,4580328.664857728,1518.5249852149827,1424.0,430535.6,4580343.2,38.4,True,False
3023,11,el Poble-sec,Sants-Montjuïc,430159.5297466415,4580318.2369843,1195.7480821317497,1875.0,430165.6,4580323.9,8.3,True,False
3024,11,el Poble-sec,Sants-Montjuïc,429477.80179561407,4579488.07721449,1652.6578896024791,1974.0,429508.1,4579456.3,43.9,True,False
3025,12,la Marina del Prat Vermell,Sants-Montjuïc,428198.5325126097,4576754.601239828,4454.353312961321,1517.0,428235.3,4576736.7,40.9,True,False
3026,13,la Marina de Port,Sants-Montjuïc,427618.04080449295,4578597.977863661,2853.645356304402,998.0,427661.4,4578630.9,54.4,True,False
3027,13,la Marina de Port,Sants-Montjuïc,427639.1294756933,4578951.608472852,2531.045163526303,1704.0,427605.4,4578903.8,58.5,True,False
3028,13,la Marina de Port,Sants-Montjuïc,427747.4745815108,4579289.310673957,2184.8529903241,2612.0,427715.4,4579261.3,42.6,True,False
3029,13,la Marina de Port,Sants-Montjuïc,427807.5191640643,4578932.487421693,2469.902041426806,1267.0,427811.2,4578936.5,5.4,True,False
3030,13,la Marina de Port,Sants-Montjuïc,427967.066519363,4578784.214298509,2542.476430788729,1566.0,427951.3,4578831.3,49.7,True,False
3031,13,la Marina de Port,Sants-Montjuïc,428236.6685977212,4578854.855859342,2390.200188092744,2360.0,428120.8,4578858.1,115.9,True,False
3032,13,la Marina de Port,Sants-Montjuïc,428401.79689293314,4578725.570992858,2477.645176964528,1700.0,428413.2,4578713.2,16.8,True,False
3033,13,la Marina de Port,Sants-Montjuïc,428186.9981979893,4579141.306400041,2131.517108091817,1477.0,428189.8,4579107.0,34.4,True,False
3034,13,la Marina de Port,Sants-Montjuïc,428121.8836641109,4578988.3546989495,2297.3744083966308,1496.0,428169.8,4578969.6,51.5,True,False
3035,13,la Marina de Port,Sants-Montjuïc,427995.56101694674,4579273.949848131,2080.736238807832,2225.0,428043.5,4579243.7,56.7,True,False
3036,13,la Marina de Port,Sants-Montjuïc,427919.72483843286,4579728.623785239,1721.9060761273818,2365.0,427935.5,4579727.7,15.8,True,False
3037,13,la Marina de Port,Sants-Montjuïc,428071.7011144501,4579325.286991703,2002.3881383882288,985.0,428094.1,4579352.6,35.3,True,False
3038,13,la Marina de Port,Sants-Montjuïc,428485.7147416107,4579260.433317124,1936.785396185756,937.0,428582.6,4579259.3,96.9,True,False
3039,13,la Marina de Port,Sants-Montjuïc,428145.8680072676,4579542.545384342,1773.8223583972767,2495.0,428157.4,4579534.9,13.8,True,False
3040,14,la Font de la Guatlla,Sants-Montjuïc,428163.8737807687,4579881.757648137,1463.0872663081277,1690.0,428101.0,4579913.1,70.3,True,False
3041,14,la Font de la Guatlla,Sants-Montjuïc,428267.0351947087,4580055.235087818,1261.3154273383857,1394.0,428312.7,4580076.5,50.4,True,False
3042,14,la Font de la Guatlla,Sants-Montjuïc,428557.4101754522,4580122.74231047,1083.341396198268,1348.0,428575.5,4580095.7,32.5,True,False
3043,14,la Font de la Guatlla,Sants-Montjuïc,428380.7223388067,4580174.469301301,1102.522742949259,1566.0,428390.7,4580164.9,13.8,True,False
3044,14,la Font de la Guatlla,Sants-Montjuïc,428534.5871220449,4580352.326702802,875.9099462315303,1886.0,428521.8,4580378.5,29.1,True,False
3045,14,la Font de la Guatlla,Sants-Montjuïc,428814.0164185185,4580356.49200659,802.5530290644141,1084.0,428796.9,4580353.7,17.3,True,False
3046,14,la Font de la Guatlla,Sants-Montjuïc,428685.8923254821,4580474.683587424,709.263055350276,1391.0,428703.7,4580472.7,17.9,True,False
3047,15,Hostafrancs,Sants-Montjuïc,428628.2374317984,4580834.044988955,410.4355432604797,1733.0,428610.2,4580837.7,18.4,True,False
3048,15,Hostafrancs,Sants-Montjuïc,428438.0868216803,4581113.229783734,446.6454622956505,1335.0,428436.4,4581106.9,6.6,True,False
3049,15,Hostafrancs,Sants-Montjuïc,428383.506422882,4580980.809408807,529.0482104701234,1656.0,428404.6,4580991.9,23.8,True,False
3050,15,Hostafrancs,Sants-Montjuïc,428271.94208389247,4580850.598560913,682.8773332908124,1605.0,428251.0,4580837.6,24.6,True,False
3051,15,Hostafrancs,Sants-Montjuïc,428236.7458857549,4580641.354694644,825.9441605519357,1890.0,428206.6,4580647.5,30.8,True,False
3052,15,Hostafrancs,Sants-Montjuïc,428361.3129097404,4580641.847687241,732.3057866431352,1342.0,428363.1,4580617.0,24.9,True,False
3053,15,Hostafrancs,Sants-Montjuïc,428588.8817525697,4580676.584370041,562.3608655794841,2147.0,428613.4,4580677.4,24.5,True,False
3054,15,Hostafrancs,Sants-Montjuïc,428534.8956821744,4580515.508912804,728.9087052102896,1634.0,428574.9,4580489.4,47.8,True,False
3055,15,Hostafrancs,Sants-Montjuïc,428377.2939001423,4580418.880604414,893.8131711894582,1565.0,428328.1,4580385.4,59.5,True,False
3056,15,Hostafrancs,Sants-Montjuïc,428321.268142634,4580305.132712943,1019.4717377076014,952.0,428278.4,4580294.9,44.1,True,False
3057,16,la Bordeta,Sants-Montjuïc,428176.49823759246,4580487.339412408,972.5858900248052,1477.0,428166.0,4580466.0,23.8,True,False
3058,16,la Bordeta,Sants-Montjuïc,428126.4015049253,4580243.705361401,1185.0787275281364,1747.0,428141.6,4580231.0,19.8,True,False
3059,16,la Bordeta,Sants-Montjuïc,428031.752101173,4580201.592459724,1278.7305140711942,1168.0,428047.9,4580212.4,19.4,True,False
3060,16,la Bordeta,Sants-Montjuïc,427950.10285075824,4580345.277298244,1235.766888114516,1344.0,427940.8,4580349.7,10.3,True,False
3061,16,la Bordeta,Sants-Montjuïc,427935.218299339,4580159.98044383,1374.7454089272271,1091.0,427943.8,4580204.9,45.7,True,False
3062,16,la Bordeta,Sants-Montjuïc,427785.35322937474,4580258.215924323,1417.8523430517323,1546.0,427795.3,4580243.8,17.5,True,False
3063,16,la Bordeta,Sants-Montjuïc,427774.5480868535,4580043.743466836,1570.1203654987985,1954.0,427766.1,4580171.0,127.5,True,False
3064,16,la Bordeta,Sants-Montjuïc,427629.0854636793,4579726.813735066,1901.1423219464164,1202.0,427634.2,4579726.8,5.1,True,False
3065,16,la Bordeta,Sants-Montjuïc,427634.9387089867,4579866.174847777,1794.644280080121,1339.0,427601.3,4579853.6,35.9,True,False
3066,16,la Bordeta,Sants-Montjuïc,427463.8169410724,4579945.5372916125,1865.1041044202289,2324.0,427506.1,4579970.3,49.0,True,False
3067,16,la Bordeta,Sants-Montjuïc,427573.2198867192,4580024.156927206,1730.8846008674798,1729.0,427528.5,4580008.3,47.4,True,False
3068,16,la Bordeta,Sants-Montjuïc,427530.7911382241,4580188.098383879,1662.7114301908966,1144.0,427546.1,4580187.8,15.3,True,False
3069,16,la Bordeta,Sants-Montjuïc,427393.6177929072,4580186.566325009,1776.8730106445291,1162.0,427436.1,4580192.4,42.9,True,False
3070,17,Sants - Badal,Sants-Montjuïc,427290.50916788535,4580318.637887342,1798.97851383762,1319.0,427321.8,4580303.5,34.8,True,False
3071,17,Sants - Badal,Sants-Montjuïc,427252.66590504016,4580386.423215917,1802.587040970824,1343.0,427278.2,4580373.3,28.7,True,False
3072,17,Sants - Badal,Sants-Montjuïc,427198.9391196608,4580437.486813124,1830.67162017262,1335.0,427228.5,4580418.7,35.0,True,False
3073,17,Sants - Badal,Sants-Montjuïc,427268.0681949879,4580695.297544488,1679.0712473310764,1580.0,427267.6,4580687.9,7.4,True,False
3074,17,Sants - Badal,Sants-Montjuïc,427166.1453486685,4580668.715532765,1784.3774803542988,1750.0,427211.9,4580704.5,58.1,True,False
3075,17,Sants - Badal,Sants-Montjuïc,427072.61237057735,4580485.108596353,1930.425270362812,1738.0,427083.8,4580489.6,12.1,True,False
3076,17,Sants - Badal,Sants-Montjuïc,426952.5711581649,4580542.130821965,2025.399446869132,1042.0,426941.5,4580567.4,27.6,True,False
3077,17,Sants - Badal,Sants-Montjuïc,426900.63755477365,4580625.364550788,2051.861449053476,1329.0,426902.5,4580631.4,6.3,True,False
3078,17,Sants - Badal,Sants-Montjuïc,427029.5895011784,4580691.380936102,1910.4641955422685,1700.0,426987.3,4580664.1,50.3,True,False
3079,17,Sants - Badal,Sants-Montjuïc,426845.7984290479,4580752.173812377,2076.536540142602,1800.0,426864.8,4580753.4,19.0,True,False
3080,17,Sants - Badal,Sants-Montjuïc,426712.6398071328,4580743.479826987,2208.9111101943936,1515.0,426686.8,4580735.6,27.0,True,False
3081,17,Sants - Badal,Sants-Montjuïc,426822.37119933614,4580885.4044367885,2078.0058260501696,1873.0,426848.0,4580885.8,25.6,True,False
3082,17,Sants - Badal,Sants-Montjuïc,426974.1626537862,4580992.078701161,1915.542645173542,1857.0,426960.2,4580991.0,14.0,True,False
3083,17,Sants - Badal,Sants-Montjuïc,427119.2146876867,4580872.505466436,1786.1135651127042,1357.0,427128.0,4580881.1,12.3,True,False
3084,17,Sants - Badal,Sants-Montjuïc,427160.62403949216,4580967.74490238,1732.3165144857803,1365.0,427205.9,4580958.3,46.3,True,False
3085,17,Sants - Badal,Sants-Montjuïc,427131.85173467145,4581117.062912318,1751.2532931708893,1305.0,427181.5,4581121.1,49.8,True,False
3086,18,Sants,Sants-Montjuïc,427263.6017359577,4581227.638428655,1620.647627863444,1215.0,427212.3,4581262.8,62.2,True,False
3087,18,Sants,Sants-Montjuïc,427401.9239744807,4581302.33738327,1479.7914006548465,1480.0,427421.9,4581241.3,64.2,True,False
3088,18,Sants,Sants-Montjuïc,427532.6630350606,4581326.336899182,1346.8735749158438,1382.0,427524.5,4581290.9,36.4,True,False
3089,18,Sants,Sants-Montjuïc,427597.4430959404,4581138.547754126,1285.3466126303215,1212.0,427581.7,4581142.9,16.3,True,False
3090,18,Sants,Sants-Montjuïc,427669.9431403295,4580918.426301377,1235.7978399282642,958.0,427651.8,4580893.7,30.7,True,False
3091,18,Sants,Sants-Montjuïc,427530.8073035985,4580896.886450302,1376.4903120488912,1471.0,427542.8,4580881.5,19.5,True,False
3092,18,Sants,Sants-Montjuïc,427459.7631249692,4581120.245248015,1423.3584380828795,1217.0,427462.7,4581123.2,4.2,True,False
3093,18,Sants,Sants-Montjuïc,427301.7549762916,4581079.958127547,1582.7475484783697,1471.0,427336.3,4581074.5,35.0,True,False
3094,18,Sants,Sants-Montjuïc,427355.2466827732,4580897.725211546,1549.1225309949043,1186.0,427376.5,4580889.9,22.6,True,False
3095,18,Sants,Sants-Montjuïc,427377.94334239024,4580708.561885937,1569.871012195303,1609.0,427388.0,4580718.0,13.8,True,False
3096,18,Sants,Sants-Montjuïc,427532.125520503,4580716.016643115,1420.4386922463088,1518.0,427532.5,4580675.9,40.1,True,False
3097,18,Sants,Sants-Montjuïc,427435.6771865795,4580532.692845374,1575.5723245698578,1635.0,427430.2,4580535.5,6.2,True,False
3098,18,Sants,Sants-Montjuïc,427538.4889303904,4580404.15075707,1540.2125639902208,1435.0,427545.2,4580428.8,25.5,True,False
3099,18,Sants,Sants-Montjuïc,427741.9319637403,4580435.755771705,1349.1416816856104,973.0,427706.3,4580456.7,41.3,True,False
3100,18,Sants,Sants-Montjuïc,427656.8469447415,4580618.488362906,1338.5333143021808,1281.0,427653.6,4580567.6,51.0,True,False
3101,18,Sants,Sants-Montjuïc,427839.3636443475,4580613.82859161,1175.8186627728892,4382.0,427851.1,4580622.2,14.4,True,False
3102,18,Sants,Sants-Montjuïc,427931.79597844806,4580565.637452308,1119.2903395223268,1340.0,427928.8,4580583.1,17.7,True,False
3103,18,Sants,Sants-Montjuïc,428080.0372067164,4580601.289052378,975.724271189525,1125.0,428102.7,4580608.4,23.8,True,False
3104,18,Sants,Sants-Montjuïc,428030.91373749735,4580711.512201535,960.8067342476768,1401.0,428027.6,4580712.5,3.5,True,False
3105,18,Sants,Sants-Montjuïc,427871.3772499836,4580879.010305579,1048.5671796872075,1180.0,427869.2,4580899.7,20.8,True,False
3106,18,Sants,Sants-Montjuïc,428102.2658710089,4581086.02908138,783.5436809382983,1291.0,428095.6,4581074.7,13.1,True,False
3107,18,Sants,Sants-Montjuïc,427992.6525726493,4581316.525105307,899.6761748189024,1595.0,427997.3,4581335.3,19.3,True,False
3108,18,Sants,Sants-Montjuïc,427779.5834567552,4581028.869654291,1110.3998794625206,1597.0,427758.6,4581035.0,21.9,True,False
3109,18,Sants,Sants-Montjuïc,427737.0279390456,4581223.854180726,1147.6434564543345,1503.0,427784.4,4581189.3,58.6,True,False
3110,18,Sants,Sants-Montjuïc,427685.95344997913,4581399.608370498,1184.207281674475,1429.0,427685.8,4581369.3,30.3,True,False
3111,18,Sants,Sants-Montjuïc,427936.8936382209,4581457.851761162,928.083533744617,1272.0,427960.9,4581439.1,30.5,True,False
3112,18,Sants,Sants-Montjuïc,427930.2354545802,4581548.278910092,929.512341880052,1839.0,427893.8,4581576.2,45.9,True,False
3113,18,Sants,Sants-Montjuïc,428176.28596252186,4581572.467039012,683.6093275540061,1562.0,428119.5,4581532.5,69.4,True,False
3114,18,Sants,Sants-Montjuïc,428245.0711682055,4581739.300411928,641.2236049886915,1470.0,428291.5,4581748.9,47.4,True,False
3211,13,la Marina de Port,Sants-Montjuïc,428078.16235602775,4579092.516993577,2214.863499664134,1519.0,428095.9,4579150.0,60.2,True,False
3212,13,la Marina de Port,Sants-Montjuïc,427899.6784755358,4579412.319739169,2001.7624147710387,2383.0,427866.9,4579332.7,86.1,True,False
3213,13,la Marina de Port,Sants-Montjuïc,427958.0728964864,4579557.76269774,1846.5026004805893,2339.0,427998.8,4579572.1,43.2,True,False
4001,19,les Corts,Les Corts,428134.4324681704,4581840.549572278,778.8876667130829,1264.0,428138.6,4581893.9,53.5,True,False
4002,19,les Corts,Les Corts,427895.3651690639,4581799.684696226,994.5155333987988,1905.0,427907.3,4581792.4,14.0,True,False
4003,19,les Corts,Les Corts,428030.277641964,4581743.661415662,850.269279286134,1049.0,428069.6,4581695.1,62.5,True,False
4004,19,les Corts,Les Corts,427924.9006864975,4581666.35272854,941.2328874179852,974.0,427947.2,4581616.0,55.1,True,False
4005,19,les Corts,Les Corts,427780.54245249263,4581585.891030034,1079.5661787044182,1205.0,427771.4,4581550.8,36.3,True,False
4006,19,les Corts,Les Corts,427616.203783089,4581509.13270762,1244.4118809958184,1125.0,427648.3,4581469.6,50.9,True,False
4007,19,les Corts,Les Corts,427667.8012543418,4581626.773062699,1193.9744161688488,1028.0,427641.1,4581649.2,34.9,True,False
4008,19,les Corts,Les Corts,427642.4497873731,4581693.070125476,1224.8890181187785,993.0,427617.0,4581710.0,30.6,True,False
4009,19,les Corts,Les Corts,427594.1320832006,4581754.499216738,1280.960735384548,1468.0,427594.1,4581742.0,12.5,True,False
4010,19,les Corts,Les Corts,427531.8683544209,4581854.053736354,1360.7551713000294,889.0,427535.7,4581858.9,6.2,True,False
4011,19,les Corts,Les Corts,427707.23337923625,4581929.317145947,1211.2536227322726,1701.0,427775.3,4581964.7,76.7,True,False
4012,19,les Corts,Les Corts,427835.839825428,4581986.803511193,1110.586316387557,1345.0,427884.1,4582016.0,56.4,True,False
4013,19,les Corts,Les Corts,427889.32332560944,4582117.500047336,1120.839198729681,1209.0,427935.6,4582072.3,64.7,True,False
4014,19,les Corts,Les Corts,428037.0941767261,4582151.045776864,1014.9309866265728,781.0,428023.9,4582156.3,14.2,True,False
4015,19,les Corts,Les Corts,428010.1288496719,4581978.590693032,948.6203176460996,1872.0,428015.9,4581968.0,12.1,True,False
4016,19,les Corts,Les Corts,428187.1662350216,4581970.810229276,789.8739980035022,1056.0,428217.1,4582013.4,52.1,True,False
4017,19,les Corts,Les Corts,428209.31107853394,4582143.409099652,876.0054186708975,1190.0,428228.3,4582138.2,19.7,True,False
4018,19,les Corts,Les Corts,428321.8279297593,4582323.177173653,936.4751694362536,1469.0,428355.3,4582323.7,33.5,True,False
4019,19,les Corts,Les Corts,428290.252752276,4582569.25626133,1161.805115184547,1366.0,428315.2,4582564.9,25.3,True,False
4020,19,les Corts,Les Corts,428184.0960447579,4582360.924640783,1050.438928277568,1476.0,428157.5,4582415.9,61.1,True,False
4021,19,les Corts,Les Corts,428037.1206866204,4582448.857928898,1213.5939713911052,1311.0,428030.5,4582449.6,6.7,True,False
4022,19,les Corts,Les Corts,427748.4000738736,4582304.741635951,1339.6842444073616,1652.0,427791.3,4582275.8,51.7,True,False
4023,19,les Corts,Les Corts,427563.2582308256,4582506.866109235,1607.4291720203778,1064.0,427539.9,4582506.0,23.4,True,False
4024,19,les Corts,Les Corts,427233.8893359314,4582478.130710324,1868.835680516266,1020.0,427235.0,4582445.3,32.8,True,False
4025,19,les Corts,Les Corts,427552.2548627823,4582127.602553562,1426.7112666414976,1149.0,427555.3,4582150.2,22.8,True,False
4026,19,les Corts,Les Corts,427502.9918696073,4581969.6044018455,1418.1936933254854,1215.0,427532.5,4581963.4,30.2,True,False
4027,19,les Corts,Les Corts,427396.87805146986,4582185.449035865,1592.2791482698594,1331.0,427395.8,4582155.7,29.8,True,False
4028,19,les Corts,Les Corts,427247.485834488,4582105.1039383495,1702.9812529354174,1298.0,427219.5,4582087.1,33.3,True,False
4029,19,les Corts,Les Corts,427118.4339918185,4581980.84525566,1792.2175509422027,1120.0,427118.3,4581993.6,12.8,True,False
4030,19,les Corts,Les Corts,427228.8193107664,4581766.2292025145,1644.3109866416828,1777.0,427194.0,4581770.8,35.1,True,False
4031,19,les Corts,Les Corts,427367.3399765693,4581706.566073271,1499.888518222068,1888.0,427354.1,4581700.2,14.7,True,False
4032,19,les Corts,Les Corts,427464.1338268265,4581527.585062607,1395.878099509029,1541.0,427508.6,4581555.8,52.7,True,False
4033,19,les Corts,Les Corts,427383.8497153571,4581504.579695379,1476.77687332987,1117.0,427345.5,4581516.7,40.2,True,False
4034,19,les Corts,Les Corts,427207.28483036696,4581505.795856668,1653.2061389062671,1476.0,427208.8,4581481.9,23.9,True,False
4035,19,les Corts,Les Corts,427295.5224875376,4581411.957268334,1570.860007464316,1336.0,427330.6,4581454.0,54.8,True,False
4036,20,la Maternitat i Sant Ramon,Les Corts,427021.814314812,4581427.077523639,1842.4534233618112,1706.0,426979.4,4581466.1,57.6,True,False
4037,20,la Maternitat i Sant Ramon,Les Corts,427053.3466933845,4581262.319745144,1830.1752234372773,2162.0,427042.7,4581246.0,19.5,True,False
4038,20,la Maternitat i Sant Ramon,Les Corts,426904.723122195,4581132.015326642,1978.0933616818727,1214.0,426935.3,4581063.1,75.4,True,False
4039,20,la Maternitat i Sant Ramon,Les Corts,426785.7681897608,4581226.217850308,2098.0735189172065,1134.0,426780.3,4581215.7,11.9,True,False
4040,20,la Maternitat i Sant Ramon,Les Corts,426780.137742827,4581025.96944902,2106.55546142626,1589.0,426755.2,4581058.8,41.2,True,False
4041,20,la Maternitat i Sant Ramon,Les Corts,426631.9102547992,4581044.372664531,2253.531076908398,1279.0,426621.4,4581066.4,24.4,True,False
4042,20,la Maternitat i Sant Ramon,Les Corts,426629.61860281794,4580904.569603767,2267.048504456888,1772.0,426666.4,4580851.8,64.3,True,False
4043,20,la Maternitat i Sant Ramon,Les Corts,426199.962209586,4581235.896113248,2679.0113187429324,1605.0,426226.0,4581184.5,57.6,True,False
4044,20,la Maternitat i Sant Ramon,Les Corts,426232.60669127625,4581008.156728249,2654.189654767669,1598.0,426250.0,4580998.1,20.1,True,False
4045,20,la Maternitat i Sant Ramon,Les Corts,426018.9698114119,4580987.742347062,2868.644818234949,1386.0,426007.3,4580990.7,12.0,True,False
4046,20,la Maternitat i Sant Ramon,Les Corts,425895.3759443227,4581093.601214911,2987.9476521352767,2392.0,425932.4,4581189.3,102.6,True,False
4047,20,la Maternitat i Sant Ramon,Les Corts,425541.1426266915,4581352.802372322,3324.8188425530207,1863.0,425421.5,4581306.4,128.3,True,False
4048,20,la Maternitat i Sant Ramon,Les Corts,426977.624610135,4581615.938011213,1883.021826046464,1469.0,426944.6,4581600.8,36.3,True,False
4049,20,la Maternitat i Sant Ramon,Les Corts,426491.2995150654,4581689.143762341,2372.1180732876933,1146.0,426476.0,4581764.1,76.5,True,False
4050,21,Pedralbes,Les Corts,426998.2627764213,4582433.51564169,2057.6687472672406,2024.0,426992.0,4582439.1,8.4,True,False
4051,21,Pedralbes,Les Corts,426845.00838784553,4582481.28930427,2216.778897086845,1622.0,426920.9,4582508.5,80.6,True,False
4052,21,Pedralbes,Les Corts,426658.3934797569,4582313.617626812,2327.853128375258,2172.0,426672.0,4582311.3,13.8,True,False
4053,21,Pedralbes,Les Corts,425903.9549044689,4582175.527314367,3019.865135445345,1695.0,425913.5,4582157.8,20.1,True,False
4054,21,Pedralbes,Les Corts,425257.7617578574,4581811.280904584,3610.942768933613,1010.0,425302.5,4581677.6,141.0,True,False
4055,21,Pedralbes,Les Corts,426135.90720723127,4582659.696635726,2938.7015811607216,1477.0,426140.3,4582651.9,8.9,True,False
4056,21,Pedralbes,Les Corts,425238.6797639237,4582828.737747649,3838.000111096345,1730.0,425272.4,4582870.8,53.9,True,False
4084,20,la Maternitat i Sant Ramon,Les Corts,427017.8330013584,4581702.036769876,1847.6121140064377,1369.0,427045.2,4581723.9,35.0,True,False
5001,22,"Vallvidrera, el Tibidabo i les Planes",Sarrià-Sant Gervasi,423189.36502103775,4585837.518850156,7104.874302472224,1818.0,423261.1,4585866.2,77.3,True,False
5002,22,"Vallvidrera, el Tibidabo i les Planes",Sarrià-Sant Gervasi,425889.7438415861,4585714.929043835,5110.044196977923,1618.0,425743.5,4585588.5,193.3,True,False
5003,22,"Vallvidrera, el Tibidabo i les Planes",Sarrià-Sant Gervasi,424947.3592284764,4584670.937948948,5000.570553453482,1369.0,424955.8,4584682.3,14.2,True,False
5004,23,Sarrià,Sarrià-Sant Gervasi,426119.0695808043,4584599.488138971,4095.16670817411,1101.0,426129.1,4584630.2,32.3,True,False
5005,23,Sarrià,Sarrià-Sant Gervasi,425614.7005445084,4583967.451995621,4042.571478178437,1223.0,425594.3,4583950.3,26.7,True,False
5006,23,Sarrià,Sarrià-Sant Gervasi,426252.3157262359,4583107.898462027,3033.9892472257147,1827.0,426250.2,4583126.3,18.5,True,False
5007,23,Sarrià,Sarrià-Sant Gervasi,426241.8480398426,4583734.146997332,3405.142202080938,1887.0,426175.1,4583704.7,73.0,True,False
5008,23,Sarrià,Sarrià-Sant Gervasi,426588.3825290141,4583883.030783889,3251.3527539550064,1675.0,426572.6,4583852.6,34.3,True,False
5009,23,Sarrià,Sarrià-Sant Gervasi,426406.0531327932,4583478.496961551,3116.759834425229,1669.0,426427.8,4583484.2,22.5,True,False
5010,23,Sarrià,Sarrià-Sant Gervasi,426528.0195186728,4583325.542768844,2926.77387470991,1505.0,426528.2,4583325.5,0.2,True,False
5011,23,Sarrià,Sarrià-Sant Gervasi,426756.3353760906,4583337.361236285,2755.968392346232,1394.0,426729.3,4583337.1,27.0,True,False
5012,23,Sarrià,Sarrià-Sant Gervasi,426872.92218377854,4583215.538620656,2588.332486602073,1337.0,426839.2,4583256.3,52.9,True,False
5013,23,Sarrià,Sarrià-Sant Gervasi,426598.7883348272,4583166.043887341,2775.2724040208163,1642.0,426621.6,4583199.5,40.5,True,False
5014,23,Sarrià,Sarrià-Sant Gervasi,426611.1266656168,4582904.095440318,2621.435130382159,1568.0,426566.7,4582939.8,57.0,True,False
5015,23,Sarrià,Sarrià-Sant Gervasi,426773.6330446117,4583011.951126127,2543.583838481921,1523.0,426776.2,4582996.7,15.5,True,False
5016,23,Sarrià,Sarrià-Sant Gervasi,426871.7353615488,4582893.393473649,2395.6440413838977,1864.0,426830.1,4582923.0,51.1,True,False
5017,23,Sarrià,Sarrià-Sant Gervasi,426690.4287098786,4582638.601860815,2424.1598433681143,1510.0,426708.8,4582616.9,28.4,True,False
5018,23,Sarrià,Sarrià-Sant Gervasi,426922.6284856831,4582720.481758246,2259.8561303870474,1253.0,426870.3,4582716.1,52.5,True,False
5019,23,Sarrià,Sarrià-Sant Gervasi,427075.0118353067,4582770.934453053,2158.6573310637814,1654.0,427085.7,4582855.1,84.8,True,False
5020,24,les Tres Torres,Sarrià-Sant Gervasi,427391.0493793218,4582754.260224107,1895.0986146170487,1074.0,427380.6,4582766.6,16.2,True,False
5021,24,les Tres Torres,Sarrià-Sant Gervasi,427599.6604360984,4582794.191453144,1766.1832753810538,1221.0,427618.3,4582813.0,26.5,True,False
5022,24,les Tres Torres,Sarrià-Sant Gervasi,427354.2620115104,4582940.583897645,2044.953908882043,1683.0,427339.1,4582944.5,15.7,True,False
5023,24,les Tres Torres,Sarrià-Sant Gervasi,427077.854747934,4583059.7986031845,2331.237918209836,1445.0,427095.5,4583025.6,38.5,True,False
5024,24,les Tres Torres,Sarrià-Sant Gervasi,427315.99739321193,4583168.828276225,2232.126390394915,1914.0,427286.3,4583161.0,30.7,True,False
5025,24,les Tres Torres,Sarrià-Sant Gervasi,427411.85950657504,4583392.654602054,2338.2546872285807,1280.0,427379.2,4583379.6,35.2,True,False
5026,24,les Tres Torres,Sarrià-Sant Gervasi,427398.22213693184,4583667.91852525,2567.8181280499584,1429.0,427345.9,4583607.8,79.7,True,False
5027,24,les Tres Torres,Sarrià-Sant Gervasi,427199.0855899435,4583478.265859906,2539.792095399786,1368.0,427163.9,4583482.6,35.5,True,False
5028,24,les Tres Torres,Sarrià-Sant Gervasi,426888.912031354,4583489.76640138,2760.6608986982706,1675.0,426872.1,4583540.5,53.4,True,False
5029,24,les Tres Torres,Sarrià-Sant Gervasi,427037.0025013844,4583660.301154685,2783.504744870598,1636.0,427017.3,4583652.5,21.2,True,False
5030,24,les Tres Torres,Sarrià-Sant Gervasi,427211.247272811,4583864.691054481,2836.3353468994565,1383.0,427186.0,4583858.2,26.1,True,False
5031,25,Sant Gervasi - la Bonanova,Sarrià-Sant Gervasi,427140.6829576368,4584138.119745821,3098.880079691527,1600.0,427147.3,4584132.1,8.9,True,False
5032,25,Sant Gervasi - la Bonanova,Sarrià-Sant Gervasi,426945.1253924318,4584736.181184576,3686.1936303347006,1821.0,426945.8,4584717.6,18.6,True,False
5033,25,Sant Gervasi - la Bonanova,Sarrià-Sant Gervasi,427501.3941658991,4585114.768095409,3448.591004620619,1449.0,427496.2,4585110.9,6.5,True,False
5034,25,Sant Gervasi - la Bonanova,Sarrià-Sant Gervasi,427861.6609435261,4584886.39053703,3022.073398642485,1243.0,427878.6,4584893.0,18.2,True,False
5035,25,Sant Gervasi - la Bonanova,Sarrià-Sant Gervasi,427877.12490023824,4584489.0290052565,2810.4633390063777,1037.0,427886.8,4584456.1,34.3,True,False
5036,25,Sant Gervasi - la Bonanova,Sarrià-Sant Gervasi,427758.0070942982,4584468.842804968,2908.871123564865,1736.0,427739.1,4584463.5,19.6,True,False
5037,25,Sant Gervasi - la Bonanova,Sarrià-Sant Gervasi,427931.12650934886,4584256.389744987,2664.531405056765,1407.0,427955.2,4584279.6,33.4,True,False
5038,25,Sant Gervasi - la Bonanova,Sarrià-Sant Gervasi,427976.2956875204,4584108.584005261,2568.812373552488,1335.0,427956.5,4584117.4,21.7,True,False
5039,25,Sant Gervasi - la Bonanova,Sarrià-Sant Gervasi,427720.02237156,4584291.954774031,2873.505568466748,1537.0,427694.1,4584267.6,35.6,True,False
5040,25,Sant Gervasi - la Bonanova,Sarrià-Sant Gervasi,427759.23459790193,4584127.711456463,2723.1147592278007,1449.0,427779.6,4584122.9,20.9,True,False
5041,25,Sant Gervasi - la Bonanova,Sarrià-Sant Gervasi,427954.1135753313,4583965.106047688,2484.084918532593,1958.0,427955.5,4584012.6,47.5,True,False
5042,25,Sant Gervasi - la Bonanova,Sarrià-Sant Gervasi,427818.327150952,4583831.189983398,2441.507954017221,1262.0,427841.9,4583844.0,26.8,True,False
5043,25,Sant Gervasi - la Bonanova,Sarrià-Sant Gervasi,427725.85656449466,4583994.597893572,2628.758743493488,1432.0,427696.6,4584026.2,43.1,True,False
5044,25,Sant Gervasi - la Bonanova,Sarrià-Sant Gervasi,427642.973011295,4583913.653326336,2609.615288862092,1299.0,427597.2,4583881.4,56.0,True,False
5045,25,Sant Gervasi - la Bonanova,Sarrià-Sant Gervasi,427546.64406545786,4584114.362189119,2828.8556785247806,1577.0,427540.6,4584118.0,7.1,True,False
5046,25,Sant Gervasi - la Bonanova,Sarrià-Sant Gervasi,427432.9193995922,4583958.52598958,2773.25103387987,1109.0,427444.3,4583938.4,23.1,True,False
5047,25,Sant Gervasi - la Bonanova,Sarrià-Sant Gervasi,427566.3476209479,4583758.6862737015,2534.08462695398,1216.0,427570.6,4583790.3,31.9,True,False
5048,25,Sant Gervasi - la Bonanova,Sarrià-Sant Gervasi,427682.7943876674,4583635.276140349,2364.8104075670194,1225.0,427666.8,4583635.0,16.0,True,False
5049,26,Sant Gervasi - Galvany,Sarrià-Sant Gervasi,427746.47556343145,4583414.762106944,2155.6513235950674,1645.0,427765.8,4583440.8,32.4,True,False
5050,26,Sant Gervasi - Galvany,Sarrià-Sant Gervasi,427927.6471484084,4583685.334166608,2259.49708833128,1625.0,427908.7,4583671.0,23.8,True,False
5051,26,Sant Gervasi - Galvany,Sarrià-Sant Gervasi,428204.5171164349,4583467.415636473,1927.8337096774103,1618.0,428189.8,4583465.9,14.8,True,False
5052,26,Sant Gervasi - Galvany,Sarrià-Sant Gervasi,428019.8481200008,4583435.747282019,2001.5695175098344,1441.0,428013.5,4583441.1,8.3,True,False
5053,26,Sant Gervasi - Galvany,Sarrià-Sant Gervasi,427787.05641965696,4583217.341664253,1977.0455820808463,1486.0,427780.5,4583188.2,29.9,True,False
5054,26,Sant Gervasi - Galvany,Sarrià-Sant Gervasi,427952.0777254052,4583093.864941278,1780.2360047489392,1048.0,427992.1,4583114.4,45.0,True,False
5055,26,Sant Gervasi - Galvany,Sarrià-Sant Gervasi,427753.191373493,4583006.618858486,1824.004210679416,1404.0,427784.4,4582980.6,40.6,True,False
5056,26,Sant Gervasi - Galvany,Sarrià-Sant Gervasi,427910.1997921682,4582805.906488227,1569.1979374037223,1223.0,427959.5,4582835.2,57.3,True,False
5057,26,Sant Gervasi - Galvany,Sarrià-Sant Gervasi,428021.9073047576,4582659.06901735,1384.6991492800828,1631.0,428024.6,4582641.0,18.3,True,False
5058,26,Sant Gervasi - Galvany,Sarrià-Sant Gervasi,428155.24245429423,4582910.609288652,1507.574954104691,1584.0,428124.3,4582852.6,65.7,True,False
5059,26,Sant Gervasi - Galvany,Sarrià-Sant Gervasi,428386.6562517464,4582794.986211329,1268.8276259846614,1577.0,428392.3,4582791.3,6.7,True,False
5060,26,Sant Gervasi - Galvany,Sarrià-Sant Gervasi,428212.1398236301,4583065.012327819,1589.0354546677545,1165.0,428242.1,4583105.4,50.3,True,False
5061,26,Sant Gervasi - Galvany,Sarrià-Sant Gervasi,428548.41606817953,4582871.19518194,1239.5673247897762,1464.0,428564.5,4582907.0,39.3,True,False
5062,26,Sant Gervasi - Galvany,Sarrià-Sant Gervasi,428276.99026215286,4583138.064794091,1610.395418038168,1624.0,428242.1,4583105.4,47.8,True,False
5063,26,Sant Gervasi - Galvany,Sarrià-Sant Gervasi,428376.97622228623,4583244.0128554525,1648.2845425932878,1528.0,428371.9,4583266.6,23.2,True,False
5064,26,Sant Gervasi - Galvany,Sarrià-Sant Gervasi,428544.357002486,4583078.172913496,1423.4564641741413,1529.0,428529.1,4583096.0,23.5,True,False
5065,26,Sant Gervasi - Galvany,Sarrià-Sant Gervasi,428714.9008099526,4582923.980396541,1212.2943142178465,1659.0,428711.9,4582917.9,6.8,True,False
5066,26,Sant Gervasi - Galvany,Sarrià-Sant Gervasi,428841.29194526345,4583018.377008196,1260.398547120326,1311.0,428838.2,4583021.8,4.6,True,False
5067,26,Sant Gervasi - Galvany,Sarrià-Sant Gervasi,429100.8074885169,4583050.246246996,1219.4603846665514,1300.0,429104.8,4583062.0,12.4,True,False
5068,26,Sant Gervasi - Galvany,Sarrià-Sant Gervasi,429211.6510181561,4583228.554996864,1179.5741765007356,1541.0,429246.7,4583222.6,35.6,True,False
5069,26,Sant Gervasi - Galvany,Sarrià-Sant Gervasi,428941.0970579588,4583224.298883956,1440.0035230898245,1713.0,428931.0,4583240.2,18.8,True,False
5070,26,Sant Gervasi - Galvany,Sarrià-Sant Gervasi,428812.17748462746,4583280.049703793,1520.8809361385029,1450.0,428792.2,4583305.8,32.6,True,False
5071,26,Sant Gervasi - Galvany,Sarrià-Sant Gervasi,428903.520227233,4583528.777614658,1516.8485931383177,1639.0,428877.9,4583551.8,34.4,True,False
5072,26,Sant Gervasi - Galvany,Sarrià-Sant Gervasi,428718.1449047093,4583316.449521932,1581.048392712865,1674.0,428714.2,4583321.9,6.7,True,False
5073,26,Sant Gervasi - Galvany,Sarrià-Sant Gervasi,428661.7231993222,4583485.472958337,1747.85017446373,1585.0,428640.8,4583469.8,26.1,True,False
5074,26,Sant Gervasi - Galvany,Sarrià-Sant Gervasi,428523.81207847,4583364.994036466,1692.883879802578,1642.0,428506.6,4583364.3,17.2,True,False
5075,26,Sant Gervasi - Galvany,Sarrià-Sant Gervasi,428537.52695030434,4583634.942679427,1896.8039692038365,1854.0,428505.9,4583660.2,40.5,True,False
5076,26,Sant Gervasi - Galvany,Sarrià-Sant Gervasi,428308.80599462136,4583558.317510954,1958.260337662864,1396.0,428311.8,4583585.8,27.6,True,False
5077,26,Sant Gervasi - Galvany,Sarrià-Sant Gervasi,428257.7316799464,4583904.58289256,2236.742536948253,1484.0,428259.4,4583915.7,11.2,True,False
5078,26,Sant Gervasi - Galvany,Sarrià-Sant Gervasi,428138.6888408517,4583782.821786091,2235.6004694663807,2121.0,428081.7,4583828.0,72.7,True,False
5079,26,Sant Gervasi - Galvany,Sarrià-Sant Gervasi,428395.3229419204,4583721.915359851,2054.9457596553502,1220.0,428395.8,4583740.3,18.4,True,False
5080,27,el Putxet i el Farró,Sarrià-Sant Gervasi,428614.4734554147,4583860.200170415,1884.2547604587296,1336.0,428611.1,4583877.8,17.9,True,False
5081,27,el Putxet i el Farró,Sarrià-Sant Gervasi,428806.66906549473,4583715.488104353,1656.428412456116,1582.0,428794.9,4583695.1,23.5,True,False
5082,27,el Putxet i el Farró,Sarrià-Sant Gervasi,428906.26823079627,4583801.24874085,1590.0242676740154,1625.0,428932.2,4583812.1,28.1,True,False
5083,27,el Putxet i el Farró,Sarrià-Sant Gervasi,428901.14812893927,4584073.2620769935,1710.741729319319,1310.0,428958.1,4584089.2,59.1,True,False
5084,27,el Putxet i el Farró,Sarrià-Sant Gervasi,428743.5157240194,4584065.352294228,1846.0820443126536,1364.0,428727.8,4584108.3,45.7,True,False
5085,27,el Putxet i el Farró,Sarrià-Sant Gervasi,428645.72656028206,4584009.704460111,1910.5697153041613,1309.0,428605.7,4583988.2,45.4,True,False
5086,27,el Putxet i el Farró,Sarrià-Sant Gervasi,428477.5872173572,4584011.047516039,2065.818831281504,1324.0,428482.7,4584013.3,5.6,True,False
5087,27,el Putxet i el Farró,Sarrià-Sant Gervasi,428359.9606613911,4583965.11850525,2159.2254679995804,1592.0,428361.7,4584004.7,39.6,True,False
5088,27,el Putxet i el Farró,Sarrià-Sant Gervasi,428490.7102595788,4584241.197637728,2151.450302187208,1766.0,428523.2,4584248.7,33.3,True,False
5089,27,el Putxet i el Farró,Sarrià-Sant Gervasi,428704.6471187451,4584262.5924606575,1976.0910530944925,1812.0,428694.3,4584256.2,12.2,True,False
5090,27,el Putxet i el Farró,Sarrià-Sant Gervasi,428534.8387551156,4584417.311187068,2202.077208062896,1855.0,428534.6,4584407.9,9.4,True,False
5091,27,el Putxet i el Farró,Sarrià-Sant Gervasi,428510.5844995248,4584673.843626277,2369.242168695873,1575.0,428489.1,4584697.7,32.1,True,False
5092,27,el Putxet i el Farró,Sarrià-Sant Gervasi,428297.51518052304,4584378.176547495,2386.5066910168416,1570.0,428369.0,4584328.2,87.2,True,False
5093,27,el Putxet i el Farró,Sarrià-Sant Gervasi,428082.78506536747,4584224.708712033,2512.5064973764734,1097.0,428104.5,4584241.0,27.1,True,False
5094,27,el Putxet i el Farró,Sarrià-Sant Gervasi,428008.4963998243,4584550.942145932,2723.010550501668,2727.0,428097.0,4584548.1,88.5,True,False
5095,27,el Putxet i el Farró,Sarrià-Sant Gervasi,428010.9030652341,4584923.940142408,2919.8902966132937,1680.0,427956.1,4584936.5,56.2,True,False
5096,27,el Putxet i el Farró,Sarrià-Sant Gervasi,428097.87654798426,4584803.808322666,2779.8190564831093,1114.0,428068.9,4584840.2,46.5,True,False
5097,27,el Putxet i el Farró,Sarrià-Sant Gervasi,428148.1112428497,4584564.555186409,2608.6442315268737,1620.0,428147.2,4584555.6,9.0,True,False
5098,27,el Putxet i el Farró,Sarrià-Sant Gervasi,428256.10514903447,4584742.408624622,2614.8691034083527,1525.0,428244.1,4584734.7,14.3,True,False
6001,28,Vallcarca i els Penitents,Gràcia,428780.2726186767,4584478.115115674,2036.1446622496053,1180.0,428793.7,4584493.9,20.7,True,False
6002,28,Vallcarca i els Penitents,Gràcia,428870.10998356267,4584514.635348129,1989.170653674376,1497.0,428836.4,4584499.4,37.0,True,False
6003,28,Vallcarca i els Penitents,Gràcia,428817.7355223845,4584785.966431335,2210.9017721242813,2288.0,428836.2,4584794.6,20.4,True,False
6004,28,Vallcarca i els Penitents,Gràcia,428767.8934892748,4585020.388568108,2414.6544453134097,1370.0,428762.7,4585039.0,19.3,True,False
6006,28,Vallcarca i els Penitents,Gràcia,428251.47181111656,4585171.29600136,2887.243052293556,1018.0,428322.2,4585240.9,99.2,True,False
6007,28,Vallcarca i els Penitents,Gràcia,428254.77746449376,4584952.37063477,2742.481580198217,1993.0,428250.5,4584965.4,13.7,True,False
6008,28,Vallcarca i els Penitents,Gràcia,428085.64104030805,4584988.517954499,2897.953137252712,1960.0,428126.0,4584995.6,41.0,True,False
6009,28,Vallcarca i els Penitents,Gràcia,427720.68758778094,4585734.975251173,3659.572965652601,1264.0,427727.3,4585742.2,9.8,True,False
6010,28,Vallcarca i els Penitents,Gràcia,428080.1083835935,4585616.477635424,3320.092499130257,1024.0,428079.9,4585626.4,9.9,True,False
6011,28,Vallcarca i els Penitents,Gràcia,428342.2029405664,4585671.073180208,3184.886747666801,1313.0,428373.1,4585661.1,32.5,True,False
6012,28,Vallcarca i els Penitents,Gràcia,428452.1751725779,4585310.442432678,2841.895447632268,1175.0,428436.8,4585304.1,16.6,True,False
6013,29,el Coll,Gràcia,428659.1323901768,4585176.176694217,2603.2144848473245,1782.0,428649.6,4585176.1,9.5,True,False
6014,29,el Coll,Gràcia,428738.7965820119,4585419.630009647,2740.912431910172,1415.0,428740.6,4585414.2,5.7,True,False
6015,29,el Coll,Gràcia,428701.4905215364,4585661.673013967,2958.7951521131795,1438.0,428797.1,4585645.5,97.0,True,False
6016,29,el Coll,Gràcia,428989.7233532915,4585621.025429005,2769.056907494576,1567.0,428997.6,4585607.7,15.5,True,False
6017,29,el Coll,Gràcia,428950.48695606255,4585398.060045099,2600.757069714046,1409.0,428954.1,4585382.9,15.6,True,False
6018,30,la Salut,Gràcia,429125.2531180885,4585031.34116785,2199.3903562369323,1302.0,429137.6,4584923.9,108.1,True,False
6019,30,la Salut,Gràcia,428921.6211480617,4584636.816156272,2032.461093778198,1496.0,428955.8,4584643.6,34.8,True,False
6020,30,la Salut,Gràcia,429040.8207464893,4584494.945246345,1848.381198875692,1181.0,429038.5,4584491.7,4.0,True,False
6021,30,la Salut,Gràcia,429194.0430321765,4584601.426006095,1818.320405587909,1357.0,429155.6,4584562.6,54.6,True,False
6022,30,la Salut,Gràcia,429360.3630619847,4584874.647006799,1938.61621354117,1364.0,429357.0,4584897.9,23.5,True,False
6023,30,la Salut,Gràcia,429594.1390041124,4585134.233251509,2061.717428783449,1282.0,429588.5,4585127.9,8.5,True,False
6024,30,la Salut,Gràcia,429703.6190674067,4584931.065222133,1832.1582022533173,1682.0,429705.8,4584941.2,10.4,True,False
6025,30,la Salut,Gràcia,429711.8673210734,4584781.082233416,1690.7424494827603,1418.0,429725.6,4584752.0,32.2,True,False
6026,30,la Salut,Gràcia,429525.93430950405,4584679.467851024,1685.670160050475,1046.0,429513.6,4584674.7,13.2,True,False
6027,30,la Salut,Gràcia,429381.3934049502,4584572.541930347,1677.6709989184956,1209.0,429377.4,4584572.9,4.0,True,False
6028,31,la Vila de Gràcia,Gràcia,429438.82115852926,4584485.143262825,1573.3257924022362,1317.0,429429.9,4584534.6,50.3,True,False
6029,31,la Vila de Gràcia,Gràcia,429635.2237197744,4584557.41606766,1525.1432741436083,1308.0,429637.1,4584559.7,3.0,True,False
6030,31,la Vila de Gràcia,Gràcia,429747.52366899455,4584401.924594963,1334.589915211907,1318.0,429709.8,4584382.9,42.2,True,False
6031,31,la Vila de Gràcia,Gràcia,429610.8539566007,4584311.8118893895,1331.6061715985084,1103.0,429607.2,4584303.3,9.3,True,False
6032,31,la Vila de Gràcia,Gràcia,429531.7614160167,4584424.776187842,1469.4920561753468,1156.0,429516.0,4584414.5,18.8,True,False
6033,31,la Vila de Gràcia,Gràcia,429464.6155769939,4584266.123598984,1387.9093423707193,1270.0,429448.2,4584281.6,22.6,True,False
6034,31,la Vila de Gràcia,Gràcia,429395.3069493632,4584125.728937246,1337.576585726634,1178.0,429387.0,4584115.0,13.6,True,False
6035,31,la Vila de Gràcia,Gràcia,429277.4434353853,4584372.668704775,1593.6533695928922,1081.0,429257.9,4584421.3,52.4,True,False
6036,31,la Vila de Gràcia,Gràcia,429203.4886024389,4584259.366034399,1569.8667657943374,1418.0,429205.3,4584257.1,2.9,True,False
6037,31,la Vila de Gràcia,Gràcia,429024.378451634,4584251.708201252,1704.807090132514,1104.0,429023.7,4584267.0,15.3,True,False
6038,31,la Vila de Gràcia,Gràcia,429139.6104786569,4584086.626733345,1515.0886273036083,1490.0,429135.1,4584081.1,7.1,True,False
6039,31,la Vila de Gràcia,Gràcia,429240.6717176761,4583929.564631082,1345.064476576773,1566.0,429211.9,4583929.4,28.8,True,False
6040,31,la Vila de Gràcia,Gràcia,429040.3388423456,4583945.306079871,1527.2521349837573,1664.0,429054.1,4583910.6,37.3,True,False
6041,31,la Vila de Gràcia,Gràcia,429102.0596821038,4583697.270771959,1370.2684168735516,1743.0,429116.6,4583671.5,29.6,True,False
6042,31,la Vila de Gràcia,Gràcia,429241.6849277858,4583501.105181655,1180.4228368605757,1681.0,429237.0,4583535.6,34.8,True,False
6043,31,la Vila de Gràcia,Gràcia,429373.3599241125,4583363.671982173,1026.233061625832,1285.0,429387.0,4583336.3,30.6,True,False
6044,31,la Vila de Gràcia,Gràcia,429501.4084989023,4583181.314499029,891.2987990659593,1590.0,429454.1,4583147.9,57.9,True,False
6045,31,la Vila de Gràcia,Gràcia,429727.3409891704,4583289.168920709,666.2629712449051,1274.0,429738.8,4583296.9,13.8,True,False
6046,31,la Vila de Gràcia,Gràcia,429713.5777895248,4583517.724578391,735.0931876910828,1133.0,429746.5,4583522.8,33.3,True,False
6047,31,la Vila de Gràcia,Gràcia,429653.09546486737,4583484.663128235,779.9008747194578,1208.0,429657.0,4583472.0,13.3,True,False
6048,31,la Vila de Gràcia,Gràcia,429534.8204019441,4583453.073103348,884.2647471335226,1390.0,429548.8,4583460.5,15.8,True,False
6049,31,la Vila de Gràcia,Gràcia,429378.30900173256,4583611.480633597,1081.3703841874767,1102.0,429405.5,4583623.1,29.6,True,False
6050,31,la Vila de Gràcia,Gràcia,429487.4322841194,4583696.448684008,1015.7620059991696,1295.0,429479.6,4583686.6,12.6,True,False
6051,31,la Vila de Gràcia,Gràcia,429325.0198290376,4583799.673093999,1207.5146244526425,1201.0,429334.6,4583800.9,9.7,True,False
6052,31,la Vila de Gràcia,Gràcia,429489.8108515412,4583996.767971405,1181.5833700432274,1482.0,429473.9,4583996.0,15.9,True,False
6053,31,la Vila de Gràcia,Gràcia,429604.80693099287,4583926.026409953,1048.3160592271067,1497.0,429632.1,4583954.5,39.4,True,False
6054,31,la Vila de Gràcia,Gràcia,429682.3172132839,4583801.295846527,908.6782024848256,1591.0,429661.4,4583783.3,27.6,True,False
6055,31,la Vila de Gràcia,Gràcia,429762.20448295085,4583700.120952578,783.5947328983557,1388.0,429726.8,4583683.4,39.2,True,False
6056,31,la Vila de Gràcia,Gràcia,429906.1959050052,4583598.872846351,607.6473223718034,1576.0,429911.9,4583590.6,10.0,True,False
6057,31,la Vila de Gràcia,Gràcia,429868.1717625023,4583460.296763973,570.3675732840875,1536.0,429862.7,4583449.0,12.6,True,False
6058,31,la Vila de Gràcia,Gràcia,430079.2477108983,4583584.177103023,469.86362487772936,1677.0,430062.5,4583559.1,30.2,True,False
6059,31,la Vila de Gràcia,Gràcia,429954.1882312489,4583780.703878037,700.830449623622,1491.0,429971.5,4583761.9,25.6,True,False
6060,31,la Vila de Gràcia,Gràcia,429835.3165324043,4583986.589046058,936.580295148709,1719.0,429804.4,4583986.0,30.9,True,False
6061,31,la Vila de Gràcia,Gràcia,429684.5693428224,4584134.13618613,1145.298788590571,1280.0,429681.4,4584120.5,14.0,True,False
6062,31,la Vila de Gràcia,Gràcia,429798.89591536415,4584251.214625009,1178.1161267918412,1258.0,429799.1,4584216.7,34.5,True,False
6063,31,la Vila de Gràcia,Gràcia,429938.20197865536,4584132.637665234,1007.4134038100774,1482.0,429960.1,4584111.7,30.3,True,False
6064,32,el Camp d'en Grassot i Gràcia Nova,Gràcia,430076.1642271211,4583851.721603273,694.4701074268605,1906.0,430102.9,4583862.1,28.7,True,False
6065,32,el Camp d'en Grassot i Gràcia Nova,Gràcia,430127.7981841417,4583988.608508068,800.3717816735481,1127.0,430110.6,4583940.1,51.5,True,False
6066,32,el Camp d'en Grassot i Gràcia Nova,Gràcia,430228.161856828,4584078.115236078,860.8709946353615,979.0,430184.8,4584121.0,61.0,True,False
6067,32,el Camp d'en Grassot i Gràcia Nova,Gràcia,430274.9278280053,4583935.484083944,712.2147652616057,1748.0,430249.3,4583962.6,37.3,True,False
6068,32,el Camp d'en Grassot i Gràcia Nova,Gràcia,430274.1892334748,4583748.299247177,528.5895963524952,1572.0,430282.4,4583763.2,17.0,True,False
6069,32,el Camp d'en Grassot i Gràcia Nova,Gràcia,430407.2779984533,4583693.514978762,460.96757276054,1043.0,430381.5,4583662.4,40.4,True,False
6070,32,el Camp d'en Grassot i Gràcia Nova,Gràcia,430463.06285282463,4583841.062747977,612.4640019750422,1867.0,430465.1,4583840.7,2.1,True,False
6071,32,el Camp d'en Grassot i Gràcia Nova,Gràcia,430511.08383808495,4583982.49101664,759.1861942497353,1064.0,430466.2,4584030.6,65.8,True,False
6072,32,el Camp d'en Grassot i Gràcia Nova,Gràcia,430651.7045624893,4583933.334095296,747.3709518630222,1622.0,430652.4,4583932.3,1.2,True,False
6073,32,el Camp d'en Grassot i Gràcia Nova,Gràcia,430606.2959631564,4584075.765229512,869.9443441219224,1327.0,430561.8,4584122.1,64.2,True,False
6074,32,el Camp d'en Grassot i Gràcia Nova,Gràcia,430513.8372953436,4584170.739172442,945.8934165821536,1105.0,430471.4,4584222.1,66.6,True,False
6075,32,el Camp d'en Grassot i Gràcia Nova,Gràcia,430428.1707439959,4584256.905977553,1024.745206539115,1053.0,430393.0,4584297.9,54.0,True,False
6076,32,el Camp d'en Grassot i Gràcia Nova,Gràcia,430375.4778804342,4584120.587502585,887.8997462517696,1316.0,430376.8,4584121.4,1.6,True,False
6077,32,el Camp d'en Grassot i Gràcia Nova,Gràcia,430275.2478552359,4584252.977874525,1026.7210908301392,1170.0,430294.6,4584226.6,32.7,True,False
6078,32,el Camp d'en Grassot i Gràcia Nova,Gràcia,430272.19445928,4584394.643618247,1167.897124785517,1276.0,430256.2,4584385.3,18.5,True,False
6079,32,el Camp d'en Grassot i Gràcia Nova,Gràcia,430184.6832700173,4584510.574489832,1294.3316115470632,1111.0,430197.0,4584529.1,22.2,True,False
6080,32,el Camp d'en Grassot i Gràcia Nova,Gràcia,430157.0729927868,4584327.918405456,1119.8429437700806,1148.0,430200.3,4584339.4,44.7,True,False
6081,32,el Camp d'en Grassot i Gràcia Nova,Gràcia,430099.37709127006,4584176.60148565,987.8666731165836,1299.0,430108.2,4584175.3,8.9,True,False
6082,32,el Camp d'en Grassot i Gràcia Nova,Gràcia,429969.7965292465,4584302.281435963,1149.4902372512747,2859.0,429947.5,4584337.1,41.3,True,False
6083,32,el Camp d'en Grassot i Gràcia Nova,Gràcia,430037.9439387072,4584414.785701273,1233.6238913364873,1652.0,429995.6,4584380.0,54.8,True,False
6084,32,el Camp d'en Grassot i Gràcia Nova,Gràcia,429881.0206469176,4584528.634896721,1392.6299520429316,1460.0,429890.9,4584513.2,18.3,True,False
6085,32,el Camp d'en Grassot i Gràcia Nova,Gràcia,429828.83060614223,4584629.468754619,1505.6182779448034,1275.0,429809.9,4584630.1,18.9,True,False
6086,32,el Camp d'en Grassot i Gràcia Nova,Gràcia,429767.9860945285,4584709.364310519,1602.6786811777142,967.0,429738.4,4584734.0,38.5,True,False
6087,32,el Camp d'en Grassot i Gràcia Nova,Gràcia,429981.4385101717,4584746.825653398,1568.473742698952,1836.0,430042.1,4584776.5,67.5,True,False
6088,32,el Camp d'en Grassot i Gràcia Nova,Gràcia,430044.22151389066,4584552.738572818,1364.7607937931675,1251.0,430054.8,4584534.2,21.3,True,False
7001,33,el Baix Guinardó,Horta-Guinardó,430233.65889103565,4584679.279509927,1455.0081702356888,1551.0,430163.8,4584690.4,70.7,True,False
7002,33,el Baix Guinardó,Horta-Guinardó,430394.7349707142,4584499.996719872,1267.174328887256,1123.0,430446.4,4584557.9,77.6,True,False
7003,33,el Baix Guinardó,Horta-Guinardó,430534.98222544446,4584352.356880267,1128.7226629229829,1307.0,430524.5,4584405.1,53.8,True,False
7004,33,el Baix Guinardó,Horta-Guinardó,430685.1152637692,4584487.160668586,1288.3043846273792,1535.0,430687.9,4584487.3,2.8,True,False
7005,33,el Baix Guinardó,Horta-Guinardó,430633.8980417602,4584641.11711246,1429.0465834066154,1461.0,430651.7,4584616.9,30.1,True,False
7006,33,el Baix Guinardó,Horta-Guinardó,430504.7974119253,4584589.698020593,1361.6161836030162,955.0,430467.7,4584536.9,64.5,True,False
7007,33,el Baix Guinardó,Horta-Guinardó,430352.95990571246,4584765.003680092,1532.6539669835236,1368.0,430362.9,4584745.9,21.5,True,False
7008,33,el Baix Guinardó,Horta-Guinardó,430497.4067214592,4584791.623148505,1562.408634439936,1394.0,430488.7,4584817.6,27.4,True,False
7009,33,el Baix Guinardó,Horta-Guinardó,430649.0269756699,4584810.178352639,1598.2810064901505,1232.0,430614.2,4584778.3,47.2,True,False
7010,33,el Baix Guinardó,Horta-Guinardó,430775.803801567,4584678.187870718,1495.6516683479645,1309.0,430791.5,4584629.3,51.3,True,False
7011,33,el Baix Guinardó,Horta-Guinardó,430892.7170567918,4584743.688908231,1556.80645198799,1138.0,430890.6,4584719.1,24.7,True,False
7012,33,el Baix Guinardó,Horta-Guinardó,430765.4827993392,4584874.66819999,1683.9584838030603,1535.0,430709.9,4584869.1,55.9,True,False
7013,33,el Baix Guinardó,Horta-Guinardó,430608.28428645927,4584923.206446349,1704.2592987987616,1198.0,430604.9,4584947.4,24.4,True,False
7014,33,el Baix Guinardó,Horta-Guinardó,430618.2267221015,4585025.759067016,1807.2458670038827,868.0,430615.9,4584989.7,36.1,True,False
7015,33,el Baix Guinardó,Horta-Guinardó,430524.0454736926,4585143.720306308,1915.5039718736791,1382.0,430574.2,4585141.2,50.2,True,False
7016,33,el Baix Guinardó,Horta-Guinardó,430339.0846751793,4584998.182100394,1766.124427485069,1367.0,430342.9,4585009.3,11.8,True,False
7017,33,el Baix Guinardó,Horta-Guinardó,430099.44724087504,4584901.6930436855,1694.1790990906554,1706.0,430146.6,4584873.5,54.9,True,False
7018,33,el Baix Guinardó,Horta-Guinardó,430105.2033770015,4584770.156875797,1563.7091679129892,1664.0,430062.4,4584754.5,45.6,True,False
7019,33,el Baix Guinardó,Horta-Guinardó,430041.1722126688,4585025.900518995,1826.9218206774428,1498.0,430082.5,4585009.1,44.6,True,False
7020,34,Can Baró,Horta-Guinardó,430084.6407749546,4585140.553609856,1932.2031566347405,1695.0,430108.5,4585113.3,36.2,True,False
7021,34,Can Baró,Horta-Guinardó,429618.2194229871,4585277.186947205,2185.619463453085,1066.0,429620.2,4585276.2,2.2,True,False
7022,34,Can Baró,Horta-Guinardó,429827.0374973822,4585202.054503162,2048.4518328356294,1166.0,429830.5,4585218.1,16.4,True,False
7023,34,Can Baró,Horta-Guinardó,429823.4896845541,4585388.795947691,2229.46535080382,1303.0,429825.5,4585394.3,5.9,True,False
7024,34,Can Baró,Horta-Guinardó,429927.10622633377,4585279.572105219,2098.705230153505,1478.0,429889.1,4585291.2,39.7,True,False
7025,34,Can Baró,Horta-Guinardó,430111.7098944337,4585275.166287819,2061.376513187157,1444.0,430127.3,4585259.9,21.8,True,False
7026,34,Can Baró,Horta-Guinardó,430169.2444467589,4585487.156906172,2265.23158027704,1119.0,430120.6,4585424.7,79.2,True,False
7027,35,el Guinardó,Horta-Guinardó,430519.0079033678,4585342.052853449,2113.093217745658,2116.0,430527.3,4585349.5,11.1,True,False
7028,35,el Guinardó,Horta-Guinardó,430486.62377582776,4585709.313625083,2478.3234286915763,1475.0,430516.0,4585585.0,127.7,True,False
7029,35,el Guinardó,Horta-Guinardó,430749.8493349903,4585695.849919801,2488.99525544374,1313.0,430731.6,4585662.2,38.3,True,False
7030,35,el Guinardó,Horta-Guinardó,430826.8170246596,4585853.405168649,2656.534488656203,1365.0,430828.1,4585852.8,1.4,True,False
7031,35,el Guinardó,Horta-Guinardó,430983.1883559263,4585769.2814504085,2578.1690086273265,1558.0,431003.7,4585795.9,33.6,True,False
7032,35,el Guinardó,Horta-Guinardó,430953.7593266436,4585622.998135743,2432.385860206999,1436.0,430978.7,4585633.1,26.9,True,False
7033,35,el Guinardó,Horta-Guinardó,431113.5974755369,4585752.893203579,2563.7780276354947,1423.0,431082.9,4585726.4,40.5,True,False
7034,35,el Guinardó,Horta-Guinardó,431291.3693923872,4585546.117049727,2371.7236500093704,1799.0,431278.2,4585565.8,23.7,True,False
7035,35,el Guinardó,Horta-Guinardó,431435.7975638415,4585367.533275946,2217.714675121415,1734.0,431452.8,4585404.9,41.1,True,False
7036,35,el Guinardó,Horta-Guinardó,431225.2110820003,4585411.575360609,2230.818906066229,1405.0,431209.7,4585420.1,17.7,True,False
7037,35,el Guinardó,Horta-Guinardó,431005.0878807736,4585528.878527047,2337.638818716576,1479.0,431008.1,4585515.8,13.4,True,False
7038,35,el Guinardó,Horta-Guinardó,430804.08743775904,4585285.163575488,2093.4531087550304,1270.0,430783.1,4585377.1,94.3,True,False
7039,35,el Guinardó,Horta-Guinardó,431037.1543461408,4585034.512114106,1843.4814366500607,1605.0,431147.6,4585151.9,161.2,True,False
7040,35,el Guinardó,Horta-Guinardó,431120.02373941935,4585286.984328137,2098.6713775145645,1487.0,431123.5,4585288.0,3.6,True,False
7041,35,el Guinardó,Horta-Guinardó,431337.504034857,4585239.6939279325,2074.5988433951684,1375.0,431361.4,4585236.1,24.2,True,False
7042,35,el Guinardó,Horta-Guinardó,431442.9545719687,4585672.899304561,2519.284621121424,1513.0,431464.7,4585665.9,22.8,True,False
7043,35,el Guinardó,Horta-Guinardó,431331.28411814326,4585807.702325928,2636.213649784198,1409.0,431333.6,4585838.2,30.6,True,False
7044,35,el Guinardó,Horta-Guinardó,431272.8883356589,4586030.883195802,2851.860436453489,1282.0,431260.0,4586033.7,13.2,True,False
7045,35,el Guinardó,Horta-Guinardó,431184.3561168652,4585920.36951504,2734.743870482776,1568.0,431233.0,4585931.6,49.9,True,False
7046,35,el Guinardó,Horta-Guinardó,431122.81154989,4586055.310943991,2866.3217794117245,1394.0,431149.2,4586065.9,28.4,True,False
7047,35,el Guinardó,Horta-Guinardó,431084.88559718325,4586215.280675907,3024.98541902064,1435.0,431078.2,4586228.1,14.5,True,False
7048,35,el Guinardó,Horta-Guinardó,430979.47693817865,4586336.793244476,3145.6900341318506,1341.0,430995.5,4586380.0,46.1,True,False
7049,35,el Guinardó,Horta-Guinardó,430912.0077446256,4586230.380246587,3040.6894125985527,1200.0,430915.3,4586204.5,26.1,True,False
7050,35,el Guinardó,Horta-Guinardó,430992.1074182166,4586031.246908448,2840.054845783579,1190.0,430992.0,4586062.2,31.0,True,False
7051,35,el Guinardó,Horta-Guinardó,430848.4774402679,4586048.667639335,2852.725654497048,1822.0,430876.3,4586032.6,32.1,True,False
7052,36,la Font d'en Fargues,Horta-Guinardó,430700.6840342606,4586209.934392172,2993.1482356414954,1254.0,430696.7,4586214.7,6.2,True,False
7053,36,la Font d'en Fargues,Horta-Guinardó,430557.25059005024,4586401.877535195,3173.396692007918,1480.0,430552.5,4586416.5,15.4,True,False
7054,36,la Font d'en Fargues,Horta-Guinardó,430366.0016003887,4586226.766044158,2994.044956985997,1632.0,430358.4,4586224.5,7.9,True,False
7055,36,la Font d'en Fargues,Horta-Guinardó,430137.15428779606,4586350.406357196,3127.9142315761983,1206.0,430117.3,4586375.2,31.8,True,False
7056,36,la Font d'en Fargues,Horta-Guinardó,430101.1203679969,4586027.908868454,2810.0956293933414,1181.0,430119.8,4586045.0,25.3,True,False
7057,36,la Font d'en Fargues,Horta-Guinardó,429908.7106009521,4586351.676714673,3155.9522661555275,1426.0,429911.4,4586312.4,39.4,True,False
7058,36,la Font d'en Fargues,Horta-Guinardó,429779.64361819153,4586074.00319626,2906.2524301531453,1348.0,429810.5,4586107.1,45.2,True,False
7059,37,el Carmel,Horta-Guinardó,429822.9792468739,4585840.323545092,2668.694713325277,1300.0,429815.0,4585854.6,16.4,True,False
7060,37,el Carmel,Horta-Guinardó,429859.937883266,4585660.438324399,2485.066076148013,1872.0,429826.1,4585663.4,34.0,True,False
7061,37,el Carmel,Horta-Guinardó,429307.0075472862,4585554.199457214,2562.085078083748,1204.0,429328.3,4585636.6,85.1,True,False
7062,37,el Carmel,Horta-Guinardó,429081.1327747592,4585872.447448472,2946.848578920226,1367.0,429108.4,4585852.7,33.7,True,False
7063,37,el Carmel,Horta-Guinardó,429309.8287391934,4585939.685843236,2914.873046904481,1459.0,429294.3,4585943.2,15.9,True,False
7064,37,el Carmel,Horta-Guinardó,429453.80484753504,4585755.189294399,2690.9203943055018,1698.0,429473.8,4585741.7,24.1,True,False
7065,37,el Carmel,Horta-Guinardó,429469.9175279422,4585887.405555059,2809.907367855243,1708.0,429466.9,4585866.5,21.1,True,False
7066,37,el Carmel,Horta-Guinardó,429570.2334536241,4585867.499226479,2759.6215387540988,1743.0,429585.6,4585869.7,15.5,True,False
7067,37,el Carmel,Horta-Guinardó,429637.4037528628,4585890.850851239,2762.847162587166,1560.0,429612.0,4585890.5,25.4,True,False
7068,37,el Carmel,Horta-Guinardó,429502.9750857778,4586052.600865764,2956.365610926484,1314.0,429467.6,4586059.2,36.0,True,False
7069,37,el Carmel,Horta-Guinardó,429381.1375673997,4586049.236010925,2992.059418463555,1440.0,429394.0,4586031.8,21.7,True,False
7070,37,el Carmel,Horta-Guinardó,429587.6593354635,4586177.245437074,3052.0982914140795,1437.0,429589.0,4586153.3,24.0,True,False
7071,37,el Carmel,Horta-Guinardó,429587.1466158433,4586479.096836135,3344.367801980359,1339.0,429591.6,4586484.5,7.0,True,False
7072,37,el Carmel,Horta-Guinardó,429478.5692160114,4586612.079641756,3500.324754142422,1372.0,429486.4,4586613.7,8.0,True,False
7073,37,el Carmel,Horta-Guinardó,429258.40329354,4586461.011150072,3421.175101400121,1137.0,429294.1,4586470.0,36.8,True,False
7074,37,el Carmel,Horta-Guinardó,429413.61105318856,4586403.547431908,3318.008530421955,1659.0,429414.8,4586359.7,43.9,True,False
7075,37,el Carmel,Horta-Guinardó,429506.0002582982,4586329.010928204,3220.2426487102675,1194.0,429502.5,4586328.8,3.5,True,False
7076,37,el Carmel,Horta-Guinardó,429380.8276754833,4586197.64102518,3132.252878818843,1404.0,429368.2,4586211.2,18.5,True,False
7077,37,el Carmel,Horta-Guinardó,429176.1804085028,4586027.52492537,3047.4005314190176,1314.0,429190.9,4585992.8,37.7,True,False
7078,37,el Carmel,Horta-Guinardó,429106.009060085,4586068.8476158725,3113.642884195937,1381.0,429111.7,4586068.9,5.7,True,False
7079,37,el Carmel,Horta-Guinardó,429270.3843892163,4586232.134287705,3201.8915246498595,1437.0,429310.1,4586236.2,39.9,True,False
7080,37,el Carmel,Horta-Guinardó,429202.9786686414,4586313.150059946,3301.5602207688457,1780.0,429204.8,4586299.8,13.5,True,False
7081,38,la Teixonera,Horta-Guinardó,428963.27132555685,4586264.723726613,3351.3320130287293,1915.0,428961.5,4586258.5,6.5,True,False
7082,38,la Teixonera,Horta-Guinardó,429023.7400897111,4586106.055440743,3182.048782734719,1233.0,429022.9,4586107.5,1.7,True,False
7083,38,la Teixonera,Horta-Guinardó,428931.4854272516,4585948.957511384,3083.5338610837143,1343.0,428935.9,4585933.7,15.9,True,False
7084,38,la Teixonera,Horta-Guinardó,428542.0478716351,4585897.336772735,3243.306805123053,1361.0,428531.5,4585887.3,14.6,True,False
7085,38,la Teixonera,Horta-Guinardó,428823.4703709365,4586059.615174718,3232.423358600833,1275.0,428829.4,4586066.3,8.9,True,False
7086,38,la Teixonera,Horta-Guinardó,428599.52589334775,4585954.285816211,3258.296374506105,1487.0,428590.3,4585959.7,10.7,True,False
7087,38,la Teixonera,Horta-Guinardó,428525.35795580485,4586009.278835265,3345.162919553084,1600.0,428516.2,4586006.2,9.7,True,False
7088,38,la Teixonera,Horta-Guinardó,428458.2270551458,4586126.712564125,3480.0896503519225,1704.0,428477.1,4586105.6,28.3,True,False
7089,39,Sant Genís dels Agudells,Horta-Guinardó,428134.4094511907,4586042.680135008,3603.949983613166,1373.0,428084.9,4585998.9,66.1,True,False
7090,39,Sant Genís dels Agudells,Horta-Guinardó,427170.0224360372,4586350.634704715,4482.947752203264,1465.0,427217.9,4586328.9,52.6,True,False
7091,39,Sant Genís dels Agudells,Horta-Guinardó,427795.7210000702,4586629.06074049,4274.459454393445,1241.0,427810.1,4586627.1,14.5,True,False
7092,39,Sant Genís dels Agudells,Horta-Guinardó,428052.8159349394,4586281.7705261735,3842.4180723481,1479.0,428038.8,4586268.8,19.1,True,False
7093,39,Sant Genís dels Agudells,Horta-Guinardó,427987.7214469239,4586516.513350399,4069.322711297906,1704.0,427985.9,4586524.0,7.7,True,False
7094,40,Montbau,Horta-Guinardó,428282.5789991047,4586677.387947823,4038.731780087186,1224.0,428304.4,4586748.6,74.5,True,False
7095,40,Montbau,Horta-Guinardó,428263.1505826963,4586980.189458285,4309.453790451382,1500.0,428243.0,4586997.2,26.4,True,False
7096,40,Montbau,Horta-Guinardó,428492.9580840498,4587189.238463498,4388.231780308718,1421.0,428504.9,4587186.6,12.2,True,False
7097,40,Montbau,Horta-Guinardó,427878.28208039433,4587585.516098864,5026.006787216017,869.0,,,331.2,False,False
7098,41,la Vall d'Hebron,Horta-Guinardó,429012.0492959348,4587386.487999125,4376.64280537257,2141.0,429026.0,4587380.4,15.2,True,False
7099,41,la Vall d'Hebron,Horta-Guinardó,428888.4752271039,4587140.17588768,4186.359684493586,1033.0,428909.9,4587192.1,56.2,True,False
7100,41,la Vall d'Hebron,Horta-Guinardó,428972.1139186007,4587088.540843051,4108.574203862911,1190.0,429020.3,4587072.6,50.8,True,False
7101,41,la Vall d'Hebron,Horta-Guinardó,428736.5396977753,4586623.273961162,3772.676402007373,1505.0,428842.2,4586606.1,107.0,True,False
7102,42,la Clota,Horta-Guinardó,429235.7765222769,4586712.990275912,3666.957632940951,669.0,429235.3,4586678.9,34.1,True,False
7103,43,Horta,Horta-Guinardó,428874.4953642565,4588298.071356395,5287.451515866161,1509.0,428974.4,4588244.5,113.4,True,False
7104,43,Horta,Horta-Guinardó,429948.5504388124,4587738.41067736,4527.276874972732,1565.0,429908.5,4587739.1,40.1,True,False
7105,43,Horta,Horta-Guinardó,430039.52470883896,4587499.147501348,4280.791524920642,1031.0,430042.4,4587496.9,3.6,True,False
7106,43,Horta,Horta-Guinardó,430020.7399481937,4587242.952392971,4027.2021382516873,1167.0,430046.7,4587293.1,56.5,True,False
7107,43,Horta,Horta-Guinardó,429867.8200584124,4587324.3912398415,4124.904911851766,1170.0,429815.8,4587257.3,84.9,True,False
7108,43,Horta,Horta-Guinardó,429780.4242195716,4587543.638174481,4353.867132508138,1240.0,429802.2,4587584.3,46.1,True,False
7109,43,Horta,Horta-Guinardó,429571.94413382217,4587602.060245256,4445.380247466255,1672.0,429535.1,4587691.5,96.7,True,False
7110,43,Horta,Horta-Guinardó,429641.6835620445,4587320.258267964,4155.5857828778935,1027.0,429584.1,4587330.9,58.6,True,False
7111,43,Horta,Horta-Guinardó,429416.9481665399,4587390.67758083,4270.470680566201,883.0,429373.7,4587383.9,43.8,True,False
7112,43,Horta,Horta-Guinardó,429377.3694762561,4587087.98073,3986.238315267685,1292.0,429351.0,4587062.9,36.4,True,False
7113,43,Horta,Horta-Guinardó,429506.7389475016,4587136.966973812,4003.0749478421208,1167.0,429506.2,4587116.0,21.0,True,False
7114,43,Horta,Horta-Guinardó,429628.2845892224,4586981.666646215,3825.684671735415,1183.0,429640.4,4586999.1,21.2,True,False
7115,43,Horta,Horta-Guinardó,429787.3741879972,4587075.404617374,3889.733582315844,1069.0,429765.2,4587074.5,22.2,True,False
7116,43,Horta,Horta-Guinardó,429961.4560885048,4587055.813846095,3847.0665671415895,1485.0,429986.8,4587023.6,41.0,True,False
7117,43,Horta,Horta-Guinardó,429991.1806207383,4586909.947265345,3698.816149600911,2786.0,429982.7,4586909.9,8.5,True,False
7118,43,Horta,Horta-Guinardó,429715.07701577584,4586847.430301549,3677.298050305931,1231.0,429726.9,4586847.6,11.8,True,False
7119,43,Horta,Horta-Guinardó,429720.1675473649,4586703.965489195,3535.407826219259,1300.0,429754.8,4586692.6,36.4,True,False
7120,43,Horta,Horta-Guinardó,429786.4401121324,4586521.713775936,3344.0290169977006,1233.0,429781.5,4586558.2,36.8,True,False
7121,43,Horta,Horta-Guinardó,429872.1055104163,4586727.173844799,3532.695171852573,1151.0,429851.6,4586735.8,22.2,True,False
7122,43,Horta,Horta-Guinardó,430036.5892294399,4586668.414550595,3453.841502124925,1293.0,430059.1,4586689.9,31.1,True,False
7123,43,Horta,Horta-Guinardó,430162.2074568773,4586819.939277437,3594.414849784612,1421.0,430129.4,4586840.6,38.8,True,False
8001,44,Vilapicina i la Torre Llobeta,Nou Barris,430334.8106938312,4586835.50056805,3603.114845983024,1271.0,430350.4,4586858.1,27.5,True,False
8002,44,Vilapicina i la Torre Llobeta,Nou Barris,430277.75846255553,4586659.060858675,3428.111656100625,1251.0,430301.0,4586657.4,23.3,True,False
8003,44,Vilapicina i la Torre Llobeta,Nou Barris,430421.0696613132,4586653.681458775,3420.984436368069,1192.0,430425.4,4586656.1,5.0,True,False
8004,44,Vilapicina i la Torre Llobeta,Nou Barris,430496.8607548868,4586802.978121878,3571.713536864801,1455.0,430480.3,4586793.4,19.1,True,False
8005,44,Vilapicina i la Torre Llobeta,Nou Barris,430657.271854265,4586786.527543912,3563.6456834009728,1137.0,430660.6,4586793.9,8.1,True,False
8006,44,Vilapicina i la Torre Llobeta,Nou Barris,430584.9942249255,4586623.940878204,3396.6455391117424,1648.0,430564.9,4586604.2,28.2,True,False
8007,44,Vilapicina i la Torre Llobeta,Nou Barris,430775.6978687003,4586716.043800927,3504.3719217951266,1145.0,430784.9,4586722.4,11.2,True,False
8008,44,Vilapicina i la Torre Llobeta,Nou Barris,430748.7300691512,4586539.280913197,3325.725626318896,1632.0,430739.8,4586498.0,42.2,True,False
8009,44,Vilapicina i la Torre Llobeta,Nou Barris,430995.1842664622,4586449.880516177,3258.667229165364,1785.0,431013.1,4586427.4,28.7,True,False
8010,44,Vilapicina i la Torre Llobeta,Nou Barris,430873.4747067,4586704.01969243,3504.5326173838507,1085.0,430875.2,4586695.4,8.8,True,False
8011,44,Vilapicina i la Torre Llobeta,Nou Barris,430969.9653366315,4586720.31296254,3529.2873476160416,1166.0,431003.5,4586701.3,38.5,True,False
8012,44,Vilapicina i la Torre Llobeta,Nou Barris,431152.3294926508,4586496.132490296,3307.988896373055,1299.0,431124.1,4586487.6,29.5,True,False
8013,44,Vilapicina i la Torre Llobeta,Nou Barris,431074.8609767534,4586711.456389818,3520.82621241249,1169.0,431015.8,4586701.7,59.9,True,False
8014,44,Vilapicina i la Torre Llobeta,Nou Barris,431185.3568894072,4586747.295042207,3560.414284098229,1253.0,431181.1,4586767.5,20.6,True,False
8015,44,Vilapicina i la Torre Llobeta,Nou Barris,431370.37114532193,4586676.33074462,3503.756375683153,1372.0,431370.9,4586671.9,4.5,True,False
8016,44,Vilapicina i la Torre Llobeta,Nou Barris,431408.58529424656,4586802.149617883,3632.930746854597,1136.0,431401.6,4586792.4,12.0,True,False
8017,44,Vilapicina i la Torre Llobeta,Nou Barris,431573.10363551416,4586652.777315742,3507.1713899325005,1354.0,431548.8,4586660.9,25.6,True,False
8018,44,Vilapicina i la Torre Llobeta,Nou Barris,431772.0415100465,4586610.587176887,3503.4129035713468,1490.0,431806.3,4586664.8,64.1,True,False
8019,44,Vilapicina i la Torre Llobeta,Nou Barris,431687.7533997,4586754.030133899,3626.836109402858,1827.0,431694.8,4586750.4,7.9,True,False
8020,45,Porta,Nou Barris,431575.3202087115,4586909.436837162,3761.050595263511,1347.0,431556.1,4586914.3,19.8,True,False
8021,45,Porta,Nou Barris,431467.8826280109,4586994.072664033,3830.396652978113,1443.0,431481.6,4586982.5,17.9,True,False
8022,45,Porta,Nou Barris,431296.1386316413,4587095.73841753,3915.027402153016,1200.0,431308.0,4587105.4,15.3,True,False
8023,45,Porta,Nou Barris,431338.1012162063,4586940.456520962,3763.615660189514,1384.0,431333.7,4586976.1,35.9,True,False
8024,45,Porta,Nou Barris,431152.3373596461,4586919.948034623,3731.4527021019417,1343.0,431185.3,4586868.3,61.3,True,False
8025,45,Porta,Nou Barris,431123.2704186662,4587025.454673128,3835.9090878341262,1219.0,431119.6,4587029.0,5.1,True,False
8026,45,Porta,Nou Barris,431135.31901654095,4587188.750539279,3999.49756139436,1341.0,431181.5,4587183.6,46.5,True,False
8027,45,Porta,Nou Barris,431351.9614241225,4587505.120336118,4327.476020181141,1405.0,431342.3,4587433.8,72.0,True,False
8028,45,Porta,Nou Barris,431368.5632107409,4587278.423224247,4102.951523744215,1066.0,431397.4,4587242.1,46.4,True,False
8029,45,Porta,Nou Barris,431669.3710896934,4587429.203897079,4289.07797596881,1484.0,431658.8,4587428.5,10.6,True,False
8030,45,Porta,Nou Barris,431514.8451735661,4587742.331632099,4579.096365437587,1442.0,431485.3,4587748.3,30.1,True,False
8031,45,Porta,Nou Barris,431300.2570888087,4587755.347688993,4573.378090212229,1260.0,431293.0,4587752.8,7.7,True,False
8032,45,Porta,Nou Barris,431203.1555849445,4587626.570598751,4439.567903907402,1264.0,431208.5,4587637.7,12.3,True,False
8033,45,Porta,Nou Barris,431071.5279070959,4587670.089944988,4479.280914518563,1481.0,431105.1,4587630.2,52.1,True,False
8034,45,Porta,Nou Barris,430977.2523593197,4587532.594167664,4339.519818321109,1234.0,430979.3,4587538.8,6.5,True,False
8035,45,Porta,Nou Barris,431102.30882270535,4587432.476968975,4242.256503207269,4462.0,431078.0,4587408.1,34.4,True,False
8036,45,Porta,Nou Barris,430986.241771486,4587394.303406917,4203.122632790625,1507.0,430966.3,4587391.2,20.2,True,False
8037,45,Porta,Nou Barris,430950.6568814319,4587268.8258791575,4074.586754140226,1515.0,430970.1,4587233.6,40.2,True,False
8038,46,el Turó de la Peira,Nou Barris,430915.00729490776,4587083.334265831,3885.969620920996,1615.0,430892.3,4587057.5,34.4,True,False
8039,46,el Turó de la Peira,Nou Barris,430772.0315676696,4587312.333052865,4097.241363846819,1532.0,430803.5,4587286.8,40.5,True,False
8040,46,el Turó de la Peira,Nou Barris,430716.3731439712,4587180.760770101,3961.30093746858,1886.0,430710.8,4587191.3,11.9,True,False
8041,46,el Turó de la Peira,Nou Barris,430608.8063510372,4587111.471995764,3884.743210470641,2496.0,430602.0,4587057.0,54.9,True,False
8042,46,el Turó de la Peira,Nou Barris,430840.43579708505,4586979.672447073,3773.678030021216,1226.0,430811.3,4586966.2,32.1,True,False
8043,46,el Turó de la Peira,Nou Barris,430727.617023369,4586918.490446182,3700.983341398821,1126.0,430683.1,4586868.6,66.9,True,False
8044,46,el Turó de la Peira,Nou Barris,430570.5504317487,4586980.972899382,3752.433337388917,1330.0,430556.7,4586990.9,17.0,True,False
8045,46,el Turó de la Peira,Nou Barris,430469.033700253,4586928.6160362,3696.6078976850536,1736.0,430460.2,4586936.5,11.8,True,False
8046,46,el Turó de la Peira,Nou Barris,430223.4128138889,4586971.699126268,3742.635586469845,1448.0,430219.9,4586977.8,7.0,True,False
8047,46,el Turó de la Peira,Nou Barris,430306.5796265515,4587121.475034964,3889.568739400355,1630.0,430261.0,4587026.3,105.5,True,False
8048,47,Can Peguera,Nou Barris,430467.4189000245,4587314.188142577,4082.072170711538,971.0,430456.3,4587319.2,12.2,True,False
8049,47,Can Peguera,Nou Barris,430260.8181069312,4587412.983103837,4182.189230553117,1216.0,430244.2,4587429.1,23.1,True,False
8050,48,la Guineueta,Nou Barris,430652.96836417215,4587424.620364559,4199.957482974933,1380.0,430628.0,4587364.7,64.9,True,False
8051,48,la Guineueta,Nou Barris,430218.7110030772,4587702.975672037,4473.475738803199,1339.0,430219.0,4587729.2,26.2,True,False
8052,48,la Guineueta,Nou Barris,430348.59622230247,4587754.733056876,4522.106642626037,887.0,430346.2,4587742.0,13.0,True,False
8053,48,la Guineueta,Nou Barris,430439.096676104,4587745.544918851,4512.971634083207,1118.0,430487.3,4587743.0,48.3,True,False
8054,48,la Guineueta,Nou Barris,430612.70312658703,4587726.940890545,4499.568102407761,1592.0,430594.8,4587693.3,38.1,True,False
8055,48,la Guineueta,Nou Barris,430879.6134607821,4587716.220237819,4509.9160892461305,1797.0,430874.2,4587779.0,63.0,True,False
8056,48,la Guineueta,Nou Barris,430699.8679685664,4587889.629825019,4667.0199427032185,1481.0,430713.6,4587903.7,19.7,True,False
8057,48,la Guineueta,Nou Barris,430825.52280838985,4588021.808751164,4808.634393986512,1305.0,430813.0,4588006.0,20.2,True,False
8058,48,la Guineueta,Nou Barris,430497.8178978815,4588013.57014991,4781.931211155995,1612.0,430499.1,4588025.4,11.9,True,False
8059,48,la Guineueta,Nou Barris,430232.2605126175,4587949.711102551,4719.56145962595,992.0,430201.0,4587995.8,55.7,True,False
8060,49,Canyelles,Nou Barris,430133.4981270998,4588073.520693493,4847.549075964934,1175.0,430116.1,4588087.0,22.0,True,False
8061,49,Canyelles,Nou Barris,430071.0662665031,4588251.234861647,5028.609301816554,1635.0,430015.3,4588253.4,55.8,True,False
8062,49,Canyelles,Nou Barris,430346.44901654025,4588231.092898893,4998.466112675291,1122.0,430349.6,4588316.7,85.7,True,False
8063,49,Canyelles,Nou Barris,430570.5177089674,4588266.772716133,5037.137610166043,1055.0,430584.5,4588240.7,29.6,True,False
8064,49,Canyelles,Nou Barris,430068.32987390767,4588609.315675316,5386.175259983643,1800.0,430144.3,4588472.0,156.9,True,False
8065,50,les Roquetes,Nou Barris,430761.35729438,4588802.340489885,5581.799080121135,1763.0,430752.6,4588797.8,9.9,True,False
8066,50,les Roquetes,Nou Barris,431169.4104171862,4589014.114313023,5825.07577264194,1564.0,431176.9,4588995.6,20.0,True,False
8067,50,les Roquetes,Nou Barris,431454.4113365052,4589066.132727079,5891.737910418487,1808.0,431491.2,4589024.8,55.3,True,False
8068,50,les Roquetes,Nou Barris,431152.9348875976,4588780.653753543,5591.259350257808,1865.0,431146.0,4588778.3,7.3,True,False
8069,50,les Roquetes,Nou Barris,431007.0090060481,4588736.01793893,5537.536161113857,1540.0,431007.9,4588742.9,6.9,True,False
8070,50,les Roquetes,Nou Barris,431061.5894066922,4588650.330555721,5458.822250938823,1477.0,431066.1,4588628.2,22.6,True,False
8071,50,les Roquetes,Nou Barris,431019.557429084,4588578.031097875,5382.008458574762,1715.0,431000.2,4588609.7,37.1,True,False
8072,50,les Roquetes,Nou Barris,430817.3992069391,4588575.108897672,5359.254037625507,1186.0,430817.2,4588587.1,12.0,True,False
8073,50,les Roquetes,Nou Barris,430934.1189066249,4588446.279666443,5241.643620187704,1725.0,430911.9,4588398.4,52.8,True,False
8074,50,les Roquetes,Nou Barris,431318.8099918376,4588609.660507323,5427.257964940987,1513.0,431311.0,4588604.8,9.2,True,False
8075,51,Verdun,Nou Barris,431338.7309361214,4588448.753352393,5267.829707758263,1876.0,431324.2,4588464.3,21.3,True,False
8076,51,Verdun,Nou Barris,431248.6352250804,4588221.647326079,5036.101051154273,1585.0,431258.6,4588238.9,19.9,True,False
8077,51,Verdun,Nou Barris,431152.1784478027,4588370.278661452,5181.00976628525,1407.0,431140.6,4588354.6,19.5,True,False
8078,51,Verdun,Nou Barris,430945.6626824221,4588283.0244624885,5080.54142381168,1536.0,430946.2,4588284.4,1.5,True,False
8079,51,Verdun,Nou Barris,430980.330000225,4588117.321903261,4919.892415486605,1420.0,430983.2,4588111.4,6.6,True,False
8080,51,Verdun,Nou Barris,431077.42578369984,4588140.440486683,4949.668023834513,1518.0,431097.4,4588106.8,39.1,True,False
8081,51,Verdun,Nou Barris,431093.5543540973,4588021.055069818,4830.549107862399,1626.0,431111.0,4587997.0,29.7,True,False
8082,51,Verdun,Nou Barris,431140.3396408396,4587963.04933715,4773.608860133255,1590.0,431129.4,4587983.4,23.1,True,False
8083,52,la Prosperitat,Nou Barris,431201.7006045772,4587836.105004903,4648.850696567149,1282.0,431224.4,4587829.2,23.7,True,False
8084,52,la Prosperitat,Nou Barris,431443.5606705191,4587873.857369104,4702.720426753813,1087.0,431406.0,4587897.8,44.5,True,False
8085,52,la Prosperitat,Nou Barris,431381.9138906231,4587946.56632101,4769.910206659745,1504.0,431380.4,4587946.3,1.5,True,False
8086,52,la Prosperitat,Nou Barris,431290.1516839723,4588009.748484822,4826.691343063016,1642.0,431283.4,4587985.0,25.7,True,False
8087,52,la Prosperitat,Nou Barris,431399.44203371217,4588176.27993881,5000.291119589604,1204.0,431401.3,4588143.7,32.6,True,False
8088,52,la Prosperitat,Nou Barris,431473.78957752953,4588292.932342711,5122.803212789198,1249.0,431469.1,4588303.7,11.7,True,False
8089,52,la Prosperitat,Nou Barris,431507.6876479708,4588405.055725213,5237.592089505882,1217.0,431540.5,4588428.3,40.2,True,False
8090,52,la Prosperitat,Nou Barris,431634.8751466999,4588264.765051194,5111.960838930744,1204.0,431613.3,4588280.4,26.6,True,False
8091,52,la Prosperitat,Nou Barris,431538.2335945508,4588112.688956516,4949.802753959409,1168.0,431523.3,4588091.1,26.3,True,False
8092,52,la Prosperitat,Nou Barris,431651.81381010433,4587928.414909875,4780.564818566494,993.0,431682.7,4587914.5,33.9,True,False
8093,52,la Prosperitat,Nou Barris,431680.74834348535,4588127.739073471,4981.969759138866,1250.0,431643.6,4588122.4,37.5,True,False
8094,52,la Prosperitat,Nou Barris,431814.8356655793,4588128.750621272,5002.808535461355,1414.0,431857.9,4588092.4,56.4,True,False
8095,52,la Prosperitat,Nou Barris,431910.2564034189,4588031.741241555,4923.656829265479,1087.0,431864.1,4588080.7,67.3,True,False
8096,52,la Prosperitat,Nou Barris,431961.5849772771,4588303.75160457,5200.466912683198,1523.0,431932.8,4588284.6,34.6,True,False
8097,52,la Prosperitat,Nou Barris,432018.79249278095,4588549.11963231,5452.173718987152,1317.0,432025.8,4588557.4,10.8,True,False
8098,52,la Prosperitat,Nou Barris,431881.9974209814,4588513.234212372,5393.0913182703935,1267.0,431867.0,4588460.8,54.5,True,False
8099,52,la Prosperitat,Nou Barris,431817.74823572754,4588340.580039978,5212.435633784637,1422.0,431823.0,4588317.3,23.9,True,False
8100,52,la Prosperitat,Nou Barris,431764.09023515694,4588417.336015939,5280.337689783702,1269.0,431710.0,4588432.0,56.0,True,False
8101,52,la Prosperitat,Nou Barris,431763.6676441107,4588588.838365555,5450.07483201663,1680.0,431760.7,4588577.0,12.2,True,False
8102,52,la Prosperitat,Nou Barris,431593.208685828,4588500.488026085,5341.272658725062,1567.0,431624.0,4588468.4,44.5,True,False
8103,53,la Trinitat Nova,Nou Barris,431609.2655427377,4588850.593156333,5691.0779906905445,1653.0,431625.6,4588871.8,26.8,True,False
8104,53,la Trinitat Nova,Nou Barris,431814.33235685393,4588756.539805517,5623.240097345101,1234.0,431765.2,4588756.5,49.1,True,False
8105,53,la Trinitat Nova,Nou Barris,432057.03944614896,4588829.620774991,5734.924032177157,1426.0,432077.7,4588772.3,60.9,True,False
8106,53,la Trinitat Nova,Nou Barris,432174.30790613353,4589133.894468057,6055.796767331098,1236.0,432168.6,4589134.0,5.7,True,False
8107,53,la Trinitat Nova,Nou Barris,431948.0969661391,4589274.7681006165,6155.556701668187,1872.0,431993.4,4589282.6,46.0,True,False
8108,54,Torre Baró,Nou Barris,431603.700311754,4589750.86527836,6586.510456581894,1929.0,431625.6,4589747.4,22.2,True,False
8109,54,Torre Baró,Nou Barris,430735.5307038729,4589488.293928585,6264.935330042616,979.0,430776.0,4589442.4,61.2,True,False
8110,55,Ciutat Meridiana,Nou Barris,430736.5067634423,4590184.942174668,6960.684327675329,1990.0,430724.7,4590180.9,12.5,True,False
8111,55,Ciutat Meridiana,Nou Barris,431024.9109946379,4590152.627995199,6948.755970138225,1659.0,431065.3,4590122.1,50.6,True,False
8112,55,Ciutat Meridiana,Nou Barris,431362.85924293264,4590227.447277609,7045.088405280001,1699.0,431362.2,4590202.7,24.8,True,False
8113,55,Ciutat Meridiana,Nou Barris,431184.8415596615,4590261.387172626,7072.326296882659,1790.0,431166.6,4590254.2,19.6,True,False
8114,55,Ciutat Meridiana,Nou Barris,431212.5188015093,4590491.463207594,7303.051856254749,1963.0,431207.1,4590496.7,7.5,True,False
8115,55,Ciutat Meridiana,Nou Barris,431401.5413127872,4590420.026352399,7239.4246074150415,1707.0,431372.6,4590429.5,30.5,True,False
8116,56,Vallbona,Nou Barris,431862.7154701571,4590528.561109563,7386.798445445395,1420.0,431859.8,4590493.1,35.6,True,False
8215,48,la Guineueta,Nou Barris,430688.1493170832,4587563.6231787205,4340.963223227269,1553.0,430663.3,4587634.8,75.4,True,False
9001,57,la Trinitat Vella,Sant Andreu,432396.5222958232,4589641.791228063,6598.056150357284,2739.0,432395.3,4589647.5,5.8,True,False
9002,57,la Trinitat Vella,Sant Andreu,432541.0753778075,4589240.655689819,6240.365163511458,2158.0,432563.1,4589236.7,22.4,True,False
9003,57,la Trinitat Vella,Sant Andreu,432368.6053407267,4589246.802458076,6206.278315775998,2176.0,432357.4,4589208.9,39.5,True,False
9004,57,la Trinitat Vella,Sant Andreu,432450.8187904597,4589072.018312138,6054.906859334081,1663.0,432450.2,4589085.2,13.2,True,False
9005,57,la Trinitat Vella,Sant Andreu,432708.0217151209,4589000.02793868,6052.116379437176,1622.0,432659.0,4589025.9,55.4,True,False
9006,58,Baró de Viver,Sant Andreu,433181.55893465935,4588786.453474238,6002.141046015912,1275.0,433185.7,4588754.4,32.3,True,False
9007,58,Baró de Viver,Sant Andreu,433068.54157719895,4588504.262629902,5698.177764027121,1328.0,433086.9,4588496.2,20.1,True,False
9008,59,el Bon Pastor,Sant Andreu,432918.13263507886,4587864.400306538,5048.026905700343,1869.0,432908.0,4587883.1,21.3,True,False
9009,59,el Bon Pastor,Sant Andreu,433385.1401964632,4588034.569946192,5394.728740267848,1384.0,433436.2,4588085.6,72.2,True,False
9010,59,el Bon Pastor,Sant Andreu,433411.2205271544,4587595.353687234,5016.581142098436,1794.0,433427.3,4587604.7,18.6,True,False
9011,59,el Bon Pastor,Sant Andreu,433754.1718924613,4587644.649029886,5231.435422086132,1637.0,433716.3,4587643.9,37.9,True,False
9013,59,el Bon Pastor,Sant Andreu,433819.1107851248,4587336.19715604,5007.6411236769,2031.0,433835.2,4587323.4,20.6,True,False
9014,59,el Bon Pastor,Sant Andreu,433596.5315735287,4587273.729748581,4833.341569818689,2988.0,433590.1,4587298.6,25.7,True,False
9015,59,el Bon Pastor,Sant Andreu,433225.9513684705,4587046.45157328,4447.111175356287,1850.0,433204.7,4587081.3,40.8,True,False
9016,60,Sant Andreu,Sant Andreu,432689.0905847685,4587111.016836672,4264.597720401273,1282.0,432724.5,4587115.8,35.7,True,False
9017,60,Sant Andreu,Sant Andreu,432679.5739320817,4586967.7769418685,4129.466236275252,1512.0,432686.8,4586964.5,7.9,True,False
9018,60,Sant Andreu,Sant Andreu,432762.4691072065,4586858.443938163,4064.782377802359,1462.0,432744.4,4586868.0,20.4,True,False
9019,60,Sant Andreu,Sant Andreu,432744.1838316049,4586658.367717836,3877.017128887529,2665.0,432778.8,4586665.0,35.2,True,False
9020,60,Sant Andreu,Sant Andreu,432526.36571756686,4586696.459985659,3819.484171801398,1115.0,432527.1,4586694.2,2.4,True,False
9021,60,Sant Andreu,Sant Andreu,432367.35034687485,4586767.1893083,3825.189253463857,1407.0,432387.6,4586747.5,28.2,True,False
9022,60,Sant Andreu,Sant Andreu,432470.5049034265,4586888.603833458,3975.676788650717,1268.0,432481.6,4586873.3,18.9,True,False
9023,60,Sant Andreu,Sant Andreu,432479.4393810256,4587022.973349467,4104.129474072632,1212.0,432440.8,4587029.9,39.3,True,False
9024,60,Sant Andreu,Sant Andreu,432472.32792708697,4587184.5931567205,4252.964328214679,1195.0,432467.8,4587218.8,34.5,True,False
9025,60,Sant Andreu,Sant Andreu,432466.535616874,4587390.472319114,4444.937589174673,1233.0,432475.4,4587392.7,9.1,True,False
9026,60,Sant Andreu,Sant Andreu,432360.0700093488,4587575.264873936,4587.439921331124,1477.0,432310.4,4587583.1,50.3,True,False
9027,60,Sant Andreu,Sant Andreu,432563.8720564145,4587590.488139793,4665.88544668388,1284.0,432528.7,4587557.8,48.0,True,False
9028,60,Sant Andreu,Sant Andreu,432532.87209239294,4587766.646842291,4822.449414685633,1561.0,432509.2,4587768.6,23.8,True,False
9029,60,Sant Andreu,Sant Andreu,432462.2939529859,4587830.639857193,4861.645900681661,1085.0,432507.8,4587813.5,48.6,True,False
9030,60,Sant Andreu,Sant Andreu,432503.9822730004,4587963.583890881,5000.97296220231,1451.0,432504.2,4587922.2,41.4,True,False
9031,60,Sant Andreu,Sant Andreu,432688.9593660075,4588260.169345744,5340.013074992351,1174.0,432698.8,4588262.3,10.1,True,False
9032,60,Sant Andreu,Sant Andreu,432443.99469917617,4588447.819619023,5448.884969412914,2154.0,432389.9,4588427.1,57.9,True,False
9033,60,Sant Andreu,Sant Andreu,432152.44535104267,4588414.477750195,5346.894553124202,3201.0,432150.0,4588397.2,17.4,True,False
9034,60,Sant Andreu,Sant Andreu,432050.10697805206,4588076.937676999,4995.356028334314,1406.0,432014.9,4588099.9,42.0,True,False
9035,60,Sant Andreu,Sant Andreu,432071.1915829915,4587885.852588244,4813.238946224325,1557.0,432080.3,4587862.1,25.4,True,False
9036,60,Sant Andreu,Sant Andreu,432168.1493910268,4588041.180653592,4986.496823760237,1373.0,432179.7,4588053.4,16.8,True,False
9037,60,Sant Andreu,Sant Andreu,432319.15753519547,4588023.614033287,5006.78564112329,1621.0,432320.6,4588009.8,13.9,True,False
9038,60,Sant Andreu,Sant Andreu,432333.5323324978,4587812.685256035,4807.461891258412,1736.0,432331.0,4587813.6,2.7,True,False
9039,60,Sant Andreu,Sant Andreu,432225.8763395407,4587756.267119075,4724.388107846428,1512.0,432228.7,4587780.1,24.0,True,False
9040,60,Sant Andreu,Sant Andreu,432066.9843133262,4587701.944893773,4633.079194759936,1603.0,432053.8,4587664.1,40.1,True,False
9041,60,Sant Andreu,Sant Andreu,432096.55873984727,4587566.480918343,4508.341373308727,1376.0,432103.6,4587563.8,7.5,True,False
9042,60,Sant Andreu,Sant Andreu,432204.3797827988,4587400.012288508,4375.190115106472,1247.0,432213.7,4587412.0,15.2,True,False
9043,60,Sant Andreu,Sant Andreu,431957.6749384431,4587494.095245183,4406.156713036546,1336.0,431933.8,4587475.3,30.4,True,False
9044,60,Sant Andreu,Sant Andreu,432090.37984845234,4587322.993544412,4270.877909169255,1519.0,432064.4,4587346.2,34.8,True,False
9045,60,Sant Andreu,Sant Andreu,431908.83022370905,4587321.067330441,4226.68362771219,1400.0,431909.4,4587326.7,5.7,True,False
9046,60,Sant Andreu,Sant Andreu,431909.34576741135,4587179.284660211,4088.374952120145,1330.0,431895.3,4587165.0,20.0,True,False
9047,60,Sant Andreu,Sant Andreu,432144.2587887373,4587110.722366982,4080.5351528640977,1553.0,432113.0,4587126.6,35.1,True,False
9048,60,Sant Andreu,Sant Andreu,431857.0772007558,4587075.552907622,3975.779933259791,1342.0,431846.6,4587096.3,23.2,True,False
9049,60,Sant Andreu,Sant Andreu,431801.75018500746,4586881.599726115,3774.510702023081,1289.0,431776.9,4586861.8,31.8,True,False
9050,60,Sant Andreu,Sant Andreu,431980.6368249792,4586948.441049065,3880.760705531201,1493.0,431978.4,4586937.1,11.6,True,False
9051,60,Sant Andreu,Sant Andreu,432151.5890788742,4586893.119268755,3874.14914453929,1279.0,432140.6,4586909.4,19.6,True,False
9052,60,Sant Andreu,Sant Andreu,432309.4466752013,4586665.026904662,3709.167001270581,1198.0,432299.1,4586672.2,12.6,True,False
9053,60,Sant Andreu,Sant Andreu,432182.18858339393,4586722.534805009,3721.02371365018,1625.0,432177.1,4586703.3,19.9,True,False
9054,60,Sant Andreu,Sant Andreu,431975.7609517048,4586740.239880047,3678.2734545715575,1072.0,431986.7,4586661.1,79.9,True,False
9055,61,la Sagrera,Sant Andreu,431957.39382444543,4586524.689232331,3465.690495329997,1738.0,431929.2,4586485.8,48.0,True,False
9056,61,la Sagrera,Sant Andreu,432097.6466257674,4586336.962213123,3328.716299882634,1095.0,432044.8,4586356.7,56.4,True,False
9057,61,la Sagrera,Sant Andreu,432128.0360490137,4586162.761743305,3175.186149272997,1685.0,432114.2,4586145.3,22.3,True,False
9058,61,la Sagrera,Sant Andreu,432303.1282439981,4586097.553230814,3181.3508206931915,1525.0,432311.4,4586071.0,27.8,True,False
9059,61,la Sagrera,Sant Andreu,432308.8745456261,4586275.709275276,3347.116683040716,1426.0,432304.4,4586272.7,5.4,True,False
9060,61,la Sagrera,Sant Andreu,432215.4307216233,4586489.237528657,3511.6743486752625,1339.0,432262.0,4586415.1,87.6,True,False
9061,61,la Sagrera,Sant Andreu,432560.28878706135,4586423.340805746,3585.032350197108,1593.0,432470.5,4586422.2,89.8,True,False
9062,61,la Sagrera,Sant Andreu,432640.0229694448,4586184.982276141,3409.13321931768,1486.0,432624.8,4586140.4,47.1,True,False
9063,61,la Sagrera,Sant Andreu,432512.9269582884,4585658.7191645885,2889.5941292100324,1143.0,432484.2,4585688.8,41.6,True,False
9064,61,la Sagrera,Sant Andreu,432354.07232817286,4585565.311395409,2728.550955730638,1147.0,432391.8,4585545.9,42.4,True,False
9065,61,la Sagrera,Sant Andreu,432185.5062071761,4585707.8306582,2777.949597828767,2086.0,432231.8,4585756.1,66.9,True,False
9066,61,la Sagrera,Sant Andreu,432250.1563132428,4585828.742433151,2914.8713955743387,1411.0,432248.7,4585774.6,54.2,True,False
9067,61,la Sagrera,Sant Andreu,432129.4378061174,4585925.221024169,2954.59949055003,1506.0,432152.9,4585934.0,25.1,True,False
9068,61,la Sagrera,Sant Andreu,431959.9367134848,4585938.751603863,2907.3664419435336,1528.0,431952.0,4585970.4,32.6,True,False
9069,61,la Sagrera,Sant Andreu,432006.3347518331,4586119.11521556,3093.023262229038,933.0,432047.9,4586121.9,41.7,True,False
9070,61,la Sagrera,Sant Andreu,431951.27944308834,4586235.619957097,3186.8196813251884,1745.0,431980.0,4586217.8,33.8,True,False
9071,61,la Sagrera,Sant Andreu,431893.1004142888,4586419.144058232,3346.7439869636546,1899.0,431941.4,4586427.8,49.1,True,False
9072,61,la Sagrera,Sant Andreu,431866.403609534,4586228.993994935,3156.389899005848,1426.0,431831.3,4586229.5,35.1,True,False
9073,61,la Sagrera,Sant Andreu,431882.7919854199,4586096.103070249,3033.38827749216,1473.0,431886.2,4586143.5,47.5,True,False
9074,62,el Congrés i els Indians,Sant Andreu,431735.2300218889,4586198.210176447,3093.3846538982907,1664.0,431730.0,4586229.3,31.5,True,False
9075,62,el Congrés i els Indians,Sant Andreu,431681.7781386722,4586459.362672372,3336.618122721697,1533.0,431684.5,4586465.8,7.0,True,False
9076,62,el Congrés i els Indians,Sant Andreu,431378.0818298491,4586499.771801658,3329.033629719755,1444.0,431367.2,4586520.9,23.8,True,False
9077,62,el Congrés i els Indians,Sant Andreu,431532.8689644536,4586319.256001392,3171.5509538654405,1607.0,431515.4,4586333.3,22.4,True,False
9078,62,el Congrés i els Indians,Sant Andreu,431441.0882408966,4586195.407554423,3035.056122246156,1437.0,431442.2,4586205.0,9.7,True,False
9079,62,el Congrés i els Indians,Sant Andreu,431287.8380756791,4586290.135085832,3111.3971761899784,1609.0,431258.3,4586286.2,29.8,True,False
9080,62,el Congrés i els Indians,Sant Andreu,431460.1449612104,4586053.298900386,2897.3695823991284,1328.0,431436.5,4586091.4,44.8,True,False
9081,62,el Congrés i els Indians,Sant Andreu,431692.7256405215,4585996.245265976,2887.091804723744,1725.0,431719.2,4585961.5,43.7,True,False
9082,62,el Congrés i els Indians,Sant Andreu,431560.54219753935,4585863.422389979,2728.472891808182,1972.0,431560.1,4585873.2,9.8,True,False
9083,63,Navas,Sant Andreu,431853.8804424336,4585796.6945412895,2738.96514139944,1638.0,431835.5,4585778.9,25.6,True,False
9084,63,Navas,Sant Andreu,431623.0936179182,4585623.904312579,2508.9350423550177,1676.0,431627.1,4585602.1,22.2,True,False
9085,63,Navas,Sant Andreu,431603.4944965596,4585426.875378353,2313.2845046501,1797.0,431591.7,4585451.6,27.4,True,False
9086,63,Navas,Sant Andreu,431804.7748712478,4585617.404384769,2553.2845134492504,1488.0,431801.3,4585620.3,4.5,True,False
9087,63,Navas,Sant Andreu,431847.0956589647,4585477.808799961,2435.2657279992845,1311.0,431798.4,4585518.0,63.1,True,False
9088,63,Navas,Sant Andreu,431967.5006497789,4585345.643861537,2357.935521629412,1915.0,431962.3,4585308.6,37.4,True,False
9089,63,Navas,Sant Andreu,431986.1371121567,4585563.811133527,2565.845628302773,1477.0,432026.5,4585581.7,44.1,True,False
9090,63,Navas,Sant Andreu,432109.3209282879,4585378.859365527,2448.677119276508,1523.0,432112.1,4585341.4,37.6,True,False
9091,63,Navas,Sant Andreu,432119.66687856737,4585594.0600126,2647.0276216961333,1861.0,432062.4,4585598.5,57.4,True,False
9092,63,Navas,Sant Andreu,432272.9525348425,4585425.150248475,2566.6151915757487,1879.0,432298.9,4585451.4,36.9,True,False
9093,63,Navas,Sant Andreu,432225.7501425158,4585283.813355309,2420.525285529175,1279.0,432158.6,4585307.1,71.1,True,False
9094,63,Navas,Sant Andreu,432341.173956717,4585223.29260233,2429.7093091686684,1958.0,432338.6,4585264.0,40.8,True,False
9095,63,Navas,Sant Andreu,432177.9821465448,4585141.658783447,2273.8221884752165,2145.0,432152.4,4585116.5,35.9,True,False
9156,61,la Sagrera,Sant Andreu,432041.8119167171,4586484.566998996,3451.427603836822,1257.0,432065.9,4586498.4,27.8,True,False
10001,64,el Camp de l'Arpa del Clot,Sant Martí,431955.4391407486,4585172.783127592,2195.892896714732,1595.0,431949.2,4585129.9,43.3,True,False
10002,64,el Camp de l'Arpa del Clot,Sant Martí,431914.2691560619,4585015.885989358,2036.797677206916,1773.0,431903.7,4585036.7,23.3,True,False
10003,64,el Camp de l'Arpa del Clot,Sant Martí,431738.18684714456,4585161.465313408,2100.775089938682,1571.0,431733.3,4585168.2,8.3,True,False
10004,64,el Camp de l'Arpa del Clot,Sant Martí,431786.8868740432,4585345.30875104,2290.165536727871,1541.0,431793.7,4585339.6,8.9,True,False
10005,64,el Camp de l'Arpa del Clot,Sant Martí,431610.9188262115,4585203.6844387455,2100.4842122959994,1649.0,431604.7,4585202.1,6.4,True,False
10006,64,el Camp de l'Arpa del Clot,Sant Martí,431486.97736897983,4585085.805471127,1953.8874081255904,1824.0,431496.9,4585060.2,27.5,True,False
10007,64,el Camp de l'Arpa del Clot,Sant Martí,431323.5583932916,4584969.451159348,1805.7879388138592,1294.0,431347.3,4584940.9,37.1,True,False
10008,64,el Camp de l'Arpa del Clot,Sant Martí,431208.2502645063,4584803.77372283,1624.774348677639,1714.0,431247.5,4584797.5,39.7,True,False
10009,64,el Camp de l'Arpa del Clot,Sant Martí,431346.5306357362,4584786.759346249,1630.794576146315,1607.0,431328.1,4584780.4,19.5,True,False
10010,64,el Camp de l'Arpa del Clot,Sant Martí,431460.06012415886,4584861.35211764,1729.9060891257072,1712.0,431466.4,4584876.1,16.1,True,False
10011,64,el Camp de l'Arpa del Clot,Sant Martí,431364.0594995043,4584636.974233652,1488.6544744684163,1183.0,431401.3,4584609.2,46.5,True,False
10012,64,el Camp de l'Arpa del Clot,Sant Martí,431498.6049167272,4584570.586679733,1463.606913607914,1780.0,431493.3,4584609.5,39.3,True,False
10013,64,el Camp de l'Arpa del Clot,Sant Martí,431564.59809328185,4584708.81331434,1616.023213732114,1361.0,431553.4,4584703.5,12.4,True,False
10014,64,el Camp de l'Arpa del Clot,Sant Martí,431751.0805512077,4584514.731774412,1517.257016704833,1469.0,431731.5,4584517.2,19.7,True,False
10015,64,el Camp de l'Arpa del Clot,Sant Martí,431593.8825024203,4584472.119195833,1408.028508963887,1930.0,431621.1,4584477.3,27.7,True,False
10016,64,el Camp de l'Arpa del Clot,Sant Martí,431652.8202843412,4584346.867789697,1322.7877374962338,1217.0,431704.3,4584392.2,68.6,True,False
10017,64,el Camp de l'Arpa del Clot,Sant Martí,431759.5643465095,4584330.464479667,1364.1600277132418,1661.0,431765.4,4584329.3,6.0,True,False
10018,64,el Camp de l'Arpa del Clot,Sant Martí,431873.34120925487,4584344.414017645,1441.045802710525,1457.0,431888.7,4584294.9,51.8,True,False
10019,64,el Camp de l'Arpa del Clot,Sant Martí,431894.6233314483,4584583.403417699,1649.895842499174,1518.0,431931.8,4584586.9,37.3,True,False
10020,64,el Camp de l'Arpa del Clot,Sant Martí,431794.4319876096,4584657.764175597,1663.5313782988078,1457.0,431842.5,4584627.8,56.6,True,False
10021,64,el Camp de l'Arpa del Clot,Sant Martí,431685.8523870488,4584756.852483084,1705.592464114263,1301.0,431684.7,4584757.1,1.2,True,False
10022,64,el Camp de l'Arpa del Clot,Sant Martí,431649.2638081903,4584950.251413534,1871.855591535844,1353.0,431630.8,4584952.6,18.6,True,False
10023,64,el Camp de l'Arpa del Clot,Sant Martí,431801.253558727,4584799.260319403,1792.52113937917,1442.0,431821.2,4584780.3,27.5,True,False
10024,64,el Camp de l'Arpa del Clot,Sant Martí,431886.1292929768,4584873.240077549,1896.8894283602813,1487.0,431858.7,4584829.0,52.1,True,False
10025,64,el Camp de l'Arpa del Clot,Sant Martí,431990.7810717847,4584613.935370085,1728.477352775528,1311.0,432010.6,4584602.6,22.8,True,False
10026,65,el Clot,Sant Martí,432127.279215036,4584654.057951144,1841.2003567521465,1550.0,432136.4,4584636.6,19.7,True,False
10027,65,el Clot,Sant Martí,432183.8209196267,4584871.325994767,2050.00187706716,1517.0,432144.6,4584920.6,63.0,True,False
10028,65,el Clot,Sant Martí,432105.6083484831,4585000.232936496,2115.3354256018424,1737.0,432068.7,4585034.7,50.5,True,False
10029,65,el Clot,Sant Martí,432321.9188920895,4585010.931145382,2243.79176839867,1410.0,432348.9,4585025.2,30.5,True,False
10030,65,el Clot,Sant Martí,432466.5435932575,4585041.347556318,2355.1761312850226,1738.0,432438.7,4585022.3,33.7,True,False
10031,65,el Clot,Sant Martí,432347.048652433,4584837.077557755,2121.018199101746,1509.0,432380.5,4584837.2,33.5,True,False
10032,65,el Clot,Sant Martí,432408.2541490617,4584616.610718243,1997.2827837979928,1353.0,432406.5,4584615.5,2.1,True,False
10033,65,el Clot,Sant Martí,432491.7644824983,4584782.27198123,2174.7391187457333,859.0,432461.7,4584755.7,40.1,True,False
10034,65,el Clot,Sant Martí,432600.49709722,4584902.1859634295,2336.595945840379,1687.0,432556.9,4584850.0,68.0,True,False
10035,65,el Clot,Sant Martí,432698.4641978449,4584705.81623245,2268.850369511113,1946.0,432694.8,4584708.2,4.4,True,False
10036,65,el Clot,Sant Martí,432546.75136596645,4584506.437485176,2023.3449810631887,1420.0,432578.7,4584522.0,35.5,True,False
10037,65,el Clot,Sant Martí,432374.3455912882,4584379.226869284,1809.706716773335,1046.0,432449.8,4584387.1,75.9,True,False
10038,65,el Clot,Sant Martí,432251.1444798715,4584482.017367895,1791.2634496172334,1600.0,432287.8,4584450.9,48.1,True,False
10039,65,el Clot,Sant Martí,432103.17240638327,4584397.874027806,1628.7486845192452,1833.0,432104.8,4584346.8,51.1,True,False
10040,65,el Clot,Sant Martí,431985.99362588953,4584213.993691696,1414.2925998963922,1781.0,431974.5,4584204.1,15.2,True,False
10041,65,el Clot,Sant Martí,432010.0226303685,4584095.691612526,1348.9825923622182,1612.0,432002.2,4584085.6,12.8,True,False
10042,66,el Parc i la Llacuna del Poblenou,Sant Martí,432414.7118231015,4583739.481390285,1508.6890540244888,3204.0,432347.5,4583730.7,67.8,True,False
10043,66,el Parc i la Llacuna del Poblenou,Sant Martí,432342.7442785733,4583145.333320816,1334.3748889641415,2427.0,432341.1,4583170.6,25.3,True,False
10044,66,el Parc i la Llacuna del Poblenou,Sant Martí,432070.8131672969,4582894.546335341,1102.3328800296078,1559.0,432050.6,4582895.9,20.3,True,False
10045,66,el Parc i la Llacuna del Poblenou,Sant Martí,431881.8712425918,4582673.40821047,967.0750735618976,1300.0,431860.8,4582694.7,30.0,True,False
10046,66,el Parc i la Llacuna del Poblenou,Sant Martí,431737.5194414805,4582533.70683079,838.3342250143909,1244.0,431679.5,4582564.9,65.9,True,False
10047,66,el Parc i la Llacuna del Poblenou,Sant Martí,431876.54563843226,4582487.204788043,983.9123527443718,1721.0,431846.7,4582517.0,42.2,True,False
10048,66,el Parc i la Llacuna del Poblenou,Sant Martí,432066.9823489072,4582576.333407174,1158.1285417710988,1653.0,432055.5,4582565.9,15.5,True,False
10049,66,el Parc i la Llacuna del Poblenou,Sant Martí,432116.6557099728,4582717.988127328,1201.793028360086,1297.0,432156.9,4582759.2,57.6,True,False
10050,66,el Parc i la Llacuna del Poblenou,Sant Martí,432242.83402161166,4582718.587712826,1321.1193462716858,1556.0,432232.4,4582734.3,18.9,True,False
10051,67,la Vila Olímpica del Poblenou,Sant Martí,432303.5977696704,4582518.935303422,1399.791015128875,1625.0,432286.7,4582451.4,69.6,True,False
10052,67,la Vila Olímpica del Poblenou,Sant Martí,432733.7735364098,4582795.413673409,1769.4561222665811,2429.0,432721.0,4582789.6,14.0,True,False
10053,67,la Vila Olímpica del Poblenou,Sant Martí,432746.03797258594,4582541.552552279,1837.4858271583607,1719.0,432746.5,4582547.2,5.7,True,False
10054,67,la Vila Olímpica del Poblenou,Sant Martí,432498.8059555627,4582244.530463771,1646.8607952150485,965.0,432497.2,4582234.3,10.4,True,False
10055,67,la Vila Olímpica del Poblenou,Sant Martí,433109.8111344196,4582336.550365771,2224.0035472283994,2638.0,433102.0,4582330.1,10.1,True,False
10056,68,el Poblenou,Sant Martí,432933.7747178802,4583126.714104058,1925.6967892983373,1824.0,432906.7,4583156.3,40.1,True,False
10057,68,el Poblenou,Sant Martí,433168.0531316911,4583254.483578817,2159.819778047266,1419.0,433160.9,4583250.9,8.0,True,False
10058,68,el Poblenou,Sant Martí,432954.7635612823,4583520.914348148,1973.3369134212176,1143.0,432966.1,4583479.7,42.7,True,False
10059,68,el Poblenou,Sant Martí,433603.6799380396,4583020.385156623,2600.1402462242745,1793.0,433591.7,4583018.4,12.1,True,False
10060,68,el Poblenou,Sant Martí,433541.9992324138,4583455.914863188,2546.63084601594,1676.0,433574.0,4583450.8,32.4,True,False
10061,68,el Poblenou,Sant Martí,433373.4090621554,4583422.33061404,2375.516327505833,1738.0,433380.1,4583429.6,9.9,True,False
10062,68,el Poblenou,Sant Martí,433412.3755470094,4583597.822052849,2437.366233867154,1503.0,433455.1,4583555.8,59.9,True,False
10063,68,el Poblenou,Sant Martí,433345.9496302415,4583716.080796266,2395.003761016628,1188.0,433353.4,4583743.1,28.0,True,False
10064,68,el Poblenou,Sant Martí,433158.5819898334,4583632.196985058,2194.187241973268,1658.0,433159.9,4583630.5,2.1,True,False
10065,68,el Poblenou,Sant Martí,433195.5649640873,4583897.608631491,2297.6773766578845,1548.0,433149.5,4583913.5,48.7,True,False
10066,68,el Poblenou,Sant Martí,432982.9544546764,4583801.211768782,2065.896536102612,2091.0,432968.2,4583827.2,29.9,True,False
10067,68,el Poblenou,Sant Martí,432814.1600067776,4583966.109516684,1964.292469884664,1944.0,432811.0,4584010.9,44.9,True,False
10068,68,el Poblenou,Sant Martí,432960.9680839068,4584067.555323361,2139.504609141366,1639.0,432972.0,4584050.4,20.4,True,False
10069,68,el Poblenou,Sant Martí,433308.6336963072,4584167.782891258,2498.2417200865943,2796.0,433267.0,4584129.4,56.6,True,False
10070,68,el Poblenou,Sant Martí,433357.3163404828,4583943.425131771,2465.6882575992013,1650.0,433403.4,4583976.2,56.5,True,False
10071,68,el Poblenou,Sant Martí,433602.9678895176,4583696.947512725,2642.646261947752,1802.0,433590.2,4583674.8,25.6,True,False
10072,68,el Poblenou,Sant Martí,433811.3810106047,4583761.079193957,2859.573209528877,2056.0,433786.3,4583795.9,42.9,True,False
10073,68,el Poblenou,Sant Martí,433700.7862423677,4583875.275197206,2777.184679781657,1440.0,433724.0,4583848.8,35.2,True,False
10074,68,el Poblenou,Sant Martí,433548.5313872855,4583978.292306291,2658.5440167375086,1663.0,433536.7,4584005.7,29.9,True,False
10075,68,el Poblenou,Sant Martí,433579.2597090806,4584094.771602964,2724.294232342059,1532.0,433596.9,4584075.8,25.9,True,False
10076,69,Diagonal Mar i el Front Marítim del Poblenou,Sant Martí,433761.1744089558,4584263.203888416,2953.4194078500063,2259.0,433761.9,4584224.5,38.7,True,False
10077,69,Diagonal Mar i el Front Marítim del Poblenou,Sant Martí,433950.7290400972,4583999.928327089,3050.705407207497,1821.0,433953.9,4583998.1,3.7,True,False
10078,69,Diagonal Mar i el Front Marítim del Poblenou,Sant Martí,434135.6953486897,4583554.806554071,3147.60310354024,2415.0,434125.8,4583566.7,15.5,True,False
10079,69,Diagonal Mar i el Front Marítim del Poblenou,Sant Martí,434148.59308884,4584048.231456718,3254.300639447264,1742.0,434124.9,4584013.8,41.8,True,False
10080,69,Diagonal Mar i el Front Marítim del Poblenou,Sant Martí,434506.6712115516,4584293.382712706,3667.056072984476,2275.0,434492.3,4584331.2,40.5,True,False
10081,70,el Besòs i el Maresme,Sant Martí,434982.44202309806,4584536.131864584,4194.722894273241,2166.0,435001.9,4584549.9,23.8,True,False
10082,70,el Besòs i el Maresme,Sant Martí,434617.7261896016,4585183.11184046,4121.807215791622,1944.0,434597.0,4585200.7,27.2,True,False
10083,70,el Besòs i el Maresme,Sant Martí,434477.10986180016,4585334.9843406165,4077.046263654076,2212.0,434488.8,4585286.6,49.8,True,False
10084,70,el Besòs i el Maresme,Sant Martí,434398.684585964,4585160.423170009,3920.019197950746,1663.0,434359.0,4585166.5,40.1,True,False
10085,70,el Besòs i el Maresme,Sant Martí,434326.1169561084,4585404.856673086,3987.767769427407,2094.0,434369.4,4585377.2,51.4,True,False
10086,70,el Besòs i el Maresme,Sant Martí,434249.86096397263,4585513.97525231,3987.133123904842,1949.0,434282.6,4585481.1,46.4,True,False
10087,70,el Besòs i el Maresme,Sant Martí,434119.7997880638,4585645.894734035,3962.498895633402,1818.0,434101.7,4585682.8,41.1,True,False
10088,70,el Besòs i el Maresme,Sant Martí,433977.1972614347,4585661.974166296,3861.833757961136,1659.0,433955.3,4585674.3,25.1,True,False
10089,70,el Besòs i el Maresme,Sant Martí,433980.426332012,4585227.942278086,3602.3006651680703,4834.0,434026.2,4585226.6,45.8,True,False
10090,70,el Besòs i el Maresme,Sant Martí,434279.63918490126,4585099.791274958,3786.633538739144,1477.0,434300.1,4585123.2,31.1,True,False
10091,70,el Besòs i el Maresme,Sant Martí,434465.6710586978,4584909.397058298,3859.990327199466,1970.0,434468.4,4584916.4,7.5,True,False
10092,70,el Besòs i el Maresme,Sant Martí,434560.901762498,4584731.128205057,3871.1909609039967,1470.0,434594.5,4584685.2,56.9,True,False
10093,70,el Besòs i el Maresme,Sant Martí,434228.5954974181,4584865.904291058,3628.947279806292,1093.0,434229.9,4584862.6,3.6,True,False
10094,71,Provençals del Poblenou,Sant Martí,433781.5845385528,4584743.4047606485,3177.348970266508,3060.0,433774.6,4584755.5,14.0,True,False
10095,71,Provençals del Poblenou,Sant Martí,433539.92633733817,4584582.4762802,2887.9595933256733,1326.0,433561.9,4584592.6,24.2,True,False
10096,71,Provençals del Poblenou,Sant Martí,433111.76503887086,4584282.887731792,2369.1007004448043,1669.0,433070.7,4584287.1,41.3,True,False
10097,71,Provençals del Poblenou,Sant Martí,432712.3593060649,4584213.694131227,1986.5285571876325,1554.0,432763.1,4584184.4,58.6,True,False
10098,71,Provençals del Poblenou,Sant Martí,432611.6136363197,4584319.479264664,1959.7898019579488,1752.0,432623.7,4584331.6,17.1,True,False
10099,71,Provençals del Poblenou,Sant Martí,432850.1487471997,4584552.283440476,2289.469841949843,1118.0,432827.6,4584572.5,30.3,True,False
10100,71,Provençals del Poblenou,Sant Martí,433036.5114613992,4584488.629312199,2406.9414109039867,1670.0,433065.7,4584470.3,34.5,True,False
10101,71,Provençals del Poblenou,Sant Martí,433384.0502637859,4584834.454542594,2887.94908938773,1709.0,433397.1,4584794.4,42.1,True,False
10102,71,Provençals del Poblenou,Sant Martí,433711.6594567621,4585394.386577508,3486.738741030269,2612.0,433670.0,4585436.3,59.1,True,False
10103,71,Provençals del Poblenou,Sant Martí,433472.3705122922,4585161.490109356,3154.248189879233,2146.0,433440.4,4585204.2,53.4,True,False
10104,71,Provençals del Poblenou,Sant Martí,433233.7980763843,4584928.731914493,2822.744068369216,1564.0,433196.1,4584932.1,37.8,True,False
10105,72,Sant Martí de Provençals,Sant Martí,433134.2316528611,4585028.829271391,2809.386844372701,2164.0,433154.1,4585013.7,25.0,True,False
10106,72,Sant Martí de Provençals,Sant Martí,432986.7771669312,4584891.620641928,2608.1133572541903,1006.0,432964.9,4584848.6,48.3,True,False
10107,72,Sant Martí de Provençals,Sant Martí,432842.7729358796,4584847.401707813,2470.829701655553,1479.0,432819.5,4584830.4,28.8,True,False
10108,72,Sant Martí de Provençals,Sant Martí,432878.7604990905,4585002.65932196,2603.197347933205,1281.0,432921.0,4585052.9,65.6,True,False
10109,72,Sant Martí de Provençals,Sant Martí,433031.2012483891,4585146.128693383,2812.513165896789,1649.0,433044.6,4585139.1,15.1,True,False
10110,72,Sant Martí de Provençals,Sant Martí,432830.6756035809,4585139.735165443,2667.3098808292125,1660.0,432826.3,4585136.7,5.3,True,False
10111,72,Sant Martí de Provençals,Sant Martí,432819.7353247133,4585303.123987741,2781.766597726458,1306.0,432805.8,4585285.2,22.7,True,False
10112,72,Sant Martí de Provençals,Sant Martí,432700.10484579287,4585185.235040509,2614.4406165372534,1501.0,432717.8,4585126.0,61.8,True,False
10113,72,Sant Martí de Provençals,Sant Martí,432644.7696702435,4585246.252239925,2626.4582389001,1186.0,432683.0,4585263.1,41.8,True,False
10114,72,Sant Martí de Provençals,Sant Martí,432836.7675963083,4585444.191361415,2901.0216968083155,1513.0,432842.2,4585429.7,15.5,True,False
10115,72,Sant Martí de Provençals,Sant Martí,432871.8465786389,4585641.161375731,3077.6130880767705,1436.0,432881.4,4585645.8,10.6,True,False
10116,72,Sant Martí de Provençals,Sant Martí,432910.3308228506,4585843.633728368,3263.3767785272025,1779.0,432965.5,4585839.2,55.3,True,False
10117,72,Sant Martí de Provençals,Sant Martí,433084.8199816463,4585748.832348947,3293.87747481069,1244.0,433124.2,4585795.7,61.2,True,False
10118,72,Sant Martí de Provençals,Sant Martí,433081.889654598,4585558.331239558,3146.317884449617,987.0,433120.9,4585519.9,54.8,True,False
10119,72,Sant Martí de Provençals,Sant Martí,432986.8136614607,4585466.684381748,3014.7551632712825,1136.0,433027.5,4585428.2,56.0,True,False
10120,72,Sant Martí de Provençals,Sant Martí,433181.93980492814,4585469.772332861,3148.439207150748,1433.0,433150.6,4585516.4,56.2,True,False
10121,72,Sant Martí de Provençals,Sant Martí,433245.7368883494,4585269.004323314,3052.7643066825217,1610.0,433261.1,4585266.2,15.6,True,False
10122,72,Sant Martí de Provençals,Sant Martí,433400.8854722034,4585359.594103556,3228.327585627183,1482.0,433379.7,4585350.4,23.1,True,False
10123,73,la Verneda i la Pau,Sant Martí,433560.12835174735,4585453.058850385,3409.2891301546715,1344.0,433575.9,4585425.9,31.4,True,False
10124,73,la Verneda i la Pau,Sant Martí,433654.9161896794,4585546.770628342,3542.3915917258737,1092.0,433650.2,4585558.4,12.5,True,False
10125,73,la Verneda i la Pau,Sant Martí,433732.80640251696,4585650.059835244,3669.336719609266,1099.0,433783.4,4585656.6,51.0,True,False
10126,73,la Verneda i la Pau,Sant Martí,433652.8806310489,4585755.98095538,3683.3600709242455,1005.0,433642.1,4585752.0,11.5,True,False
10127,73,la Verneda i la Pau,Sant Martí,433508.7346381935,4585601.070675017,3472.051923409248,1036.0,433503.4,4585607.6,8.4,True,False
10128,73,la Verneda i la Pau,Sant Martí,433415.3325186556,4585697.496193709,3474.330563363681,1550.0,433404.0,4585712.1,18.5,True,False
10129,73,la Verneda i la Pau,Sant Martí,433559.3578488437,4585836.671719538,3674.480083341962,1134.0,433564.0,4585832.7,6.1,True,False
10130,73,la Verneda i la Pau,Sant Martí,433428.1685058498,4585921.154618047,3647.467765235639,1214.0,433437.4,4585922.8,9.4,True,False
10131,73,la Verneda i la Pau,Sant Martí,433240.1750967536,4585766.668311868,3407.380996809781,1095.0,433220.4,4585786.7,28.1,True,False
10132,73,la Verneda i la Pau,Sant Martí,433268.21085462114,4585892.672941417,3521.510445832648,1264.0,433266.0,4585879.6,13.3,True,False
10133,73,la Verneda i la Pau,Sant Martí,433113.1580225702,4586010.300501347,3517.654610348015,1704.0,433099.5,4586035.7,28.8,True,False
10134,73,la Verneda i la Pau,Sant Martí,432954.6628260478,4585998.740146798,3415.7023252416425,1570.0,432952.7,4585998.5,2.0,True,False
10135,73,la Verneda i la Pau,Sant Martí,433039.9578864265,4586233.258410836,3657.594660060025,1233.0,433072.8,4586201.9,45.4,True,False
10136,73,la Verneda i la Pau,Sant Martí,433295.50245913095,4586249.084025933,3818.082602535736,1384.0,433303.8,4586222.7,27.7,True,False
10137,73,la Verneda i la Pau,Sant Martí,433286.870053442,4586538.7030193005,4048.882894127785,1567.0,433325.8,4586532.2,39.5,True,False
10138,73,la Verneda i la Pau,Sant Martí,433633.5930550451,4586258.818486028,4037.037255414933,1595.0,433686.8,4586244.9,55.0,True,False
10139,73,la Verneda i la Pau,Sant Martí,433488.4427862682,4586051.852761741,3785.4897772425,1682.0,433479.7,4586042.0,13.2,True,False
10140,73,la Verneda i la Pau,Sant Martí,433697.2476569051,4585974.022584355,3869.066976137178,1633.0,433692.2,4585985.1,12.2,True,False
10141,73,la Verneda i la Pau,Sant Martí,433806.7567536792,4585780.884697451,3812.190150812812,1126.0,433773.7,4585766.2,36.2,True,False
10142,73,la Verneda i la Pau,Sant Martí,433929.8873124136,4585914.464037097,3993.317287452839,1622.0,433901.7,4585880.2,44.4,True,False
10143,73,la Verneda i la Pau,Sant Martí,433934.2562525021,4586093.768604194,4120.78208492249,1805.0,433948.8,4586094.7,14.6,True,False
10234,65,el Clot,Sant Martí,432285.3304111289,4584188.981113515,1619.905330582583,1782.0,432313.9,4584152.4,46.4,True,False
10235,69,Diagonal Mar i el Front Marítim del Poblenou,Sant Martí,434116.24843265326,4584526.451568648,3381.831380496036,1282.0,434080.7,4584523.0,35.7,True,False
10236,69,Diagonal Mar i el Front Marítim del Poblenou,Sant Martí,433995.5809918567,4584553.256513339,3282.345811950953,1597.0,433960.8,4584601.3,59.3,True,False
10237,71,Provençals del Poblenou,Sant Martí,433825.20038329455,4585412.03400918,3586.3628350815684,912.0,433848.5,4585426.8,27.6,True,False
