seccio,codi_districte,codi_barri,nom_barri,nom_districte,x,y,d_axis_m,pop
1001,1,1,el Raval,Ciutat Vella,431195.58049451676,4580638.404357757,1851.7193328428955,1302
1002,1,1,el Raval,Ciutat Vella,430922.8936169541,4581041.14669859,1450.860445978978,1400
1003,1,1,el Raval,Ciutat Vella,430759.393323197,4580801.791143963,1388.6902685666464,3467
1004,1,1,el Raval,Ciutat Vella,430530.3401864606,4580877.1170068355,1151.5925693909783,2945
1005,1,1,el Raval,Ciutat Vella,430828.4951299229,4581142.953002838,1333.5984560598772,2338
1006,1,1,el Raval,Ciutat Vella,430747.8452135652,4581278.949374563,1181.572130441071,1613
1007,1,1,el Raval,Ciutat Vella,430595.67778380367,4581178.823243969,1098.903843972541,1899
1008,1,1,el Raval,Ciutat Vella,430445.25848821114,4581033.939800193,1004.3555751987418,3245
1009,1,1,el Raval,Ciutat Vella,430257.8565081526,4580999.638324074,854.6954274463492,2154
1010,1,1,el Raval,Ciutat Vella,430364.8293961928,4581147.633440343,886.996742775784,2278
1011,1,1,el Raval,Ciutat Vella,430217.7003024019,4581161.406777958,744.8155986157333,3077
1012,1,1,el Raval,Ciutat Vella,430102.4405798922,4581235.538319606,610.3750106176873,1902
1013,1,1,el Raval,Ciutat Vella,430252.78015254514,4581286.607229438,740.3311383104198,1433
1014,1,1,el Raval,Ciutat Vella,430300.7917719471,4581381.2552058,773.4049092177901,1984
1015,1,1,el Raval,Ciutat Vella,430120.7858716635,4581393.308650152,593.0416020616796,2231
1016,1,1,el Raval,Ciutat Vella,430125.95503816416,4581595.500737373,518.2432034844659,2064
1017,1,1,el Raval,Ciutat Vella,430225.8649741459,4581481.741300184,669.5430500893633,2520
1018,1,1,el Raval,Ciutat Vella,430342.58374203014,4581565.990135246,692.0887531822223,1522
1019,1,1,el Raval,Ciutat Vella,430626.027107289,4581415.3574799895,998.9727136700185,2845
1020,1,1,el Raval,Ciutat Vella,430520.7806557998,4581652.109321257,757.0898871327424,2216
1021,1,1,el Raval,Ciutat Vella,430341.42104544624,4581820.474882717,511.2155781844389,2085
1022,1,2,el Barri Gòtic,Ciutat Vella,430772.8767273828,4581818.327841457,817.6441202055082,1606
1023,1,2,el Barri Gòtic,Ciutat Vella,430934.7301605037,4581962.843950045,733.5099800299622,1962
1025,1,2,el Barri Gòtic,Ciutat Vella,431133.30515081104,4581670.553537052,1048.5015171201987,1299
1026,1,2,el Barri Gòtic,Ciutat Vella,431396.925457801,4581523.680807862,1267.5708977005677,8923
1027,1,2,el Barri Gòtic,Ciutat Vella,431272.492008581,4581417.481214692,1327.6283380089317,1485
1028,1,2,el Barri Gòtic,Ciutat Vella,430919.7047976171,4581523.859021435,1129.7482177687127,1925
1029,1,2,el Barri Gòtic,Ciutat Vella,431083.23882112914,4581302.038708196,1402.2585739512276,1410
1030,1,2,el Barri Gòtic,Ciutat Vella,431464.8602091031,4581021.915093964,1762.140781712209,2500
1031,1,2,el Barri Gòtic,Ciutat Vella,431410.8894814902,4581273.028020853,1506.9673709728215,1638
1032,1,3,la Barceloneta,Ciutat Vella,432083.79963138467,4580470.413265121,2513.878477499117,1726
1033,1,3,la Barceloneta,Ciutat Vella,432197.8298132439,4581009.01710496,2119.3650879465495,1055
1034,1,3,la Barceloneta,Ciutat Vella,432389.4626483811,4581050.602351856,2209.4087306627193,898
1035,1,3,la Barceloneta,Ciutat Vella,432428.5195170867,4581212.817639583,2119.115508393046,1179
1036,1,3,la Barceloneta,Ciutat Vella,432610.22013605165,4581663.680949529,1984.799558662559,1182
1037,1,3,la Barceloneta,Ciutat Vella,432260.78225505253,4581374.863716303,1885.8955131994926,1296
1038,1,3,la Barceloneta,Ciutat Vella,432312.90103457775,4581194.37418496,2051.610195916192,1445
1039,1,3,la Barceloneta,Ciutat Vella,432198.8813217835,4581209.242373935,1964.4103425716603,1315
1040,1,3,la Barceloneta,Ciutat Vella,432115.9094248079,4581184.9979650425,1930.1382848073374,1062
1041,1,3,la Barceloneta,Ciutat Vella,432121.8515854089,4581382.1708159335,1784.019273276062,1434
1042,1,3,la Barceloneta,Ciutat Vella,432129.41791533364,4581533.813888441,1680.9360567356134,1750
1043,1,4,"Sant Pere, Santa Caterina i la Ribera",Ciutat Vella,432040.096370372,4581965.015920314,1341.7046942223408,1664
1044,1,4,"Sant Pere, Santa Caterina i la Ribera",Ciutat Vella,431714.1684540718,4581934.747696864,1103.7269643179827,1423
1045,1,4,"Sant Pere, Santa Caterina i la Ribera",Ciutat Vella,431593.95922105195,4581768.520833289,1149.472093775161,1950
1046,1,4,"Sant Pere, Santa Caterina i la Ribera",Ciutat Vella,431506.4949270449,4581632.108989717,1217.3120739365058,1834
1047,1,4,"Sant Pere, Santa Caterina i la Ribera",Ciutat Vella,431321.0294111792,4581864.421155228,925.4635463897199,1744
1048,1,4,"Sant Pere, Santa Caterina i la Ribera",Ciutat Vella,431443.8668554011,4581990.416581013,881.8217617181681,2105
1049,1,4,"Sant Pere, Santa Caterina i la Ribera",Ciutat Vella,431233.6647810888,4582020.0375491595,747.3652324385436,1476
1050,1,4,"Sant Pere, Santa Caterina i la Ribera",Ciutat Vella,431141.72588807275,4582078.840686461,657.5510541101671,1569
1051,1,4,"Sant Pere, Santa Caterina i la Ribera",Ciutat Vella,431284.7312299071,4582219.351890456,603.2699288161522,1769
1052,1,4,"Sant Pere, Santa Caterina i la Ribera",Ciutat Vella,431159.72965059144,4582267.583636728,493.43696224033613,2511
1053,1,4,"Sant Pere, Santa Caterina i la Ribera",Ciutat Vella,431445.8496028289,4582229.871943877,706.4663679092259,1873
1054,1,4,"Sant Pere, Santa Caterina i la Ribera",Ciutat Vella,431544.17012753006,4582141.701845812,838.5244369217697,1219
1055,1,4,"Sant Pere, Santa Caterina i la Ribera",Ciutat Vella,431627.40512533416,4582354.018588233,790.2185968059839,1281
2001,2,5,el Fort Pienc,Eixample,431711.9247585261,4582788.575849686,802.2116510418226,1339
2002,2,5,el Fort Pienc,Eixample,431513.2867800745,4582859.7763558505,603.3363221895833,3665
2003,2,5,el Fort Pienc,Eixample,431704.59178524715,4583045.899108369,710.458387235548,1167
2004,2,5,el Fort Pienc,Eixample,431563.3645494582,4583095.670613094,562.3855215788152,1492
2005,2,5,el Fort Pienc,Eixample,431419.8929006075,4582955.484081382,473.5867335222137,2045
2006,2,5,el Fort Pienc,Eixample,431322.4068483696,4582767.511778739,413.5585868362435,1666
2007,2,5,el Fort Pienc,Eixample,431232.0507041976,4582965.623710752,317.15092748387804,1254
2008,2,5,el Fort Pienc,Eixample,431416.49844638,4583150.4227028545,409.37930365915844,1940
2009,2,5,el Fort Pienc,Eixample,431606.72233973915,4583242.055671166,599.7194060376253,1790
2010,2,5,el Fort Pienc,Eixample,431658.92201116745,4583388.310750612,678.9897246105688,1211
2011,2,5,el Fort Pienc,Eixample,431757.92110728816,4583285.58648372,754.6818772804316,1097
2012,2,5,el Fort Pienc,Eixample,431912.4573860064,4583117.080619802,906.3373233836984,1568
2013,2,5,el Fort Pienc,Eixample,431900.13211833633,4583467.688923978,932.8743694637318,1137
2014,2,5,el Fort Pienc,Eixample,431778.51555341855,4583707.887878874,926.7311129263501,1362
2015,2,5,el Fort Pienc,Eixample,431622.3399456243,4583617.014681702,746.5063210374385,1574
2016,2,5,el Fort Pienc,Eixample,431460.44858963514,4583400.2570755,497.3416413194369,1852
2017,2,5,el Fort Pienc,Eixample,431218.0300130378,4583257.802501072,219.21921769757523,1980
2018,2,5,el Fort Pienc,Eixample,431040.6674099213,4583434.388588256,245.17831895362386,1833
2019,2,5,el Fort Pienc,Eixample,431207.92930801393,4583455.904195397,330.9907692048279,1990
2020,2,5,el Fort Pienc,Eixample,431377.89446406224,4583555.734320374,518.4778521973701,1483
2021,2,6,la Sagrada Família,Eixample,431584.0053870805,4583793.902950096,832.8544983852954,1470
2022,2,6,la Sagrada Família,Eixample,431778.8205711405,4583949.612828894,1080.5104011083615,1309
2023,2,6,la Sagrada Família,Eixample,431647.01225573383,4583967.856653471,1004.9799176185109,1069
2024,2,6,la Sagrada Família,Eixample,431391.1203396463,4583747.516905527,674.7848049538095,1108
2025,2,6,la Sagrada Família,Eixample,431459.9512055517,4583972.688328282,902.1472462570247,1117
2026,2,6,la Sagrada Família,Eixample,431321.30764041346,4583931.022525588,802.9382872638929,2068
2027,2,6,la Sagrada Família,Eixample,431228.7159131439,4584120.096353896,954.4491304064621,2114
2028,2,6,la Sagrada Família,Eixample,431414.16700655915,4584114.133644941,1007.8481200596715,2032
2029,2,6,la Sagrada Família,Eixample,431553.72851195704,4584063.486859105,1028.2822675531788,1213
2030,2,6,la Sagrada Família,Eixample,431649.1350816712,4584156.0136990035,1157.7352381523294,1370
2031,2,6,la Sagrada Família,Eixample,431555.3630208993,4584251.623500406,1192.7886065181533,1036
2032,2,6,la Sagrada Família,Eixample,431415.9424575142,4584301.567018811,1182.4936856475333,1157
2033,2,6,la Sagrada Família,Eixample,431274.0410594524,4584351.583193462,1190.1895089746652,1157
2034,2,6,la Sagrada Família,Eixample,431180.85454877233,4584261.736236046,1084.1745467418639,1193
2035,2,6,la Sagrada Família,Eixample,431087.79488757753,4584171.10198902,983.0089928454228,1279
2036,2,6,la Sagrada Família,Eixample,431066.36872551107,4584328.791798513,1138.9862148595105,1198
2037,2,6,la Sagrada Família,Eixample,431179.64402455016,4584448.692957111,1268.9542001675727,1201
2038,2,6,la Sagrada Família,Eixample,431275.3537806132,4584538.532942101,1373.3349739051866,1525
2039,2,6,la Sagrada Família,Eixample,431065.842173693,4584514.121932703,1324.0924948690385,1756
2040,2,6,la Sagrada Família,Eixample,431066.945000922,4584701.862802528,1511.7243781874568,1671
2041,2,6,la Sagrada Família,Eixample,430921.4001943557,4584579.684675196,1391.2121543751216,1631
2042,2,6,la Sagrada Família,Eixample,430762.8416497871,4584414.45392379,1238.6872412969346,1603
2043,2,6,la Sagrada Família,Eixample,430616.1587034229,4584271.226576796,1062.4837306760564,1461
2044,2,6,la Sagrada Família,Eixample,430708.4410772073,4584176.09404819,995.179900192727,1300
2045,2,6,la Sagrada Família,Eixample,430808.46383283543,4584273.6469393745,1100.8526011940994,1166
2046,2,6,la Sagrada Família,Eixample,430921.264447043,4584394.305686571,1206.268933387561,1919
2047,2,6,la Sagrada Família,Eixample,430922.0194010392,4584209.609755304,1022.0879172827041,1967
2048,2,6,la Sagrada Família,Eixample,430801.3503169532,4584080.257844222,912.9794945374279,1285
2049,2,6,la Sagrada Família,Eixample,430988.338122288,4583980.655933811,789.6872195000648,2035
2050,2,6,la Sagrada Família,Eixample,431229.6106591801,4583841.261614998,686.3837310316059,1610
2051,2,6,la Sagrada Família,Eixample,431128.95903988,4583743.525424222,565.1261351642796,1857
2052,2,6,la Sagrada Família,Eixample,430977.3841093609,4583697.852299022,507.60456427150285,1788
2053,2,6,la Sagrada Família,Eixample,430859.0825820796,4583628.208759831,462.0193774987036,1856
2054,2,6,la Sagrada Família,Eixample,430746.4995300037,4583836.732940538,696.883881170716,1881
2055,2,7,la Dreta de l'Eixample,Eixample,430547.79855161096,4583643.605298877,439.6091734958294,1840
2056,2,7,la Dreta de l'Eixample,Eixample,430682.9628856372,4583525.985039399,413.59022065613715,1499
2057,2,7,la Dreta de l'Eixample,Eixample,430446.6967660801,4583463.41364405,237.16666740304706,1267
2058,2,7,la Dreta de l'Eixample,Eixample,430262.72145574365,4583552.67953299,344.69797028068706,1372
2059,2,7,la Dreta de l'Eixample,Eixample,430077.8848018699,4583371.863679636,342.79509275754594,1669
2060,2,7,la Dreta de l'Eixample,Eixample,430264.6242450803,4583356.713709228,177.12619955287775,1673
2061,2,7,la Dreta de l'Eixample,Eixample,430804.05138003675,4583370.871563163,260.72407940091847,1344
2062,2,7,la Dreta de l'Eixample,Eixample,430518.4159406407,4583278.925678641,123.22739844381448,1535
2063,2,7,la Dreta de l'Eixample,Eixample,430234.463484144,4583187.897056173,163.06603768546714,1171
2064,2,7,la Dreta de l'Eixample,Eixample,430359.29390894633,4583084.396107074,126.51925072922769,1300
2065,2,7,la Dreta de l'Eixample,Eixample,430548.1720139657,4583081.717160155,6.780121431759931,1813
2066,2,7,la Dreta de l'Eixample,Eixample,430928.62416884373,4583266.619195,106.49146995826315,1766
2067,2,7,la Dreta de l'Eixample,Eixample,431022.6754634256,4583170.87608027,24.443929263576877,1656
2068,2,7,la Dreta de l'Eixample,Eixample,431123.5714694124,4583076.284503094,162.19012156989857,1624
2069,2,7,la Dreta de l'Eixample,Eixample,430875.413977197,4583032.187080724,64.76114863192772,1357
2070,2,7,la Dreta de l'Eixample,Eixample,430595.1180289997,4582939.996174515,49.04750442526515,1270
2071,2,7,la Dreta de l'Eixample,Eixample,430688.5301360808,4582844.327904207,58.579486291210216,1674
2072,2,7,la Dreta de l'Eixample,Eixample,430786.50810457254,4582742.47159714,59.604130019537635,1204
2073,2,7,la Dreta de l'Eixample,Eixample,431079.8830110213,4582746.844077094,172.45827300489321,1638
2074,2,7,la Dreta de l'Eixample,Eixample,431270.53558979405,4582545.115774098,386.2053962562853,1282
2075,2,7,la Dreta de l'Eixample,Eixample,431057.0396182298,4582374.626204102,351.42095497508745,1261
2076,2,7,la Dreta de l'Eixample,Eixample,430890.09538572544,4582541.930630688,156.16822472771446,1622
2077,2,7,la Dreta de l'Eixample,Eixample,430552.0804890597,4582171.420012305,411.78992511272895,1758
2078,2,7,la Dreta de l'Eixample,Eixample,430438.31112123025,4582586.8586487025,37.46056595516024,1474
2079,2,7,la Dreta de l'Eixample,Eixample,430193.64072830987,4582356.958742288,27.20952206538201,1490
2080,2,7,la Dreta de l'Eixample,Eixample,430157.11973138986,4582883.476625384,370.5003411308097,1596
2081,2,7,la Dreta de l'Eixample,Eixample,429916.86745077686,4582651.929651878,377.0820135665623,2170
2082,2,7,la Dreta de l'Eixample,Eixample,429924.5214648499,4583127.798638599,478.36823043696876,916
2083,2,7,la Dreta de l'Eixample,Eixample,429643.36064253876,4582916.218272116,757.3569908203755,1915
2084,2,8,l'Antiga Esquerra de l'Eixample,Eixample,429458.2024344328,4582668.986262148,713.2881038746622,2065
2085,2,8,l'Antiga Esquerra de l'Eixample,Eixample,429268.65083368716,4582846.686996976,966.8803635066292,1413
2086,2,8,l'Antiga Esquerra de l'Eixample,Eixample,429098.7192923634,4582746.748939743,946.0631502669255,1404
2087,2,8,l'Antiga Esquerra de l'Eixample,Eixample,429315.007009349,4582528.177551821,656.0036377302324,1425
2088,2,8,l'Antiga Esquerra de l'Eixample,Eixample,429550.37535961694,4582478.114807203,513.1053421924489,1679
2089,2,8,l'Antiga Esquerra de l'Eixample,Eixample,429644.0709021472,4582382.991042257,379.58936996615165,1753
2090,2,8,l'Antiga Esquerra de l'Eixample,Eixample,429738.0246539538,4582287.770625799,245.82253910485016,1739
2091,2,8,l'Antiga Esquerra de l'Eixample,Eixample,429977.9921953944,4582137.490243137,30.08784411774981,2269
2092,2,8,l'Antiga Esquerra de l'Eixample,Eixample,429833.88845087704,4581997.361558823,27.392804294554526,1759
2093,2,8,l'Antiga Esquerra de l'Eixample,Eixample,429686.7782244857,4581956.350993267,0.7693654037945239,1676
2094,2,8,l'Antiga Esquerra de l'Eixample,Eixample,429784.22758854675,4581761.43493303,208.29556880740157,1503
2095,2,8,l'Antiga Esquerra de l'Eixample,Eixample,429593.85479845107,4581668.673166266,158.26552492046744,1512
2096,2,8,l'Antiga Esquerra de l'Eixample,Eixample,429583.199333985,4581868.910549244,25.315873411464928,1408
2097,2,8,l'Antiga Esquerra de l'Eixample,Eixample,429427.93115048023,4581835.482436947,75.42159684830477,1119
2098,2,8,l'Antiga Esquerra de l'Eixample,Eixample,429499.7239750871,4582147.91210329,233.3313350730816,1446
2099,2,8,l'Antiga Esquerra de l'Eixample,Eixample,429398.7494411547,4582061.885117231,239.15592828310398,1615
2100,2,8,l'Antiga Esquerra de l'Eixample,Eixample,429290.93995723914,4581981.053326662,209.27928677126914,1342
2101,2,8,l'Antiga Esquerra de l'Eixample,Eixample,429263.2615725124,4582197.304920688,402.08089090193556,2181
2102,2,8,l'Antiga Esquerra de l'Eixample,Eixample,429225.49840572657,4582441.365998378,629.7558086151687,1385
2103,2,8,l'Antiga Esquerra de l'Eixample,Eixample,429082.0598406757,4582300.5992380185,505.895719270527,1650
2104,2,8,l'Antiga Esquerra de l'Eixample,Eixample,428886.6588432409,4582390.448466178,655.2538685697206,1170
2105,2,8,l'Antiga Esquerra de l'Eixample,Eixample,429031.26500741363,4582531.442739263,742.2174685024564,2083
2106,2,8,l'Antiga Esquerra de l'Eixample,Eixample,428932.7520054111,4582724.468649336,952.775191996457,1442
2107,2,8,l'Antiga Esquerra de l'Eixample,Eixample,428814.08469031984,4582654.500598991,925.4475556726716,1630
2108,2,8,l'Antiga Esquerra de l'Eixample,Eixample,428697.88990959217,4582582.355408342,915.0416149060059,1596
2109,2,8,l'Antiga Esquerra de l'Eixample,Eixample,428563.148247218,4582513.984945072,939.9006936818057,2101
2110,2,9,la Nova Esquerra de l'Eixample,Eixample,428707.0471659316,4582260.398846643,656.5868544187936,1852
2111,2,9,la Nova Esquerra de l'Eixample,Eixample,428460.41495461506,4582245.113486046,795.9349445136321,1848
2112,2,9,la Nova Esquerra de l'Eixample,Eixample,428395.4707840874,4582082.042925435,701.1616685447043,1272
2113,2,9,la Nova Esquerra de l'Eixample,Eixample,428552.4539794808,4582062.403200946,591.8290177018029,2188
2114,2,9,la Nova Esquerra de l'Eixample,Eixample,428646.7792009886,4581966.77505521,462.16664556569833,1671
2115,2,9,la Nova Esquerra de l'Eixample,Eixample,428788.0836856406,4581917.939945952,368.38818296385415,1337
2116,2,9,la Nova Esquerra de l'Eixample,Eixample,428883.26029571734,4582011.862938213,361.5641930386188,990
2117,2,9,la Nova Esquerra de l'Eixample,Eixample,428978.48651268246,4582105.950872201,362.46917431670323,1217
2118,2,9,la Nova Esquerra de l'Eixample,Eixample,429135.1489965788,4581948.3836284485,150.83977971983245,1444
2119,2,9,la Nova Esquerra de l'Eixample,Eixample,428977.3222013769,4581916.331451191,230.95387488027305,1267
2120,2,9,la Nova Esquerra de l'Eixample,Eixample,428881.86822905735,4581822.33037361,266.6703004238337,1163
2121,2,9,la Nova Esquerra de l'Eixample,Eixample,428993.95779297146,4581760.585098788,190.26885813120745,1262
2122,2,9,la Nova Esquerra de l'Eixample,Eixample,428786.55948144314,4581728.915089938,187.21572629898986,1026
2123,2,9,la Nova Esquerra de l'Eixample,Eixample,428693.04548377724,4581824.188439007,315.26242756583235,1093
2124,2,9,la Nova Esquerra de l'Eixample,Eixample,428504.5240872224,4581825.818798933,445.69707694679323,1083
2125,2,9,la Nova Esquerra de l'Eixample,Eixample,428387.8535571781,4581888.71775367,577.0296353796075,1670
2126,2,9,la Nova Esquerra de l'Eixample,Eixample,428380.11256461195,4581695.027130853,499.180708898742,1464
2127,2,9,la Nova Esquerra de l'Eixample,Eixample,428467.49048697477,4581599.246216141,394.5338025340564,1156
2128,2,9,la Nova Esquerra de l'Eixample,Eixample,428702.7538522174,4581627.071679524,172.05877528194594,1300
2129,2,9,la Nova Esquerra de l'Eixample,Eixample,428534.1453829169,4581505.000887541,329.62617191885226,1523
2130,2,9,la Nova Esquerra de l'Eixample,Eixample,428455.32998318045,4581294.354319608,449.1466372515566,1104
2131,2,9,la Nova Esquerra de l'Eixample,Eixample,428588.6404947374,4581163.329055222,294.1180958379024,1121
2132,2,9,la Nova Esquerra de l'Eixample,Eixample,428686.58929972333,4581257.6075168485,220.79559121579538,1012
2133,2,9,la Nova Esquerra de l'Eixample,Eixample,428572.08653908374,4581370.787125107,342.4141819202808,821
2134,2,9,la Nova Esquerra de l'Eixample,Eixample,428682.81708665664,4581447.383916796,207.88366482403575,1454
2135,2,9,la Nova Esquerra de l'Eixample,Eixample,428830.42554754246,4581397.482771545,132.46587674743117,2095
2136,2,9,la Nova Esquerra de l'Eixample,Eixample,428791.253534026,4581527.487314774,74.38344580669089,881
2137,2,9,la Nova Esquerra de l'Eixample,Eixample,428947.9619227722,4581561.3661540365,66.2580862776641,1438
2138,2,9,la Nova Esquerra de l'Eixample,Eixample,429102.83613744105,4581677.233970575,143.45086975081608,1921
2139,2,9,la Nova Esquerra de l'Eixample,Eixample,429319.75885689235,4581755.114092303,65.68043716287268,1711
2140,2,9,la Nova Esquerra de l'Eixample,Eixample,429209.9842465407,4581583.115768437,71.65515201906898,1891
2141,2,9,la Nova Esquerra de l'Eixample,Eixample,429066.9265520817,4581442.649004044,67.7840115280172,1179
2142,2,9,la Nova Esquerra de l'Eixample,Eixample,429207.9168640916,4581393.782182949,61.055590132069675,2000
2143,2,9,la Nova Esquerra de l'Eixample,Eixample,429398.97278241976,4581581.480143407,0.15209839136262274,1466
2144,2,9,la Nova Esquerra de l'Eixample,Eixample,429497.1978483749,4581480.409055069,0.8867769064365932,1494
2145,2,9,la Nova Esquerra de l'Eixample,Eixample,429305.82830939797,4581293.492211236,133.44688304609312,1228
2146,2,9,la Nova Esquerra de l'Eixample,Eixample,429162.6782601244,4581153.087099915,67.06601803446371,1178
2147,2,9,la Nova Esquerra de l'Eixample,Eixample,429018.11055645754,4581300.751027868,6.940383255548023,2076
2148,2,9,la Nova Esquerra de l'Eixample,Eixample,428824.04822595156,4581112.647903998,72.97159940081409,1554
2149,2,9,la Nova Esquerra de l'Eixample,Eixample,428970.0460633913,4580963.310363655,211.66882161572886,1864
2150,2,10,Sant Antoni,Eixample,429075.7782659173,4580814.620187613,375.12282542568425,1508
2151,2,10,Sant Antoni,Eixample,429202.2409626075,4580926.028796004,217.48080257821292,1489
2152,2,10,Sant Antoni,Eixample,429266.7306394023,4581046.966113779,83.11251670703412,1270
2153,2,10,Sant Antoni,Eixample,429365.89312188793,4580945.512670833,202.29219332792843,1352
2154,2,10,Sant Antoni,Eixample,429333.64787839603,4580787.8418498915,345.1878679652003,1006
2155,2,10,Sant Antoni,Eixample,429498.9722929147,4580814.662515454,382.70967505307306,1804
2156,2,10,Sant Antoni,Eixample,429647.67024703824,4580848.428453127,462.009821119114,1283
2157,2,10,Sant Antoni,Eixample,429554.4041793222,4580943.795380364,330.5561656888883,1194
2158,2,10,Sant Antoni,Eixample,429509.19413235364,4581085.96898516,232.6428621193511,1584
2159,2,10,Sant Antoni,Eixample,429409.8410298982,4581187.094690761,141.77475212064763,1961
2160,2,10,Sant Antoni,Eixample,429600.88455310895,4581374.172309734,102.24347464851277,1968
2161,2,10,Sant Antoni,Eixample,429652.79378506646,4581226.557373113,253.18291884077152,1158
2162,2,10,Sant Antoni,Eixample,429748.02861771366,4581320.405897423,252.43917374220882,1402
2163,2,10,Sant Antoni,Eixample,429791.9172635216,4581561.515546047,285.14822458458355,1806
2164,2,10,Sant Antoni,Eixample,430007.3741285018,4581735.163499488,335.5038055764474,1445
2165,2,10,Sant Antoni,Eixample,429891.0962305339,4581461.152974481,361.0480875790719,1694
2166,2,10,Sant Antoni,Eixample,429921.5442018875,4581310.558836637,414.74080658458655,2145
2167,2,10,Sant Antoni,Eixample,429697.6294638501,4581084.565907717,400.2260147947336,2111
2168,2,10,Sant Antoni,Eixample,429860.16494449985,4581062.345059143,507.5914218370947,2256
2169,2,10,Sant Antoni,Eixample,430073.69671396055,4580986.606409696,712.9507372056596,1548
2170,2,10,Sant Antoni,Eixample,430255.02350005595,4580806.437122312,967.9945052171565,1521
2171,2,10,Sant Antoni,Eixample,430022.9925043362,4580765.4029919775,826.6592065140758,1618
2172,2,10,Sant Antoni,Eixample,429977.9106467315,4580892.84683904,713.2359340094062,1508
2173,2,10,Sant Antoni,Eixample,429794.55013951985,4580812.942981229,603.355441878603,1544
3001,3,11,el Poble-sec,Sants-Montjuïc,429595.6010209086,4580652.111955467,571.4928170311246,1685
3002,3,11,el Poble-sec,Sants-Montjuïc,429527.03689043625,4580494.247338886,680.8573676311331,1943
3003,3,11,el Poble-sec,Sants-Montjuïc,429463.750734644,4580636.542252584,525.3566356616517,1662
3004,3,11,el Poble-sec,Sants-Montjuïc,429343.17123140395,4580618.49861966,514.249832109808,1563
3005,3,11,el Poble-sec,Sants-Montjuïc,429432.89760131313,4580339.644733457,803.845412821419,1161
3006,3,11,el Poble-sec,Sants-Montjuïc,429681.94603161706,4580352.037820212,874.4520990390727,1399
3007,3,11,el Poble-sec,Sants-Montjuïc,429689.2486839736,4580481.458321769,765.6648116502257,1658
3008,3,11,el Poble-sec,Sants-Montjuïc,429752.86332717614,4580571.652812713,730.4981734132111,1207
3009,3,11,el Poble-sec,Sants-Montjuïc,429780.5304702358,4580675.639613524,674.8660587017907,1196
3010,3,11,el Poble-sec,Sants-Montjuïc,429942.0600512266,4580646.090293205,818.9752915417271,1895
3011,3,11,el Poble-sec,Sants-Montjuïc,429896.2159278863,4580508.526567628,874.0328939129134,1755
3012,3,11,el Poble-sec,Sants-Montjuïc,430080.9713557355,4580620.008185011,948.5071946637767,2033
3013,3,11,el Poble-sec,Sants-Montjuïc,430074.18928080803,4580444.692461229,1047.8699842966353,1717
3014,3,11,el Poble-sec,Sants-Montjuïc,430193.65164991637,4580476.428083739,1122.2748807110218,1779
3015,3,11,el Poble-sec,Sants-Montjuïc,430274.9632923446,4580619.943842139,1113.7479296024558,2901
3016,3,11,el Poble-sec,Sants-Montjuïc,430465.0256101394,4580646.253927586,1231.5610001634882,1254
3017,3,11,el Poble-sec,Sants-Montjuïc,430335.19284619763,4580456.585669509,1250.7219543675299,1629
3018,3,11,el Poble-sec,Sants-Montjuïc,430491.1418410913,4580462.30375559,1376.624570431273,1635
3019,3,11,el Poble-sec,Sants-Montjuïc,430664.712043256,4580604.887690558,1413.4991893768204,1511
3020,3,11,el Poble-sec,Sants-Montjuïc,430947.3851670062,4580479.275137545,1716.639254704696,1213
3021,3,11,el Poble-sec,Sants-Montjuïc,430752.78154780396,4580479.784075516,1559.5475801393222,1074
3022,3,11,el Poble-sec,Sants-Montjuïc,430571.0961600302,4580328.664857728,1518.5249852149827,1424
3023,3,11,el Poble-sec,Sants-Montjuïc,430159.5297466415,4580318.2369842995,1195.7480821317495,1875
3024,3,11,el Poble-sec,Sants-Montjuïc,429477.80179561407,4579488.07721449,1652.6578896024791,1974
3025,3,12,la Marina del Prat Vermell,Sants-Montjuïc,428198.5325126097,4576754.601239828,4454.353312961321,1517
3026,3,13,la Marina de Port,Sants-Montjuïc,427618.04080449295,4578597.977863661,2853.645356304402,998
3027,3,13,la Marina de Port,Sants-Montjuïc,427639.12947569333,4578951.608472852,2531.045163526303,1704
3028,3,13,la Marina de Port,Sants-Montjuïc,427747.47458151076,4579289.310673957,2184.8529903241,2612
3029,3,13,la Marina de Port,Sants-Montjuïc,427807.5191640643,4578932.487421693,2469.902041426806,1267
3030,3,13,la Marina de Port,Sants-Montjuïc,427967.066519363,4578784.214298509,2542.476430788729,1566
3031,3,13,la Marina de Port,Sants-Montjuïc,428236.66859772115,4578854.855859342,2390.2001880927437,2360
3032,3,13,la Marina de Port,Sants-Montjuïc,428401.79689293314,4578725.570992858,2477.6451769645278,1700
3033,3,13,la Marina de Port,Sants-Montjuïc,428186.99819798925,4579141.306400041,2131.517108091817,1477
3034,3,13,la Marina de Port,Sants-Montjuïc,428121.88366411085,4578988.3546989495,2297.3744083966308,1496
3035,3,13,la Marina de Port,Sants-Montjuïc,427995.56101694674,4579273.949848131,2080.736238807832,2225
3036,3,13,la Marina de Port,Sants-Montjuïc,427919.72483843286,4579728.623785239,1721.9060761273818,2365
3037,3,13,la Marina de Port,Sants-Montjuïc,428071.7011144501,4579325.286991703,2002.3881383882294,985
3038,3,13,la Marina de Port,Sants-Montjuïc,428485.7147416107,4579260.433317124,1936.7853961857556,937
3039,3,13,la Marina de Port,Sants-Montjuïc,428145.8680072676,4579542.545384342,1773.8223583972767,2495
3040,3,14,la Font de la Guatlla,Sants-Montjuïc,428163.8737807687,4579881.757648137,1463.0872663081275,1690
3041,3,14,la Font de la Guatlla,Sants-Montjuïc,428267.0351947087,4580055.235087818,1261.3154273383857,1394
3042,3,14,la Font de la Guatlla,Sants-Montjuïc,428557.41017545224,4580122.74231047,1083.341396198268,1348
3043,3,14,la Font de la Guatlla,Sants-Montjuïc,428380.7223388067,4580174.469301301,1102.522742949259,1566
3044,3,14,la Font de la Guatlla,Sants-Montjuïc,428534.58712204493,4580352.326702802,875.9099462315303,1886
3045,3,14,la Font de la Guatlla,Sants-Montjuïc,428814.0164185185,4580356.49200659,802.5530290644141,1084
3046,3,14,la Font de la Guatlla,Sants-Montjuïc,428685.89232548204,4580474.6835874235,709.263055350276,1391
3047,3,15,Hostafrancs,Sants-Montjuïc,428628.2374317984,4580834.044988955,410.4355432604797,1733
3048,3,15,Hostafrancs,Sants-Montjuïc,428438.0868216803,4581113.229783734,446.6454622956505,1335
3049,3,15,Hostafrancs,Sants-Montjuïc,428383.50642288197,4580980.809408807,529.0482104701234,1656
3050,3,15,Hostafrancs,Sants-Montjuïc,428271.94208389247,4580850.598560913,682.8773332908124,1605
3051,3,15,Hostafrancs,Sants-Montjuïc,428236.7458857549,4580641.354694644,825.9441605519357,1890
3052,3,15,Hostafrancs,Sants-Montjuïc,428361.31290974043,4580641.847687241,732.3057866431352,1342
3053,3,15,Hostafrancs,Sants-Montjuïc,428588.8817525697,4580676.584370041,562.3608655794841,2147
3054,3,15,Hostafrancs,Sants-Montjuïc,428534.8956821744,4580515.508912804,728.9087052102896,1634
3055,3,15,Hostafrancs,Sants-Montjuïc,428377.29390014225,4580418.880604414,893.8131711894582,1565
3056,3,15,Hostafrancs,Sants-Montjuïc,428321.268142634,4580305.132712943,1019.4717377076014,952
3057,3,16,la Bordeta,Sants-Montjuïc,428176.49823759246,4580487.339412408,972.5858900248053,1477
3058,3,16,la Bordeta,Sants-Montjuïc,428126.4015049253,4580243.705361401,1185.0787275281364,1747
3059,3,16,la Bordeta,Sants-Montjuïc,428031.75210117304,4580201.592459724,1278.7305140711942,1168
3060,3,16,la Bordeta,Sants-Montjuïc,427950.10285075824,4580345.277298244,1235.766888114516,1344
3061,3,16,la Bordeta,Sants-Montjuïc,427935.218299339,4580159.98044383,1374.7454089272273,1091
3062,3,16,la Bordeta,Sants-Montjuïc,427785.35322937474,4580258.215924323,1417.8523430517323,1546
3063,3,16,la Bordeta,Sants-Montjuïc,427774.54808685347,4580043.7434668355,1570.1203654987983,1954
3064,3,16,la Bordeta,Sants-Montjuïc,427629.0854636793,4579726.813735066,1901.1423219464164,1202
3065,3,16,la Bordeta,Sants-Montjuïc,427634.9387089867,4579866.174847777,1794.644280080121,1339
3066,3,16,la Bordeta,Sants-Montjuïc,427463.81694107235,4579945.5372916125,1865.1041044202289,2324
3067,3,16,la Bordeta,Sants-Montjuïc,427573.2198867192,4580024.156927206,1730.8846008674798,1729
3068,3,16,la Bordeta,Sants-Montjuïc,427530.7911382241,4580188.098383879,1662.7114301908966,1144
3069,3,16,la Bordeta,Sants-Montjuïc,427393.61779290723,4580186.566325009,1776.8730106445291,1162
3070,3,17,Sants - Badal,Sants-Montjuïc,427290.50916788535,4580318.637887342,1798.97851383762,1319
3071,3,17,Sants - Badal,Sants-Montjuïc,427252.66590504016,4580386.423215917,1802.5870409708239,1343
3072,3,17,Sants - Badal,Sants-Montjuïc,427198.9391196608,4580437.486813124,1830.6716201726194,1335
3073,3,17,Sants - Badal,Sants-Montjuïc,427268.0681949879,4580695.297544488,1679.0712473310764,1580
3074,3,17,Sants - Badal,Sants-Montjuïc,427166.1453486685,4580668.715532765,1784.3774803542988,1750
3075,3,17,Sants - Badal,Sants-Montjuïc,427072.61237057735,4580485.108596353,1930.4252703628122,1738
3076,3,17,Sants - Badal,Sants-Montjuïc,426952.5711581649,4580542.130821965,2025.3994468691315,1042
3077,3,17,Sants - Badal,Sants-Montjuïc,426900.63755477365,4580625.364550788,2051.861449053476,1329
3078,3,17,Sants - Badal,Sants-Montjuïc,427029.5895011784,4580691.380936102,1910.4641955422685,1700
3079,3,17,Sants - Badal,Sants-Montjuïc,426845.7984290479,4580752.173812377,2076.536540142602,1800
3080,3,17,Sants - Badal,Sants-Montjuïc,426712.6398071328,4580743.479826987,2208.9111101943936,1515
3081,3,17,Sants - Badal,Sants-Montjuïc,426822.37119933614,4580885.4044367885,2078.0058260501696,1873
3082,3,17,Sants - Badal,Sants-Montjuïc,426974.1626537862,4580992.078701161,1915.542645173542,1857
3083,3,17,Sants - Badal,Sants-Montjuïc,427119.2146876867,4580872.505466436,1786.1135651127042,1357
3084,3,17,Sants - Badal,Sants-Montjuïc,427160.62403949216,4580967.74490238,1732.3165144857805,1365
3085,3,17,Sants - Badal,Sants-Montjuïc,427131.85173467145,4581117.062912318,1751.2532931708893,1305
3086,3,18,Sants,Sants-Montjuïc,427263.6017359577,4581227.6384286545,1620.6476278634439,1215
3087,3,18,Sants,Sants-Montjuïc,427401.92397448065,4581302.33738327,1479.7914006548465,1480
3088,3,18,Sants,Sants-Montjuïc,427532.6630350606,4581326.336899182,1346.8735749158438,1382
3089,3,18,Sants,Sants-Montjuïc,427597.4430959404,4581138.547754126,1285.3466126303217,1212
3090,3,18,Sants,Sants-Montjuïc,427669.9431403295,4580918.426301377,1235.7978399282642,958
3091,3,18,Sants,Sants-Montjuïc,427530.8073035985,4580896.886450302,1376.4903120488912,1471
3092,3,18,Sants,Sants-Montjuïc,427459.76312496915,4581120.245248015,1423.3584380828795,1217
3093,3,18,Sants,Sants-Montjuïc,427301.75497629156,4581079.958127547,1582.7475484783697,1471
3094,3,18,Sants,Sants-Montjuïc,427355.2466827732,4580897.725211546,1549.1225309949043,1186
3095,3,18,Sants,Sants-Montjuïc,427377.94334239024,4580708.561885937,1569.871012195303,1609
3096,3,18,Sants,Sants-Montjuïc,427532.125520503,4580716.016643115,1420.4386922463088,1518
3097,3,18,Sants,Sants-Montjuïc,427435.6771865795,4580532.692845374,1575.5723245698578,1635
3098,3,18,Sants,Sants-Montjuïc,427538.4889303904,4580404.15075707,1540.2125639902208,1435
3099,3,18,Sants,Sants-Montjuïc,427741.9319637403,4580435.755771705,1349.1416816856104,973
3100,3,18,Sants,Sants-Montjuïc,427656.8469447415,4580618.488362906,1338.5333143021808,1281
3101,3,18,Sants,Sants-Montjuïc,427839.3636443475,4580613.82859161,1175.8186627728892,4382
3102,3,18,Sants,Sants-Montjuïc,427931.79597844806,4580565.637452308,1119.2903395223268,1340
3103,3,18,Sants,Sants-Montjuïc,428080.03720671637,4580601.289052378,975.724271189525,1125
3104,3,18,Sants,Sants-Montjuïc,428030.91373749735,4580711.512201535,960.8067342476769,1401
3105,3,18,Sants,Sants-Montjuïc,427871.3772499836,4580879.010305579,1048.5671796872077,1180
3106,3,18,Sants,Sants-Montjuïc,428102.2658710089,4581086.02908138,783.5436809382983,1291
3107,3,18,Sants,Sants-Montjuïc,427992.6525726493,4581316.525105307,899.6761748189024,1595
3108,3,18,Sants,Sants-Montjuïc,427779.5834567552,4581028.869654291,1110.3998794625206,1597
3109,3,18,Sants,Sants-Montjuïc,427737.02793904557,4581223.854180726,1147.6434564543345,1503
3110,3,18,Sants,Sants-Montjuïc,427685.95344997913,4581399.608370498,1184.207281674475,1429
3111,3,18,Sants,Sants-Montjuïc,427936.89363822085,4581457.851761162,928.083533744617,1272
3112,3,18,Sants,Sants-Montjuïc,427930.2354545802,4581548.278910092,929.5123418800521,1839
3113,3,18,Sants,Sants-Montjuïc,428176.28596252186,4581572.467039012,683.6093275540061,1562
3114,3,18,Sants,Sants-Montjuïc,428245.07116820547,4581739.300411928,641.2236049886915,1470
3211,3,13,la Marina de Port,Sants-Montjuïc,428078.16235602775,4579092.516993577,2214.863499664134,1519
3212,3,13,la Marina de Port,Sants-Montjuïc,427899.6784755358,4579412.319739169,2001.7624147710387,2383
3213,3,13,la Marina de Port,Sants-Montjuïc,427958.0728964864,4579557.76269774,1846.5026004805895,2339
4001,4,19,les Corts,Les Corts,428134.4324681704,4581840.549572278,778.8876667130829,1264
4002,4,19,les Corts,Les Corts,427895.36516906385,4581799.684696226,994.5155333987988,1905
4003,4,19,les Corts,Les Corts,428030.277641964,4581743.661415662,850.269279286134,1049
4004,4,19,les Corts,Les Corts,427924.9006864975,4581666.35272854,941.2328874179851,974
4005,4,19,les Corts,Les Corts,427780.54245249263,4581585.891030034,1079.5661787044182,1205
4006,4,19,les Corts,Les Corts,427616.203783089,4581509.13270762,1244.4118809958184,1125
4007,4,19,les Corts,Les Corts,427667.8012543418,4581626.773062699,1193.9744161688488,1028
4008,4,19,les Corts,Les Corts,427642.4497873731,4581693.0701254755,1224.8890181187785,993
4009,4,19,les Corts,Les Corts,427594.1320832006,4581754.499216738,1280.960735384548,1468
4010,4,19,les Corts,Les Corts,427531.86835442093,4581854.053736354,1360.7551713000294,889
4011,4,19,les Corts,Les Corts,427707.23337923625,4581929.317145947,1211.2536227322726,1701
4012,4,19,les Corts,Les Corts,427835.83982542803,4581986.803511193,1110.586316387557,1345
4013,4,19,les Corts,Les Corts,427889.32332560944,4582117.500047336,1120.8391987296807,1209
4014,4,19,les Corts,Les Corts,428037.0941767261,4582151.045776864,1014.9309866265728,781
4015,4,19,les Corts,Les Corts,428010.12884967186,4581978.590693032,948.6203176460996,1872
4016,4,19,les Corts,Les Corts,428187.1662350216,4581970.810229276,789.8739980035022,1056
4017,4,19,les Corts,Les Corts,428209.31107853394,4582143.4090996515,876.0054186708975,1190
4018,4,19,les Corts,Les Corts,428321.8279297593,4582323.177173653,936.4751694362535,1469
4019,4,19,les Corts,Les Corts,428290.25275227596,4582569.25626133,1161.805115184547,1366
4020,4,19,les Corts,Les Corts,428184.0960447579,4582360.924640783,1050.438928277568,1476
4021,4,19,les Corts,Les Corts,428037.12068662036,4582448.857928898,1213.5939713911052,1311
4022,4,19,les Corts,Les Corts,427748.40007387364,4582304.741635951,1339.6842444073616,1652
4023,4,19,les Corts,Les Corts,427563.25823082554,4582506.866109235,1607.4291720203778,1064
4024,4,19,les Corts,Les Corts,427233.8893359314,4582478.130710324,1868.835680516266,1020
4025,4,19,les Corts,Les Corts,427552.2548627823,4582127.602553562,1426.7112666414976,1149
4026,4,19,les Corts,Les Corts,427502.9918696073,4581969.6044018455,1418.1936933254854,1215
4027,4,19,les Corts,Les Corts,427396.87805146986,4582185.449035865,1592.2791482698594,1331
4028,4,19,les Corts,Les Corts,427247.48583448795,4582105.1039383495,1702.9812529354174,1298
4029,4,19,les Corts,Les Corts,427118.4339918185,4581980.84525566,1792.2175509422027,1120
4030,4,19,les Corts,Les Corts,427228.8193107664,4581766.2292025145,1644.3109866416828,1777
4031,4,19,les Corts,Les Corts,427367.3399765693,4581706.566073271,1499.888518222068,1888
4032,4,19,les Corts,Les Corts,427464.1338268265,4581527.585062607,1395.878099509029,1541
4033,4,19,les Corts,Les Corts,427383.8497153571,4581504.579695379,1476.77687332987,1117
4034,4,19,les Corts,Les Corts,427207.28483036696,4581505.795856668,1653.2061389062671,1476
4035,4,19,les Corts,Les Corts,427295.52248753764,4581411.957268334,1570.8600074643161,1336
4036,4,20,la Maternitat i Sant Ramon,Les Corts,427021.814314812,4581427.0775236385,1842.4534233618112,1706
4037,4,20,la Maternitat i Sant Ramon,Les Corts,427053.3466933845,4581262.319745144,1830.1752234372773,2162
4038,4,20,la Maternitat i Sant Ramon,Les Corts,426904.723122195,4581132.015326642,1978.0933616818734,1214
4039,4,20,la Maternitat i Sant Ramon,Les Corts,426785.76818976074,4581226.217850308,2098.0735189172065,1134
4040,4,20,la Maternitat i Sant Ramon,Les Corts,426780.137742827,4581025.96944902,2106.5554614262596,1589
4041,4,20,la Maternitat i Sant Ramon,Les Corts,426631.91025479924,4581044.372664531,2253.531076908398,1279
4042,4,20,la Maternitat i Sant Ramon,Les Corts,426629.61860281794,4580904.569603767,2267.0485044568877,1772
4043,4,20,la Maternitat i Sant Ramon,Les Corts,426199.962209586,4581235.896113248,2679.0113187429324,1605
4044,4,20,la Maternitat i Sant Ramon,Les Corts,426232.60669127625,4581008.156728249,2654.189654767669,1598
4045,4,20,la Maternitat i Sant Ramon,Les Corts,426018.96981141187,4580987.742347062,2868.644818234949,1386
4046,4,20,la Maternitat i Sant Ramon,Les Corts,425895.3759443227,4581093.601214911,2987.9476521352767,2392
4047,4,20,la Maternitat i Sant Ramon,Les Corts,425541.1426266915,4581352.802372322,3324.8188425530207,1863
4048,4,20,la Maternitat i Sant Ramon,Les Corts,426977.624610135,4581615.938011213,1883.0218260464642,1469
4049,4,20,la Maternitat i Sant Ramon,Les Corts,426491.2995150654,4581689.143762341,2372.1180732876933,1146
4050,4,21,Pedralbes,Les Corts,426998.2627764213,4582433.51564169,2057.6687472672406,2024
4051,4,21,Pedralbes,Les Corts,426845.00838784553,4582481.28930427,2216.778897086845,1622
4052,4,21,Pedralbes,Les Corts,426658.3934797569,4582313.617626812,2327.853128375258,2172
4053,4,21,Pedralbes,Les Corts,425903.95490446885,4582175.527314367,3019.8651354453455,1695
4054,4,21,Pedralbes,Les Corts,425257.7617578574,4581811.280904584,3610.9427689336126,1010
4055,4,21,Pedralbes,Les Corts,426135.90720723127,4582659.696635726,2938.7015811607216,1477
4056,4,21,Pedralbes,Les Corts,425238.6797639237,4582828.737747649,3838.0001110963453,1730
4084,4,20,la Maternitat i Sant Ramon,Les Corts,427017.8330013584,4581702.036769876,1847.6121140064377,1369
5001,5,22,"Vallvidrera, el Tibidabo i les Planes",Sarrià-Sant Gervasi,423189.36502103775,4585837.518850156,7104.8743024722235,1818
5002,5,22,"Vallvidrera, el Tibidabo i les Planes",Sarrià-Sant Gervasi,425889.7438415861,4585714.929043835,5110.044196977923,1618
5003,5,22,"Vallvidrera, el Tibidabo i les Planes",Sarrià-Sant Gervasi,424947.3592284764,4584670.937948948,5000.570553453482,1369
5004,5,23,Sarrià,Sarrià-Sant Gervasi,426119.0695808043,4584599.488138971,4095.16670817411,1101
5005,5,23,Sarrià,Sarrià-Sant Gervasi,425614.7005445084,4583967.451995621,4042.571478178437,1223
5006,5,23,Sarrià,Sarrià-Sant Gervasi,426252.31572623586,4583107.898462027,3033.9892472257147,1827
5007,5,23,Sarrià,Sarrià-Sant Gervasi,426241.8480398426,4583734.146997332,3405.142202080938,1887
5008,5,23,Sarrià,Sarrià-Sant Gervasi,426588.3825290141,4583883.030783889,3251.3527539550064,1675
5009,5,23,Sarrià,Sarrià-Sant Gervasi,426406.0531327932,4583478.496961551,3116.759834425229,1669
5010,5,23,Sarrià,Sarrià-Sant Gervasi,426528.01951867284,4583325.542768844,2926.77387470991,1505
5011,5,23,Sarrià,Sarrià-Sant Gervasi,426756.3353760906,4583337.361236285,2755.968392346232,1394
5012,5,23,Sarrià,Sarrià-Sant Gervasi,426872.92218377854,4583215.538620656,2588.332486602073,1337
5013,5,23,Sarrià,Sarrià-Sant Gervasi,426598.78833482723,4583166.043887341,2775.2724040208163,1642
5014,5,23,Sarrià,Sarrià-Sant Gervasi,426611.12666561676,4582904.095440318,2621.435130382159,1568
5015,5,23,Sarrià,Sarrià-Sant Gervasi,426773.6330446117,4583011.951126127,2543.583838481921,1523
5016,5,23,Sarrià,Sarrià-Sant Gervasi,426871.73536154884,4582893.393473649,2395.6440413838977,1864
5017,5,23,Sarrià,Sarrià-Sant Gervasi,426690.42870987864,4582638.601860815,2424.1598433681143,1510
5018,5,23,Sarrià,Sarrià-Sant Gervasi,426922.6284856831,4582720.481758246,2259.8561303870474,1253
5019,5,23,Sarrià,Sarrià-Sant Gervasi,427075.0118353067,4582770.934453053,2158.6573310637814,1654
5020,5,24,les Tres Torres,Sarrià-Sant Gervasi,427391.0493793218,4582754.260224107,1895.0986146170492,1074
5021,5,24,les Tres Torres,Sarrià-Sant Gervasi,427599.6604360984,4582794.191453144,1766.1832753810538,1221
5022,5,24,les Tres Torres,Sarrià-Sant Gervasi,427354.2620115104,4582940.583897645,2044.953908882043,1683
5023,5,24,les Tres Torres,Sarrià-Sant Gervasi,427077.85474793403,4583059.7986031845,2331.2379182098357,1445
5024,5,24,les Tres Torres,Sarrià-Sant Gervasi,427315.99739321193,4583168.828276225,2232.126390394915,1914
5025,5,24,les Tres Torres,Sarrià-Sant Gervasi,427411.85950657504,4583392.654602054,2338.2546872285807,1280
5026,5,24,les Tres Torres,Sarrià-Sant Gervasi,427398.22213693184,4583667.91852525,2567.8181280499584,1429
5027,5,24,les Tres Torres,Sarrià-Sant Gervasi,427199.0855899435,4583478.265859906,2539.792095399786,1368
5028,5,24,les Tres Torres,Sarrià-Sant Gervasi,426888.912031354,4583489.76640138,2760.6608986982706,1675
5029,5,24,les Tres Torres,Sarrià-Sant Gervasi,427037.0025013844,4583660.301154685,2783.504744870598,1636
5030,5,24,les Tres Torres,Sarrià-Sant Gervasi,427211.247272811,4583864.691054481,2836.3353468994565,1383
5031,5,25,Sant Gervasi - la Bonanova,Sarrià-Sant Gervasi,427140.6829576368,4584138.119745821,3098.880079691527,1600
5032,5,25,Sant Gervasi - la Bonanova,Sarrià-Sant Gervasi,426945.1253924318,4584736.181184576,3686.1936303347006,1821
5033,5,25,Sant Gervasi - la Bonanova,Sarrià-Sant Gervasi,427501.3941658991,4585114.768095409,3448.591004620619,1449
5034,5,25,Sant Gervasi - la Bonanova,Sarrià-Sant Gervasi,427861.6609435261,4584886.39053703,3022.0733986424852,1243
5035,5,25,Sant Gervasi - la Bonanova,Sarrià-Sant Gervasi,427877.12490023824,4584489.0290052565,2810.4633390063777,1037
5036,5,25,Sant Gervasi - la Bonanova,Sarrià-Sant Gervasi,427758.0070942982,4584468.842804968,2908.8711235648652,1736
5037,5,25,Sant Gervasi - la Bonanova,Sarrià-Sant Gervasi,427931.12650934886,4584256.389744987,2664.531405056765,1407
5038,5,25,Sant Gervasi - la Bonanova,Sarrià-Sant Gervasi,427976.29568752035,4584108.584005261,2568.8123735524878,1335
5039,5,25,Sant Gervasi - la Bonanova,Sarrià-Sant Gervasi,427720.02237156,4584291.954774031,2873.5055684667477,1537
5040,5,25,Sant Gervasi - la Bonanova,Sarrià-Sant Gervasi,427759.23459790193,4584127.711456463,2723.1147592278007,1449
5041,5,25,Sant Gervasi - la Bonanova,Sarrià-Sant Gervasi,427954.1135753313,4583965.106047688,2484.084918532593,1958
5042,5,25,Sant Gervasi - la Bonanova,Sarrià-Sant Gervasi,427818.32715095195,4583831.189983398,2441.507954017221,1262
5043,5,25,Sant Gervasi - la Bonanova,Sarrià-Sant Gervasi,427725.85656449466,4583994.597893572,2628.7587434934876,1432
5044,5,25,Sant Gervasi - la Bonanova,Sarrià-Sant Gervasi,427642.973011295,4583913.653326336,2609.615288862092,1299
5045,5,25,Sant Gervasi - la Bonanova,Sarrià-Sant Gervasi,427546.64406545786,4584114.362189119,2828.8556785247806,1577
5046,5,25,Sant Gervasi - la Bonanova,Sarrià-Sant Gervasi,427432.9193995922,4583958.52598958,2773.2510338798706,1109
5047,5,25,Sant Gervasi - la Bonanova,Sarrià-Sant Gervasi,427566.3476209479,4583758.6862737015,2534.08462695398,1216
5048,5,25,Sant Gervasi - la Bonanova,Sarrià-Sant Gervasi,427682.7943876674,4583635.276140349,2364.8104075670194,1225
5049,5,26,Sant Gervasi - Galvany,Sarrià-Sant Gervasi,427746.47556343145,4583414.762106944,2155.6513235950674,1645
5050,5,26,Sant Gervasi - Galvany,Sarrià-Sant Gervasi,427927.6471484084,4583685.334166608,2259.49708833128,1625
5051,5,26,Sant Gervasi - Galvany,Sarrià-Sant Gervasi,428204.5171164349,4583467.415636473,1927.8337096774103,1618
5052,5,26,Sant Gervasi - Galvany,Sarrià-Sant Gervasi,428019.84812000074,4583435.747282019,2001.5695175098342,1441
5053,5,26,Sant Gervasi - Galvany,Sarrià-Sant Gervasi,427787.05641965696,4583217.341664253,1977.0455820808463,1486
5054,5,26,Sant Gervasi - Galvany,Sarrià-Sant Gervasi,427952.07772540516,4583093.864941278,1780.2360047489392,1048
5055,5,26,Sant Gervasi - Galvany,Sarrià-Sant Gervasi,427753.191373493,4583006.618858486,1824.0042106794162,1404
5056,5,26,Sant Gervasi - Galvany,Sarrià-Sant Gervasi,427910.1997921682,4582805.906488227,1569.1979374037223,1223
5057,5,26,Sant Gervasi - Galvany,Sarrià-Sant Gervasi,428021.9073047576,4582659.06901735,1384.6991492800828,1631
5058,5,26,Sant Gervasi - Galvany,Sarrià-Sant Gervasi,428155.24245429423,4582910.609288652,1507.574954104691,1584
5059,5,26,Sant Gervasi - Galvany,Sarrià-Sant Gervasi,428386.65625174635,4582794.986211329,1268.8276259846614,1577
5060,5,26,Sant Gervasi - Galvany,Sarrià-Sant Gervasi,428212.13982363004,4583065.012327819,1589.0354546677545,1165
5061,5,26,Sant Gervasi - Galvany,Sarrià-Sant Gervasi,428548.41606817953,4582871.19518194,1239.5673247897762,1464
5062,5,26,Sant Gervasi - Galvany,Sarrià-Sant Gervasi,428276.99026215286,4583138.064794091,1610.395418038168,1624
5063,5,26,Sant Gervasi - Galvany,Sarrià-Sant Gervasi,428376.97622228623,4583244.0128554525,1648.2845425932878,1528
5064,5,26,Sant Gervasi - Galvany,Sarrià-Sant Gervasi,428544.35700248595,4583078.172913496,1423.4564641741413,1529
5065,5,26,Sant Gervasi - Galvany,Sarrià-Sant Gervasi,428714.9008099526,4582923.980396541,1212.2943142178465,1659
5066,5,26,Sant Gervasi - Galvany,Sarrià-Sant Gervasi,428841.29194526345,4583018.377008196,1260.398547120326,1311
5067,5,26,Sant Gervasi - Galvany,Sarrià-Sant Gervasi,429100.8074885169,4583050.246246996,1219.4603846665514,1300
5068,5,26,Sant Gervasi - Galvany,Sarrià-Sant Gervasi,429211.6510181561,4583228.554996864,1179.5741765007356,1541
5069,5,26,Sant Gervasi - Galvany,Sarrià-Sant Gervasi,428941.0970579588,4583224.298883956,1440.0035230898243,1713
5070,5,26,Sant Gervasi - Galvany,Sarrià-Sant Gervasi,428812.17748462746,4583280.049703793,1520.8809361385029,1450
5071,5,26,Sant Gervasi - Galvany,Sarrià-Sant Gervasi,428903.520227233,4583528.777614658,1516.8485931383175,1639
5072,5,26,Sant Gervasi - Galvany,Sarrià-Sant Gervasi,428718.1449047093,4583316.449521932,1581.048392712865,1674
5073,5,26,Sant Gervasi - Galvany,Sarrià-Sant Gervasi,428661.7231993222,4583485.472958337,1747.85017446373,1585
5074,5,26,Sant Gervasi - Galvany,Sarrià-Sant Gervasi,428523.81207846996,4583364.994036466,1692.883879802578,1642
5075,5,26,Sant Gervasi - Galvany,Sarrià-Sant Gervasi,428537.52695030434,4583634.942679427,1896.8039692038365,1854
5076,5,26,Sant Gervasi - Galvany,Sarrià-Sant Gervasi,428308.80599462136,4583558.317510954,1958.2603376628638,1396
5077,5,26,Sant Gervasi - Galvany,Sarrià-Sant Gervasi,428257.73167994636,4583904.58289256,2236.7425369482535,1484
5078,5,26,Sant Gervasi - Galvany,Sarrià-Sant Gervasi,428138.6888408517,4583782.821786091,2235.6004694663807,2121
5079,5,26,Sant Gervasi - Galvany,Sarrià-Sant Gervasi,428395.3229419204,4583721.915359851,2054.9457596553502,1220
5080,5,27,el Putxet i el Farró,Sarrià-Sant Gervasi,428614.4734554147,4583860.2001704145,1884.2547604587298,1336
5081,5,27,el Putxet i el Farró,Sarrià-Sant Gervasi,428806.66906549473,4583715.488104353,1656.428412456116,1582
5082,5,27,el Putxet i el Farró,Sarrià-Sant Gervasi,428906.26823079627,4583801.24874085,1590.0242676740154,1625
5083,5,27,el Putxet i el Farró,Sarrià-Sant Gervasi,428901.14812893927,4584073.2620769935,1710.741729319319,1310
5084,5,27,el Putxet i el Farró,Sarrià-Sant Gervasi,428743.5157240194,4584065.352294228,1846.0820443126538,1364
5085,5,27,el Putxet i el Farró,Sarrià-Sant Gervasi,428645.72656028206,4584009.7044601105,1910.5697153041617,1309
5086,5,27,el Putxet i el Farró,Sarrià-Sant Gervasi,428477.5872173572,4584011.047516039,2065.818831281504,1324
5087,5,27,el Putxet i el Farró,Sarrià-Sant Gervasi,428359.9606613911,4583965.11850525,2159.2254679995804,1592
5088,5,27,el Putxet i el Farró,Sarrià-Sant Gervasi,428490.71025957883,4584241.1976377275,2151.450302187208,1766
5089,5,27,el Putxet i el Farró,Sarrià-Sant Gervasi,428704.6471187451,4584262.5924606575,1976.0910530944925,1812
5090,5,27,el Putxet i el Farró,Sarrià-Sant Gervasi,428534.83875511563,4584417.311187068,2202.0772080628954,1855
5091,5,27,el Putxet i el Farró,Sarrià-Sant Gervasi,428510.5844995248,4584673.843626277,2369.242168695873,1575
5092,5,27,el Putxet i el Farró,Sarrià-Sant Gervasi,428297.51518052304,4584378.176547495,2386.5066910168416,1570
5093,5,27,el Putxet i el Farró,Sarrià-Sant Gervasi,428082.78506536747,4584224.708712033,2512.5064973764734,1097
5094,5,27,el Putxet i el Farró,Sarrià-Sant Gervasi,428008.4963998243,4584550.942145932,2723.0105505016677,2727
5095,5,27,el Putxet i el Farró,Sarrià-Sant Gervasi,428010.90306523413,4584923.940142408,2919.8902966132937,1680
5096,5,27,el Putxet i el Farró,Sarrià-Sant Gervasi,428097.87654798426,4584803.808322666,2779.8190564831093,1114
5097,5,27,el Putxet i el Farró,Sarrià-Sant Gervasi,428148.1112428497,4584564.555186409,2608.6442315268737,1620
5098,5,27,el Putxet i el Farró,Sarrià-Sant Gervasi,428256.10514903447,4584742.408624622,2614.8691034083527,1525
6001,6,28,Vallcarca i els Penitents,Gràcia,428780.27261867665,4584478.115115674,2036.1446622496053,1180
6002,6,28,Vallcarca i els Penitents,Gràcia,428870.10998356267,4584514.635348129,1989.170653674376,1497
6003,6,28,Vallcarca i els Penitents,Gràcia,428817.7355223845,4584785.966431335,2210.9017721242813,2288
6004,6,28,Vallcarca i els Penitents,Gràcia,428767.8934892748,4585020.388568108,2414.6544453134097,1370
6006,6,28,Vallcarca i els Penitents,Gràcia,428251.47181111656,4585171.29600136,2887.243052293556,1018
6007,6,28,Vallcarca i els Penitents,Gràcia,428254.77746449376,4584952.37063477,2742.481580198217,1993
6008,6,28,Vallcarca i els Penitents,Gràcia,428085.64104030805,4584988.517954499,2897.9531372527113,1960
6009,6,28,Vallcarca i els Penitents,Gràcia,427720.68758778094,4585734.975251173,3659.572965652601,1264
6010,6,28,Vallcarca i els Penitents,Gràcia,428080.1083835935,4585616.477635424,3320.092499130257,1024
6011,6,28,Vallcarca i els Penitents,Gràcia,428342.2029405664,4585671.073180208,3184.886747666801,1313
6012,6,28,Vallcarca i els Penitents,Gràcia,428452.1751725779,4585310.442432678,2841.895447632268,1175
6013,6,29,el Coll,Gràcia,428659.1323901768,4585176.176694217,2603.2144848473245,1782
6014,6,29,el Coll,Gràcia,428738.7965820119,4585419.6300096465,2740.912431910172,1415
6015,6,29,el Coll,Gràcia,428701.4905215364,4585661.673013967,2958.7951521131795,1438
6016,6,29,el Coll,Gràcia,428989.7233532915,4585621.025429005,2769.056907494576,1567
6017,6,29,el Coll,Gràcia,428950.48695606255,4585398.060045099,2600.757069714046,1409
6018,6,30,la Salut,Gràcia,429125.2531180885,4585031.34116785,2199.3903562369323,1302
6019,6,30,la Salut,Gràcia,428921.62114806165,4584636.816156272,2032.461093778198,1496
6020,6,30,la Salut,Gràcia,429040.82074648933,4584494.945246345,1848.381198875692,1181
6021,6,30,la Salut,Gràcia,429194.0430321765,4584601.426006095,1818.3204055879091,1357
6022,6,30,la Salut,Gràcia,429360.3630619847,4584874.647006799,1938.61621354117,1364
6023,6,30,la Salut,Gràcia,429594.1390041124,4585134.233251509,2061.717428783449,1282
6024,6,30,la Salut,Gràcia,429703.6190674067,4584931.065222133,1832.1582022533175,1682
6025,6,30,la Salut,Gràcia,429711.8673210734,4584781.082233416,1690.7424494827603,1418
6026,6,30,la Salut,Gràcia,429525.93430950405,4584679.467851024,1685.670160050475,1046
6027,6,30,la Salut,Gràcia,429381.3934049502,4584572.541930347,1677.6709989184956,1209
6028,6,31,la Vila de Gràcia,Gràcia,429438.82115852926,4584485.143262825,1573.3257924022362,1317
6029,6,31,la Vila de Gràcia,Gràcia,429635.2237197744,4584557.41606766,1525.1432741436083,1308
6030,6,31,la Vila de Gràcia,Gràcia,429747.52366899455,4584401.924594963,1334.589915211907,1318
6031,6,31,la Vila de Gràcia,Gràcia,429610.8539566007,4584311.8118893895,1331.6061715985084,1103
6032,6,31,la Vila de Gràcia,Gràcia,429531.7614160167,4584424.776187842,1469.4920561753468,1156
6033,6,31,la Vila de Gràcia,Gràcia,429464.6155769939,4584266.1235989835,1387.9093423707193,1270
6034,6,31,la Vila de Gràcia,Gràcia,429395.30694936315,4584125.728937246,1337.576585726634,1178
6035,6,31,la Vila de Gràcia,Gràcia,429277.4434353853,4584372.668704775,1593.6533695928922,1081
6036,6,31,la Vila de Gràcia,Gràcia,429203.48860243894,4584259.366034399,1569.8667657943374,1418
6037,6,31,la Vila de Gràcia,Gràcia,429024.37845163397,4584251.708201252,1704.807090132514,1104
6038,6,31,la Vila de Gràcia,Gràcia,429139.6104786569,4584086.626733345,1515.0886273036083,1490
6039,6,31,la Vila de Gràcia,Gràcia,429240.6717176761,4583929.564631082,1345.064476576773,1566
6040,6,31,la Vila de Gràcia,Gràcia,429040.3388423456,4583945.306079871,1527.2521349837573,1664
6041,6,31,la Vila de Gràcia,Gràcia,429102.0596821038,4583697.270771959,1370.2684168735516,1743
6042,6,31,la Vila de Gràcia,Gràcia,429241.6849277858,4583501.105181655,1180.4228368605757,1681
6043,6,31,la Vila de Gràcia,Gràcia,429373.35992411245,4583363.671982173,1026.2330616258319,1285
6044,6,31,la Vila de Gràcia,Gràcia,429501.4084989023,4583181.314499029,891.2987990659593,1590
6045,6,31,la Vila de Gràcia,Gràcia,429727.34098917036,4583289.168920709,666.2629712449051,1274
6046,6,31,la Vila de Gràcia,Gràcia,429713.5777895248,4583517.724578391,735.0931876910828,1133
6047,6,31,la Vila de Gràcia,Gràcia,429653.09546486737,4583484.663128235,779.9008747194578,1208
6048,6,31,la Vila de Gràcia,Gràcia,429534.8204019441,4583453.073103348,884.2647471335226,1390
6049,6,31,la Vila de Gràcia,Gràcia,429378.30900173256,4583611.480633597,1081.3703841874767,1102
6050,6,31,la Vila de Gràcia,Gràcia,429487.4322841194,4583696.448684008,1015.7620059991697,1295
6051,6,31,la Vila de Gràcia,Gràcia,429325.0198290376,4583799.673093999,1207.5146244526425,1201
6052,6,31,la Vila de Gràcia,Gràcia,429489.8108515412,4583996.767971405,1181.5833700432274,1482
6053,6,31,la Vila de Gràcia,Gràcia,429604.80693099287,4583926.026409953,1048.3160592271067,1497
6054,6,31,la Vila de Gràcia,Gràcia,429682.31721328385,4583801.295846527,908.6782024848255,1591
6055,6,31,la Vila de Gràcia,Gràcia,429762.20448295085,4583700.120952578,783.5947328983557,1388
6056,6,31,la Vila de Gràcia,Gràcia,429906.1959050052,4583598.872846351,607.6473223718034,1576
6057,6,31,la Vila de Gràcia,Gràcia,429868.1717625023,4583460.296763973,570.3675732840875,1536
6058,6,31,la Vila de Gràcia,Gràcia,430079.2477108983,4583584.177103023,469.86362487772936,1677
6059,6,31,la Vila de Gràcia,Gràcia,429954.18823124893,4583780.703878037,700.830449623622,1491
6060,6,31,la Vila de Gràcia,Gràcia,429835.3165324043,4583986.589046058,936.580295148709,1719
6061,6,31,la Vila de Gràcia,Gràcia,429684.5693428224,4584134.13618613,1145.298788590571,1280
6062,6,31,la Vila de Gràcia,Gràcia,429798.89591536415,4584251.214625009,1178.1161267918412,1258
6063,6,31,la Vila de Gràcia,Gràcia,429938.20197865536,4584132.637665234,1007.4134038100774,1482
6064,6,32,el Camp d'en Grassot i Gràcia Nova,Gràcia,430076.1642271211,4583851.721603273,694.4701074268605,1906
6065,6,32,el Camp d'en Grassot i Gràcia Nova,Gràcia,430127.7981841417,4583988.608508068,800.3717816735481,1127
6066,6,32,el Camp d'en Grassot i Gràcia Nova,Gràcia,430228.16185682797,4584078.115236078,860.8709946353615,979
6067,6,32,el Camp d'en Grassot i Gràcia Nova,Gràcia,430274.92782800534,4583935.484083944,712.2147652616057,1748
6068,6,32,el Camp d'en Grassot i Gràcia Nova,Gràcia,430274.1892334748,4583748.299247177,528.5895963524952,1572
6069,6,32,el Camp d'en Grassot i Gràcia Nova,Gràcia,430407.27799845324,4583693.514978762,460.96757276054,1043
6070,6,32,el Camp d'en Grassot i Gràcia Nova,Gràcia,430463.06285282463,4583841.062747977,612.4640019750422,1867
6071,6,32,el Camp d'en Grassot i Gràcia Nova,Gràcia,430511.08383808495,4583982.49101664,759.1861942497353,1064
6072,6,32,el Camp d'en Grassot i Gràcia Nova,Gràcia,430651.7045624893,4583933.3340952955,747.3709518630222,1622
6073,6,32,el Camp d'en Grassot i Gràcia Nova,Gràcia,430606.2959631564,4584075.765229512,869.9443441219224,1327
6074,6,32,el Camp d'en Grassot i Gràcia Nova,Gràcia,430513.8372953436,4584170.739172442,945.8934165821535,1105
6075,6,32,el Camp d'en Grassot i Gràcia Nova,Gràcia,430428.17074399587,4584256.905977553,1024.7452065391153,1053
6076,6,32,el Camp d'en Grassot i Gràcia Nova,Gràcia,430375.4778804342,4584120.587502585,887.8997462517696,1316
6077,6,32,el Camp d'en Grassot i Gràcia Nova,Gràcia,430275.2478552359,4584252.977874525,1026.7210908301392,1170
6078,6,32,el Camp d'en Grassot i Gràcia Nova,Gràcia,430272.19445927994,4584394.643618247,1167.897124785517,1276
6079,6,32,el Camp d'en Grassot i Gràcia Nova,Gràcia,430184.6832700173,4584510.574489832,1294.3316115470632,1111
6080,6,32,el Camp d'en Grassot i Gràcia Nova,Gràcia,430157.07299278677,4584327.918405456,1119.8429437700806,1148
6081,6,32,el Camp d'en Grassot i Gràcia Nova,Gràcia,430099.37709127006,4584176.60148565,987.8666731165835,1299
6082,6,32,el Camp d'en Grassot i Gràcia Nova,Gràcia,429969.7965292465,4584302.281435963,1149.4902372512747,2859
6083,6,32,el Camp d'en Grassot i Gràcia Nova,Gràcia,430037.9439387072,4584414.785701273,1233.6238913364873,1652
6084,6,32,el Camp d'en Grassot i Gràcia Nova,Gràcia,429881.02064691763,4584528.634896721,1392.6299520429316,1460
6085,6,32,el Camp d'en Grassot i Gràcia Nova,Gràcia,429828.83060614223,4584629.468754619,1505.6182779448034,1275
6086,6,32,el Camp d'en Grassot i Gràcia Nova,Gràcia,429767.9860945285,4584709.364310519,1602.6786811777142,967
6087,6,32,el Camp d'en Grassot i Gràcia Nova,Gràcia,429981.4385101717,4584746.825653398,1568.473742698952,1836
6088,6,32,el Camp d'en Grassot i Gràcia Nova,Gràcia,430044.22151389066,4584552.738572818,1364.7607937931677,1251
7001,7,33,el Baix Guinardó,Horta-Guinardó,430233.65889103565,4584679.279509927,1455.0081702356888,1551
7002,7,33,el Baix Guinardó,Horta-Guinardó,430394.7349707142,4584499.996719872,1267.174328887256,1123
7003,7,33,el Baix Guinardó,Horta-Guinardó,430534.98222544446,4584352.356880267,1128.7226629229829,1307
7004,7,33,el Baix Guinardó,Horta-Guinardó,430685.11526376917,4584487.160668586,1288.3043846273792,1535
7005,7,33,el Baix Guinardó,Horta-Guinardó,430633.8980417602,4584641.11711246,1429.0465834066154,1461
7006,7,33,el Baix Guinardó,Horta-Guinardó,430504.7974119253,4584589.698020593,1361.6161836030162,955
7007,7,33,el Baix Guinardó,Horta-Guinardó,430352.95990571246,4584765.003680092,1532.6539669835236,1368
7008,7,33,el Baix Guinardó,Horta-Guinardó,430497.4067214592,4584791.623148505,1562.4086344399361,1394
7009,7,33,el Baix Guinardó,Horta-Guinardó,430649.0269756699,4584810.178352639,1598.2810064901503,1232
7010,7,33,el Baix Guinardó,Horta-Guinardó,430775.803801567,4584678.187870718,1495.6516683479645,1309
7011,7,33,el Baix Guinardó,Horta-Guinardó,430892.7170567918,4584743.6889082305,1556.80645198799,1138
7012,7,33,el Baix Guinardó,Horta-Guinardó,430765.4827993392,4584874.66819999,1683.9584838030603,1535
7013,7,33,el Baix Guinardó,Horta-Guinardó,430608.28428645927,4584923.206446349,1704.2592987987616,1198
7014,7,33,el Baix Guinardó,Horta-Guinardó,430618.2267221015,4585025.759067016,1807.2458670038827,868
7015,7,33,el Baix Guinardó,Horta-Guinardó,430524.0454736926,4585143.720306308,1915.5039718736791,1382
7016,7,33,el Baix Guinardó,Horta-Guinardó,430339.0846751793,4584998.182100394,1766.124427485069,1367
7017,7,33,el Baix Guinardó,Horta-Guinardó,430099.44724087504,4584901.6930436855,1694.1790990906554,1706
7018,7,33,el Baix Guinardó,Horta-Guinardó,430105.2033770015,4584770.156875797,1563.7091679129892,1664
7019,7,33,el Baix Guinardó,Horta-Guinardó,430041.17221266875,4585025.900518995,1826.9218206774428,1498
7020,7,34,Can Baró,Horta-Guinardó,430084.64077495463,4585140.553609856,1932.2031566347403,1695
7021,7,34,Can Baró,Horta-Guinardó,429618.2194229871,4585277.186947205,2185.6194634530852,1066
7022,7,34,Can Baró,Horta-Guinardó,429827.0374973822,4585202.054503162,2048.4518328356294,1166
7023,7,34,Can Baró,Horta-Guinardó,429823.4896845541,4585388.795947691,2229.46535080382,1303
7024,7,34,Can Baró,Horta-Guinardó,429927.10622633377,4585279.572105219,2098.7052301535055,1478
7025,7,34,Can Baró,Horta-Guinardó,430111.70989443373,4585275.166287819,2061.376513187157,1444
7026,7,34,Can Baró,Horta-Guinardó,430169.2444467589,4585487.156906172,2265.23158027704,1119
7027,7,35,el Guinardó,Horta-Guinardó,430519.0079033678,4585342.052853449,2113.093217745658,2116
7028,7,35,el Guinardó,Horta-Guinardó,430486.62377582776,4585709.313625083,2478.3234286915763,1475
7029,7,35,el Guinardó,Horta-Guinardó,430749.8493349903,4585695.849919801,2488.99525544374,1313
7030,7,35,el Guinardó,Horta-Guinardó,430826.8170246596,4585853.405168649,2656.534488656203,1365
7031,7,35,el Guinardó,Horta-Guinardó,430983.18835592625,4585769.2814504085,2578.1690086273265,1558
7032,7,35,el Guinardó,Horta-Guinardó,430953.7593266436,4585622.998135743,2432.385860206999,1436
7033,7,35,el Guinardó,Horta-Guinardó,431113.5974755369,4585752.893203579,2563.7780276354947,1423
7034,7,35,el Guinardó,Horta-Guinardó,431291.3693923872,4585546.117049727,2371.7236500093704,1799
7035,7,35,el Guinardó,Horta-Guinardó,431435.7975638415,4585367.533275946,2217.714675121415,1734
7036,7,35,el Guinardó,Horta-Guinardó,431225.2110820003,4585411.575360609,2230.818906066229,1405
7037,7,35,el Guinardó,Horta-Guinardó,431005.0878807736,4585528.878527047,2337.638818716576,1479
7038,7,35,el Guinardó,Horta-Guinardó,430804.08743775904,4585285.163575488,2093.4531087550304,1270
7039,7,35,el Guinardó,Horta-Guinardó,431037.15434614074,4585034.512114106,1843.4814366500614,1605
7040,7,35,el Guinardó,Horta-Guinardó,431120.02373941935,4585286.984328137,2098.6713775145645,1487
7041,7,35,el Guinardó,Horta-Guinardó,431337.50403485703,4585239.6939279325,2074.5988433951684,1375
7042,7,35,el Guinardó,Horta-Guinardó,431442.9545719687,4585672.899304561,2519.2846211214237,1513
7043,7,35,el Guinardó,Horta-Guinardó,431331.28411814326,4585807.702325928,2636.213649784198,1409
7044,7,35,el Guinardó,Horta-Guinardó,431272.88833565894,4586030.883195802,2851.860436453489,1282
7045,7,35,el Guinardó,Horta-Guinardó,431184.3561168652,4585920.36951504,2734.743870482776,1568
7046,7,35,el Guinardó,Horta-Guinardó,431122.81154989003,4586055.310943991,2866.3217794117245,1394
7047,7,35,el Guinardó,Horta-Guinardó,431084.88559718325,4586215.280675907,3024.98541902064,1435
7048,7,35,el Guinardó,Horta-Guinardó,430979.47693817865,4586336.7932444755,3145.6900341318506,1341
7049,7,35,el Guinardó,Horta-Guinardó,430912.00774462556,4586230.380246587,3040.6894125985527,1200
7050,7,35,el Guinardó,Horta-Guinardó,430992.1074182166,4586031.246908448,2840.054845783579,1190
7051,7,35,el Guinardó,Horta-Guinardó,430848.4774402679,4586048.667639335,2852.725654497048,1822
7052,7,36,la Font d'en Fargues,Horta-Guinardó,430700.6840342606,4586209.934392172,2993.1482356414954,1254
7053,7,36,la Font d'en Fargues,Horta-Guinardó,430557.25059005024,4586401.877535195,3173.396692007918,1480
7054,7,36,la Font d'en Fargues,Horta-Guinardó,430366.00160038867,4586226.766044158,2994.044956985997,1632
7055,7,36,la Font d'en Fargues,Horta-Guinardó,430137.15428779606,4586350.406357196,3127.9142315761983,1206
7056,7,36,la Font d'en Fargues,Horta-Guinardó,430101.1203679969,4586027.908868454,2810.0956293933414,1181
7057,7,36,la Font d'en Fargues,Horta-Guinardó,429908.7106009521,4586351.676714673,3155.9522661555275,1426
7058,7,36,la Font d'en Fargues,Horta-Guinardó,429779.64361819153,4586074.00319626,2906.2524301531453,1348
7059,7,37,el Carmel,Horta-Guinardó,429822.9792468739,4585840.323545092,2668.6947133252775,1300
7060,7,37,el Carmel,Horta-Guinardó,429859.937883266,4585660.438324399,2485.0660761480135,1872
7061,7,37,el Carmel,Horta-Guinardó,429307.0075472862,4585554.199457214,2562.0850780837477,1204
7062,7,37,el Carmel,Horta-Guinardó,429081.1327747592,4585872.447448472,2946.848578920226,1367
7063,7,37,el Carmel,Horta-Guinardó,429309.8287391934,4585939.685843236,2914.873046904481,1459
7064,7,37,el Carmel,Horta-Guinardó,429453.80484753504,4585755.189294399,2690.9203943055018,1698
7065,7,37,el Carmel,Horta-Guinardó,429469.9175279422,4585887.405555059,2809.907367855243,1708
7066,7,37,el Carmel,Horta-Guinardó,429570.2334536241,4585867.499226479,2759.6215387540988,1743
7067,7,37,el Carmel,Horta-Guinardó,429637.40375286277,4585890.850851239,2762.847162587166,1560
7068,7,37,el Carmel,Horta-Guinardó,429502.97508577787,4586052.600865764,2956.365610926484,1314
7069,7,37,el Carmel,Horta-Guinardó,429381.1375673997,4586049.236010925,2992.059418463555,1440
7070,7,37,el Carmel,Horta-Guinardó,429587.6593354635,4586177.245437074,3052.0982914140795,1437
7071,7,37,el Carmel,Horta-Guinardó,429587.1466158433,4586479.096836135,3344.367801980359,1339
7072,7,37,el Carmel,Horta-Guinardó,429478.5692160114,4586612.079641756,3500.324754142422,1372
7073,7,37,el Carmel,Horta-Guinardó,429258.40329354,4586461.011150072,3421.175101400121,1137
7074,7,37,el Carmel,Horta-Guinardó,429413.61105318856,4586403.547431908,3318.008530421955,1659
7075,7,37,el Carmel,Horta-Guinardó,429506.0002582982,4586329.010928204,3220.2426487102675,1194
7076,7,37,el Carmel,Horta-Guinardó,429380.82767548325,4586197.64102518,3132.252878818843,1404
7077,7,37,el Carmel,Horta-Guinardó,429176.1804085028,4586027.52492537,3047.4005314190176,1314
7078,7,37,el Carmel,Horta-Guinardó,429106.009060085,4586068.8476158725,3113.642884195937,1381
7079,7,37,el Carmel,Horta-Guinardó,429270.3843892163,4586232.134287705,3201.8915246498595,1437
7080,7,37,el Carmel,Horta-Guinardó,429202.9786686414,4586313.150059946,3301.5602207688457,1780
7081,7,38,la Teixonera,Horta-Guinardó,428963.27132555685,4586264.723726613,3351.3320130287293,1915
7082,7,38,la Teixonera,Horta-Guinardó,429023.7400897111,4586106.055440743,3182.048782734719,1233
7083,7,38,la Teixonera,Horta-Guinardó,428931.48542725155,4585948.957511384,3083.5338610837143,1343
7084,7,38,la Teixonera,Horta-Guinardó,428542.04787163506,4585897.336772735,3243.306805123053,1361
7085,7,38,la Teixonera,Horta-Guinardó,428823.4703709365,4586059.615174718,3232.423358600833,1275
7086,7,38,la Teixonera,Horta-Guinardó,428599.52589334775,4585954.285816211,3258.296374506105,1487
7087,7,38,la Teixonera,Horta-Guinardó,428525.35795580485,4586009.278835265,3345.162919553084,1600
7088,7,38,la Teixonera,Horta-Guinardó,428458.22705514584,4586126.712564125,3480.0896503519225,1704
7089,7,39,Sant Genís dels Agudells,Horta-Guinardó,428134.4094511907,4586042.680135008,3603.949983613166,1373
7090,7,39,Sant Genís dels Agudells,Horta-Guinardó,427170.0224360372,4586350.634704715,4482.947752203264,1465
7091,7,39,Sant Genís dels Agudells,Horta-Guinardó,427795.7210000702,4586629.06074049,4274.459454393445,1241
7092,7,39,Sant Genís dels Agudells,Horta-Guinardó,428052.8159349394,4586281.7705261735,3842.4180723481,1479
7093,7,39,Sant Genís dels Agudells,Horta-Guinardó,427987.7214469239,4586516.513350399,4069.322711297906,1704
7094,7,40,Montbau,Horta-Guinardó,428282.5789991047,4586677.387947823,4038.731780087186,1224
7095,7,40,Montbau,Horta-Guinardó,428263.1505826963,4586980.189458285,4309.453790451382,1500
7096,7,40,Montbau,Horta-Guinardó,428492.9580840498,4587189.238463498,4388.231780308718,1421
7097,7,40,Montbau,Horta-Guinardó,427878.28208039433,4587585.516098864,5026.006787216017,869
7098,7,41,la Vall d'Hebron,Horta-Guinardó,429012.0492959348,4587386.487999125,4376.64280537257,2141
7099,7,41,la Vall d'Hebron,Horta-Guinardó,428888.47522710386,4587140.17588768,4186.359684493586,1033
7100,7,41,la Vall d'Hebron,Horta-Guinardó,428972.1139186007,4587088.540843051,4108.574203862911,1190
7101,7,41,la Vall d'Hebron,Horta-Guinardó,428736.5396977753,4586623.273961162,3772.676402007373,1505
7102,7,42,la Clota,Horta-Guinardó,429235.7765222769,4586712.990275912,3666.957632940951,669
7103,7,43,Horta,Horta-Guinardó,428874.49536425644,4588298.071356395,5287.451515866161,1509
7104,7,43,Horta,Horta-Guinardó,429948.55043881235,4587738.41067736,4527.276874972732,1565
7105,7,43,Horta,Horta-Guinardó,430039.52470883896,4587499.147501348,4280.791524920642,1031
7106,7,43,Horta,Horta-Guinardó,430020.7399481937,4587242.952392971,4027.2021382516873,1167
7107,7,43,Horta,Horta-Guinardó,429867.8200584124,4587324.3912398415,4124.904911851766,1170
7108,7,43,Horta,Horta-Guinardó,429780.4242195716,4587543.638174481,4353.867132508138,1240
7109,7,43,Horta,Horta-Guinardó,429571.94413382217,4587602.060245256,4445.380247466255,1672
7110,7,43,Horta,Horta-Guinardó,429641.6835620445,4587320.258267964,4155.5857828778935,1027
7111,7,43,Horta,Horta-Guinardó,429416.9481665399,4587390.67758083,4270.470680566201,883
7112,7,43,Horta,Horta-Guinardó,429377.3694762561,4587087.98073,3986.238315267685,1292
7113,7,43,Horta,Horta-Guinardó,429506.7389475016,4587136.966973812,4003.0749478421208,1167
7114,7,43,Horta,Horta-Guinardó,429628.28458922234,4586981.666646215,3825.6846717354147,1183
7115,7,43,Horta,Horta-Guinardó,429787.3741879972,4587075.404617374,3889.7335823158437,1069
7116,7,43,Horta,Horta-Guinardó,429961.4560885048,4587055.8138460945,3847.0665671415895,1485
7117,7,43,Horta,Horta-Guinardó,429991.1806207383,4586909.947265345,3698.8161496009106,2786
7118,7,43,Horta,Horta-Guinardó,429715.07701577584,4586847.430301549,3677.298050305931,1231
7119,7,43,Horta,Horta-Guinardó,429720.1675473649,4586703.965489195,3535.407826219259,1300
7120,7,43,Horta,Horta-Guinardó,429786.4401121324,4586521.713775936,3344.0290169977006,1233
7121,7,43,Horta,Horta-Guinardó,429872.1055104163,4586727.173844799,3532.695171852573,1151
7122,7,43,Horta,Horta-Guinardó,430036.58922943985,4586668.414550595,3453.8415021249252,1293
7123,7,43,Horta,Horta-Guinardó,430162.2074568773,4586819.939277437,3594.4148497846118,1421
8001,8,44,Vilapicina i la Torre Llobeta,Nou Barris,430334.8106938312,4586835.50056805,3603.114845983024,1271
8002,8,44,Vilapicina i la Torre Llobeta,Nou Barris,430277.75846255553,4586659.060858675,3428.111656100625,1251
8003,8,44,Vilapicina i la Torre Llobeta,Nou Barris,430421.0696613132,4586653.681458775,3420.984436368069,1192
8004,8,44,Vilapicina i la Torre Llobeta,Nou Barris,430496.8607548868,4586802.978121878,3571.713536864801,1455
8005,8,44,Vilapicina i la Torre Llobeta,Nou Barris,430657.271854265,4586786.527543912,3563.6456834009728,1137
8006,8,44,Vilapicina i la Torre Llobeta,Nou Barris,430584.9942249255,4586623.940878204,3396.6455391117424,1648
8007,8,44,Vilapicina i la Torre Llobeta,Nou Barris,430775.6978687003,4586716.043800927,3504.3719217951266,1145
8008,8,44,Vilapicina i la Torre Llobeta,Nou Barris,430748.73006915115,4586539.280913197,3325.7256263188956,1632
8009,8,44,Vilapicina i la Torre Llobeta,Nou Barris,430995.1842664622,4586449.880516177,3258.667229165364,1785
8010,8,44,Vilapicina i la Torre Llobeta,Nou Barris,430873.4747067,4586704.01969243,3504.5326173838507,1085
8011,8,44,Vilapicina i la Torre Llobeta,Nou Barris,430969.9653366315,4586720.3129625395,3529.2873476160416,1166
8012,8,44,Vilapicina i la Torre Llobeta,Nou Barris,431152.32949265075,4586496.132490296,3307.988896373055,1299
8013,8,44,Vilapicina i la Torre Llobeta,Nou Barris,431074.8609767534,4586711.456389818,3520.82621241249,1169
8014,8,44,Vilapicina i la Torre Llobeta,Nou Barris,431185.3568894072,4586747.2950422065,3560.414284098229,1253
8015,8,44,Vilapicina i la Torre Llobeta,Nou Barris,431370.37114532193,4586676.33074462,3503.7563756831532,1372
8016,8,44,Vilapicina i la Torre Llobeta,Nou Barris,431408.58529424656,4586802.149617883,3632.930746854597,1136
8017,8,44,Vilapicina i la Torre Llobeta,Nou Barris,431573.10363551416,4586652.777315742,3507.1713899325005,1354
8018,8,44,Vilapicina i la Torre Llobeta,Nou Barris,431772.0415100465,4586610.587176887,3503.4129035713468,1490
8019,8,44,Vilapicina i la Torre Llobeta,Nou Barris,431687.75339970004,4586754.030133899,3626.836109402858,1827
8020,8,45,Porta,Nou Barris,431575.3202087115,4586909.436837162,3761.050595263511,1347
8021,8,45,Porta,Nou Barris,431467.8826280109,4586994.072664033,3830.3966529781133,1443
8022,8,45,Porta,Nou Barris,431296.13863164134,4587095.73841753,3915.027402153016,1200
8023,8,45,Porta,Nou Barris,431338.10121620627,4586940.456520962,3763.615660189514,1384
8024,8,45,Porta,Nou Barris,431152.3373596461,4586919.948034623,3731.4527021019417,1343
8025,8,45,Porta,Nou Barris,431123.2704186662,4587025.454673128,3835.9090878341262,1219
8026,8,45,Porta,Nou Barris,431135.31901654095,4587188.750539279,3999.4975613943598,1341
8027,8,45,Porta,Nou Barris,431351.9614241225,4587505.120336118,4327.476020181141,1405
8028,8,45,Porta,Nou Barris,431368.5632107409,4587278.423224247,4102.951523744215,1066
8029,8,45,Porta,Nou Barris,431669.3710896934,4587429.2038970785,4289.07797596881,1484
8030,8,45,Porta,Nou Barris,431514.8451735661,4587742.331632099,4579.096365437587,1442
8031,8,45,Porta,Nou Barris,431300.2570888087,4587755.347688993,4573.378090212229,1260
8032,8,45,Porta,Nou Barris,431203.1555849445,4587626.570598751,4439.567903907402,1264
8033,8,45,Porta,Nou Barris,431071.5279070959,4587670.089944988,4479.280914518563,1481
8034,8,45,Porta,Nou Barris,430977.2523593197,4587532.594167664,4339.519818321109,1234
8035,8,45,Porta,Nou Barris,431102.30882270535,4587432.476968975,4242.256503207269,4462
8036,8,45,Porta,Nou Barris,430986.241771486,4587394.303406917,4203.122632790625,1507
8037,8,45,Porta,Nou Barris,430950.6568814319,4587268.8258791575,4074.5867541402254,1515
8038,8,46,el Turó de la Peira,Nou Barris,430915.00729490776,4587083.334265831,3885.969620920996,1615
8039,8,46,el Turó de la Peira,Nou Barris,430772.0315676696,4587312.333052865,4097.241363846819,1532
8040,8,46,el Turó de la Peira,Nou Barris,430716.37314397114,4587180.760770101,3961.30093746858,1886
8041,8,46,el Turó de la Peira,Nou Barris,430608.8063510372,4587111.4719957635,3884.743210470641,2496
8042,8,46,el Turó de la Peira,Nou Barris,430840.43579708505,4586979.672447073,3773.6780300212145,1226
8043,8,46,el Turó de la Peira,Nou Barris,430727.617023369,4586918.490446182,3700.983341398821,1126
8044,8,46,el Turó de la Peira,Nou Barris,430570.5504317487,4586980.972899382,3752.433337388917,1330
8045,8,46,el Turó de la Peira,Nou Barris,430469.033700253,4586928.6160362,3696.6078976850536,1736
8046,8,46,el Turó de la Peira,Nou Barris,430223.4128138889,4586971.699126268,3742.635586469845,1448
8047,8,46,el Turó de la Peira,Nou Barris,430306.5796265515,4587121.475034964,3889.568739400355,1630
8048,8,47,Can Peguera,Nou Barris,430467.4189000245,4587314.188142577,4082.072170711538,971
8049,8,47,Can Peguera,Nou Barris,430260.8181069312,4587412.983103837,4182.189230553117,1216
8050,8,48,la Guineueta,Nou Barris,430652.96836417215,4587424.620364559,4199.957482974933,1380
8051,8,48,la Guineueta,Nou Barris,430218.7110030772,4587702.975672037,4473.4757388031985,1339
8052,8,48,la Guineueta,Nou Barris,430348.59622230247,4587754.733056876,4522.106642626037,887
8053,8,48,la Guineueta,Nou Barris,430439.096676104,4587745.544918851,4512.971634083207,1118
8054,8,48,la Guineueta,Nou Barris,430612.70312658703,4587726.940890545,4499.568102407761,1592
8055,8,48,la Guineueta,Nou Barris,430879.6134607821,4587716.220237819,4509.9160892461305,1797
8056,8,48,la Guineueta,Nou Barris,430699.86796856637,4587889.629825019,4667.0199427032185,1481
8057,8,48,la Guineueta,Nou Barris,430825.52280838985,4588021.808751164,4808.634393986512,1305
8058,8,48,la Guineueta,Nou Barris,430497.8178978815,4588013.57014991,4781.931211155995,1612
8059,8,48,la Guineueta,Nou Barris,430232.2605126175,4587949.711102551,4719.56145962595,992
8060,8,49,Canyelles,Nou Barris,430133.4981270998,4588073.520693493,4847.549075964934,1175
8061,8,49,Canyelles,Nou Barris,430071.0662665031,4588251.234861647,5028.609301816554,1635
8062,8,49,Canyelles,Nou Barris,430346.44901654025,4588231.092898893,4998.466112675291,1122
8063,8,49,Canyelles,Nou Barris,430570.51770896744,4588266.772716133,5037.137610166043,1055
8064,8,49,Canyelles,Nou Barris,430068.32987390767,4588609.315675316,5386.175259983643,1800
8065,8,50,les Roquetes,Nou Barris,430761.35729438,4588802.340489885,5581.7990801211345,1763
8066,8,50,les Roquetes,Nou Barris,431169.4104171862,4589014.114313023,5825.07577264194,1564
8067,8,50,les Roquetes,Nou Barris,431454.4113365052,4589066.132727079,5891.7379104184865,1808
8068,8,50,les Roquetes,Nou Barris,431152.93488759757,4588780.653753543,5591.2593502578075,1865
8069,8,50,les Roquetes,Nou Barris,431007.0090060481,4588736.01793893,5537.536161113857,1540
8070,8,50,les Roquetes,Nou Barris,431061.5894066922,4588650.330555721,5458.822250938823,1477
8071,8,50,les Roquetes,Nou Barris,431019.55742908403,4588578.031097875,5382.008458574762,1715
8072,8,50,les Roquetes,Nou Barris,430817.3992069391,4588575.108897672,5359.254037625507,1186
8073,8,50,les Roquetes,Nou Barris,430934.11890662485,4588446.279666443,5241.643620187704,1725
8074,8,50,les Roquetes,Nou Barris,431318.8099918376,4588609.660507323,5427.257964940987,1513
8075,8,51,Verdun,Nou Barris,431338.7309361214,4588448.753352393,5267.829707758263,1876
8076,8,51,Verdun,Nou Barris,431248.6352250804,4588221.647326079,5036.101051154273,1585
8077,8,51,Verdun,Nou Barris,431152.1784478027,4588370.278661452,5181.00976628525,1407
8078,8,51,Verdun,Nou Barris,430945.6626824221,4588283.0244624885,5080.54142381168,1536
8079,8,51,Verdun,Nou Barris,430980.330000225,4588117.321903261,4919.892415486605,1420
8080,8,51,Verdun,Nou Barris,431077.42578369984,4588140.440486683,4949.668023834513,1518
8081,8,51,Verdun,Nou Barris,431093.5543540973,4588021.055069818,4830.549107862399,1626
8082,8,51,Verdun,Nou Barris,431140.33964083955,4587963.04933715,4773.608860133255,1590
8083,8,52,la Prosperitat,Nou Barris,431201.7006045772,4587836.105004903,4648.850696567149,1282
8084,8,52,la Prosperitat,Nou Barris,431443.5606705191,4587873.8573691035,4702.720426753813,1087
8085,8,52,la Prosperitat,Nou Barris,431381.9138906231,4587946.56632101,4769.910206659745,1504
8086,8,52,la Prosperitat,Nou Barris,431290.1516839723,4588009.748484822,4826.691343063016,1642
8087,8,52,la Prosperitat,Nou Barris,431399.44203371217,4588176.27993881,5000.291119589604,1204
8088,8,52,la Prosperitat,Nou Barris,431473.78957752953,4588292.932342711,5122.803212789198,1249
8089,8,52,la Prosperitat,Nou Barris,431507.6876479708,4588405.055725213,5237.592089505882,1217
8090,8,52,la Prosperitat,Nou Barris,431634.8751466999,4588264.765051194,5111.960838930744,1204
8091,8,52,la Prosperitat,Nou Barris,431538.23359455075,4588112.688956516,4949.802753959409,1168
8092,8,52,la Prosperitat,Nou Barris,431651.81381010433,4587928.414909875,4780.564818566494,993
8093,8,52,la Prosperitat,Nou Barris,431680.74834348535,4588127.739073471,4981.969759138866,1250
8094,8,52,la Prosperitat,Nou Barris,431814.8356655793,4588128.750621272,5002.808535461355,1414
8095,8,52,la Prosperitat,Nou Barris,431910.2564034189,4588031.741241555,4923.656829265479,1087
8096,8,52,la Prosperitat,Nou Barris,431961.5849772771,4588303.75160457,5200.466912683198,1523
8097,8,52,la Prosperitat,Nou Barris,432018.79249278095,4588549.11963231,5452.173718987152,1317
8098,8,52,la Prosperitat,Nou Barris,431881.9974209814,4588513.2342123715,5393.0913182703935,1267
8099,8,52,la Prosperitat,Nou Barris,431817.74823572754,4588340.580039978,5212.435633784637,1422
8100,8,52,la Prosperitat,Nou Barris,431764.09023515694,4588417.336015939,5280.337689783702,1269
8101,8,52,la Prosperitat,Nou Barris,431763.6676441107,4588588.838365555,5450.07483201663,1680
8102,8,52,la Prosperitat,Nou Barris,431593.20868582797,4588500.488026085,5341.272658725062,1567
8103,8,53,la Trinitat Nova,Nou Barris,431609.2655427377,4588850.593156333,5691.0779906905445,1653
8104,8,53,la Trinitat Nova,Nou Barris,431814.33235685393,4588756.539805517,5623.240097345101,1234
8105,8,53,la Trinitat Nova,Nou Barris,432057.03944614896,4588829.620774991,5734.924032177157,1426
8106,8,53,la Trinitat Nova,Nou Barris,432174.30790613353,4589133.894468057,6055.796767331098,1236
8107,8,53,la Trinitat Nova,Nou Barris,431948.0969661391,4589274.7681006165,6155.556701668187,1872
8108,8,54,Torre Baró,Nou Barris,431603.70031175396,4589750.86527836,6586.510456581894,1929
8109,8,54,Torre Baró,Nou Barris,430735.53070387285,4589488.293928585,6264.9353300426155,979
8110,8,55,Ciutat Meridiana,Nou Barris,430736.5067634423,4590184.942174668,6960.684327675329,1990
8111,8,55,Ciutat Meridiana,Nou Barris,431024.9109946379,4590152.627995199,6948.755970138225,1659
8112,8,55,Ciutat Meridiana,Nou Barris,431362.85924293264,4590227.447277609,7045.088405280001,1699
8113,8,55,Ciutat Meridiana,Nou Barris,431184.8415596615,4590261.387172626,7072.326296882659,1790
8114,8,55,Ciutat Meridiana,Nou Barris,431212.51880150934,4590491.463207594,7303.0518562547495,1963
8115,8,55,Ciutat Meridiana,Nou Barris,431401.54131278716,4590420.026352399,7239.4246074150415,1707
8116,8,56,Vallbona,Nou Barris,431862.7154701571,4590528.561109563,7386.798445445395,1420
8215,8,48,la Guineueta,Nou Barris,430688.14931708324,4587563.6231787205,4340.963223227269,1553
9001,9,57,la Trinitat Vella,Sant Andreu,432396.5222958232,4589641.791228063,6598.0561503572835,2739
9002,9,57,la Trinitat Vella,Sant Andreu,432541.0753778075,4589240.655689819,6240.365163511458,2158
9003,9,57,la Trinitat Vella,Sant Andreu,432368.6053407267,4589246.802458076,6206.278315775998,2176
9004,9,57,la Trinitat Vella,Sant Andreu,432450.8187904597,4589072.018312138,6054.906859334081,1663
9005,9,57,la Trinitat Vella,Sant Andreu,432708.0217151209,4589000.02793868,6052.116379437176,1622
9006,9,58,Baró de Viver,Sant Andreu,433181.55893465935,4588786.453474238,6002.141046015912,1275
9007,9,58,Baró de Viver,Sant Andreu,433068.54157719895,4588504.262629902,5698.177764027121,1328
9008,9,59,el Bon Pastor,Sant Andreu,432918.13263507886,4587864.400306538,5048.026905700343,1869
9009,9,59,el Bon Pastor,Sant Andreu,433385.14019646315,4588034.569946192,5394.728740267848,1384
9010,9,59,el Bon Pastor,Sant Andreu,433411.22052715434,4587595.353687234,5016.5811420984355,1794
9011,9,59,el Bon Pastor,Sant Andreu,433754.17189246125,4587644.649029886,5231.435422086132,1637
9013,9,59,el Bon Pastor,Sant Andreu,433819.1107851248,4587336.19715604,5007.6411236769,2031
9014,9,59,el Bon Pastor,Sant Andreu,433596.5315735287,4587273.729748581,4833.341569818689,2988
9015,9,59,el Bon Pastor,Sant Andreu,433225.9513684705,4587046.45157328,4447.111175356287,1850
9016,9,60,Sant Andreu,Sant Andreu,432689.0905847685,4587111.016836672,4264.597720401273,1282
9017,9,60,Sant Andreu,Sant Andreu,432679.5739320817,4586967.7769418685,4129.466236275252,1512
9018,9,60,Sant Andreu,Sant Andreu,432762.4691072065,4586858.443938163,4064.782377802359,1462
9019,9,60,Sant Andreu,Sant Andreu,432744.1838316049,4586658.367717836,3877.017128887529,2665
9020,9,60,Sant Andreu,Sant Andreu,432526.36571756686,4586696.459985659,3819.484171801398,1115
9021,9,60,Sant Andreu,Sant Andreu,432367.35034687485,4586767.1893083,3825.189253463857,1407
9022,9,60,Sant Andreu,Sant Andreu,432470.5049034265,4586888.603833458,3975.6767886507173,1268
9023,9,60,Sant Andreu,Sant Andreu,432479.4393810256,4587022.973349467,4104.129474072632,1212
9024,9,60,Sant Andreu,Sant Andreu,432472.32792708697,4587184.5931567205,4252.964328214679,1195
9025,9,60,Sant Andreu,Sant Andreu,432466.535616874,4587390.472319114,4444.937589174673,1233
9026,9,60,Sant Andreu,Sant Andreu,432360.07000934874,4587575.264873936,4587.4399213311235,1477
9027,9,60,Sant Andreu,Sant Andreu,432563.8720564145,4587590.488139793,4665.88544668388,1284
9028,9,60,Sant Andreu,Sant Andreu,432532.87209239294,4587766.646842291,4822.449414685633,1561
9029,9,60,Sant Andreu,Sant Andreu,432462.2939529859,4587830.639857193,4861.645900681661,1085
9030,9,60,Sant Andreu,Sant Andreu,432503.98227300035,4587963.583890881,5000.97296220231,1451
9031,9,60,Sant Andreu,Sant Andreu,432688.9593660075,4588260.169345744,5340.013074992351,1174
9032,9,60,Sant Andreu,Sant Andreu,432443.99469917617,4588447.819619023,5448.884969412914,2154
9033,9,60,Sant Andreu,Sant Andreu,432152.44535104267,4588414.477750195,5346.894553124202,3201
9034,9,60,Sant Andreu,Sant Andreu,432050.10697805206,4588076.937676999,4995.356028334314,1406
9035,9,60,Sant Andreu,Sant Andreu,432071.1915829915,4587885.852588244,4813.238946224325,1557
9036,9,60,Sant Andreu,Sant Andreu,432168.1493910268,4588041.180653592,4986.496823760237,1373
9037,9,60,Sant Andreu,Sant Andreu,432319.15753519547,4588023.614033287,5006.78564112329,1621
9038,9,60,Sant Andreu,Sant Andreu,432333.5323324978,4587812.685256035,4807.461891258412,1736
9039,9,60,Sant Andreu,Sant Andreu,432225.8763395407,4587756.267119075,4724.388107846428,1512
9040,9,60,Sant Andreu,Sant Andreu,432066.9843133262,4587701.944893773,4633.0791947599355,1603
9041,9,60,Sant Andreu,Sant Andreu,432096.55873984727,4587566.480918343,4508.341373308727,1376
9042,9,60,Sant Andreu,Sant Andreu,432204.3797827988,4587400.012288508,4375.190115106472,1247
9043,9,60,Sant Andreu,Sant Andreu,431957.6749384431,4587494.095245183,4406.156713036546,1336
9044,9,60,Sant Andreu,Sant Andreu,432090.37984845234,4587322.993544412,4270.877909169255,1519
9045,9,60,Sant Andreu,Sant Andreu,431908.83022370905,4587321.067330441,4226.68362771219,1400
9046,9,60,Sant Andreu,Sant Andreu,431909.34576741135,4587179.284660211,4088.3749521201453,1330
9047,9,60,Sant Andreu,Sant Andreu,432144.2587887373,4587110.722366982,4080.5351528640977,1553
9048,9,60,Sant Andreu,Sant Andreu,431857.0772007558,4587075.552907622,3975.7799332597906,1342
9049,9,60,Sant Andreu,Sant Andreu,431801.75018500746,4586881.599726115,3774.510702023081,1289
9050,9,60,Sant Andreu,Sant Andreu,431980.63682497916,4586948.441049065,3880.760705531201,1493
9051,9,60,Sant Andreu,Sant Andreu,432151.5890788742,4586893.119268755,3874.14914453929,1279
9052,9,60,Sant Andreu,Sant Andreu,432309.4466752013,4586665.026904662,3709.1670012705804,1198
9053,9,60,Sant Andreu,Sant Andreu,432182.18858339393,4586722.534805009,3721.02371365018,1625
9054,9,60,Sant Andreu,Sant Andreu,431975.7609517048,4586740.239880047,3678.2734545715575,1072
9055,9,61,la Sagrera,Sant Andreu,431957.39382444543,4586524.689232331,3465.690495329997,1738
9056,9,61,la Sagrera,Sant Andreu,432097.6466257674,4586336.962213123,3328.716299882634,1095
9057,9,61,la Sagrera,Sant Andreu,432128.0360490137,4586162.761743305,3175.186149272997,1685
9058,9,61,la Sagrera,Sant Andreu,432303.1282439981,4586097.553230814,3181.3508206931915,1525
9059,9,61,la Sagrera,Sant Andreu,432308.8745456261,4586275.709275276,3347.116683040716,1426
9060,9,61,la Sagrera,Sant Andreu,432215.4307216233,4586489.237528657,3511.6743486752625,1339
9061,9,61,la Sagrera,Sant Andreu,432560.28878706135,4586423.340805746,3585.032350197108,1593
9062,9,61,la Sagrera,Sant Andreu,432640.0229694448,4586184.982276141,3409.13321931768,1486
9063,9,61,la Sagrera,Sant Andreu,432512.9269582884,4585658.7191645885,2889.5941292100324,1143
9064,9,61,la Sagrera,Sant Andreu,432354.07232817286,4585565.311395409,2728.550955730638,1147
9065,9,61,la Sagrera,Sant Andreu,432185.50620717613,4585707.8306582,2777.949597828767,2086
9066,9,61,la Sagrera,Sant Andreu,432250.1563132428,4585828.742433151,2914.8713955743387,1411
9067,9,61,la Sagrera,Sant Andreu,432129.4378061174,4585925.221024169,2954.59949055003,1506
9068,9,61,la Sagrera,Sant Andreu,431959.93671348476,4585938.751603863,2907.3664419435336,1528
9069,9,61,la Sagrera,Sant Andreu,432006.3347518331,4586119.1152155595,3093.023262229038,933
9070,9,61,la Sagrera,Sant Andreu,431951.27944308834,4586235.619957097,3186.8196813251884,1745
9071,9,61,la Sagrera,Sant Andreu,431893.1004142888,4586419.144058232,3346.7439869636546,1899
9072,9,61,la Sagrera,Sant Andreu,431866.40360953397,4586228.9939949345,3156.389899005848,1426
9073,9,61,la Sagrera,Sant Andreu,431882.79198541987,4586096.103070249,3033.38827749216,1473
9074,9,62,el Congrés i els Indians,Sant Andreu,431735.2300218889,4586198.2101764465,3093.3846538982907,1664
9075,9,62,el Congrés i els Indians,Sant Andreu,431681.7781386722,4586459.362672372,3336.618122721697,1533
9076,9,62,el Congrés i els Indians,Sant Andreu,431378.0818298491,4586499.771801658,3329.033629719755,1444
9077,9,62,el Congrés i els Indians,Sant Andreu,431532.86896445364,4586319.256001392,3171.5509538654405,1607
9078,9,62,el Congrés i els Indians,Sant Andreu,431441.0882408966,4586195.407554423,3035.056122246156,1437
9079,9,62,el Congrés i els Indians,Sant Andreu,431287.8380756791,4586290.135085832,3111.3971761899784,1609
9080,9,62,el Congrés i els Indians,Sant Andreu,431460.1449612104,4586053.298900386,2897.3695823991284,1328
9081,9,62,el Congrés i els Indians,Sant Andreu,431692.7256405215,4585996.245265976,2887.0918047237437,1725
9082,9,62,el Congrés i els Indians,Sant Andreu,431560.54219753935,4585863.422389979,2728.472891808182,1972
9083,9,63,Navas,Sant Andreu,431853.88044243364,4585796.6945412895,2738.96514139944,1638
9084,9,63,Navas,Sant Andreu,431623.0936179182,4585623.904312579,2508.9350423550177,1676
9085,9,63,Navas,Sant Andreu,431603.4944965596,4585426.875378353,2313.2845046501,1797
9086,9,63,Navas,Sant Andreu,431804.7748712478,4585617.404384769,2553.2845134492504,1488
9087,9,63,Navas,Sant Andreu,431847.0956589647,4585477.808799961,2435.2657279992845,1311
9088,9,63,Navas,Sant Andreu,431967.5006497789,4585345.643861537,2357.9355216294116,1915
9089,9,63,Navas,Sant Andreu,431986.13711215666,4585563.811133527,2565.8456283027735,1477
9090,9,63,Navas,Sant Andreu,432109.3209282879,4585378.859365527,2448.677119276508,1523
9091,9,63,Navas,Sant Andreu,432119.66687856737,4585594.0600126,2647.0276216961333,1861
9092,9,63,Navas,Sant Andreu,432272.9525348425,4585425.150248475,2566.6151915757487,1879
9093,9,63,Navas,Sant Andreu,432225.7501425158,4585283.813355309,2420.525285529175,1279
9094,9,63,Navas,Sant Andreu,432341.173956717,4585223.29260233,2429.7093091686684,1958
9095,9,63,Navas,Sant Andreu,432177.9821465448,4585141.658783447,2273.8221884752165,2145
9156,9,61,la Sagrera,Sant Andreu,432041.8119167171,4586484.566998996,3451.427603836822,1257
10001,10,64,el Camp de l'Arpa del Clot,Sant Martí,431955.4391407486,4585172.783127592,2195.892896714732,1595
10002,10,64,el Camp de l'Arpa del Clot,Sant Martí,431914.2691560619,4585015.885989358,2036.7976772069158,1773
10003,10,64,el Camp de l'Arpa del Clot,Sant Martí,431738.18684714456,4585161.465313408,2100.775089938682,1571
10004,10,64,el Camp de l'Arpa del Clot,Sant Martí,431786.88687404315,4585345.30875104,2290.165536727871,1541
10005,10,64,el Camp de l'Arpa del Clot,Sant Martí,431610.9188262115,4585203.6844387455,2100.4842122959994,1649
10006,10,64,el Camp de l'Arpa del Clot,Sant Martí,431486.97736897983,4585085.805471127,1953.8874081255904,1824
10007,10,64,el Camp de l'Arpa del Clot,Sant Martí,431323.55839329155,4584969.451159348,1805.7879388138592,1294
10008,10,64,el Camp de l'Arpa del Clot,Sant Martí,431208.2502645063,4584803.77372283,1624.774348677639,1714
10009,10,64,el Camp de l'Arpa del Clot,Sant Martí,431346.5306357362,4584786.759346249,1630.794576146315,1607
10010,10,64,el Camp de l'Arpa del Clot,Sant Martí,431460.06012415886,4584861.35211764,1729.9060891257072,1712
10011,10,64,el Camp de l'Arpa del Clot,Sant Martí,431364.0594995043,4584636.9742336515,1488.6544744684163,1183
10012,10,64,el Camp de l'Arpa del Clot,Sant Martí,431498.60491672717,4584570.586679733,1463.606913607914,1780
10013,10,64,el Camp de l'Arpa del Clot,Sant Martí,431564.59809328185,4584708.81331434,1616.023213732114,1361
10014,10,64,el Camp de l'Arpa del Clot,Sant Martí,431751.0805512077,4584514.731774412,1517.257016704833,1469
10015,10,64,el Camp de l'Arpa del Clot,Sant Martí,431593.8825024203,4584472.119195833,1408.028508963887,1930
10016,10,64,el Camp de l'Arpa del Clot,Sant Martí,431652.8202843412,4584346.867789697,1322.7877374962338,1217
10017,10,64,el Camp de l'Arpa del Clot,Sant Martí,431759.56434650946,4584330.464479667,1364.1600277132418,1661
10018,10,64,el Camp de l'Arpa del Clot,Sant Martí,431873.34120925487,4584344.414017645,1441.045802710525,1457
10019,10,64,el Camp de l'Arpa del Clot,Sant Martí,431894.6233314483,4584583.403417699,1649.895842499174,1518
10020,10,64,el Camp de l'Arpa del Clot,Sant Martí,431794.4319876096,4584657.764175597,1663.5313782988078,1457
10021,10,64,el Camp de l'Arpa del Clot,Sant Martí,431685.85238704877,4584756.8524830835,1705.592464114263,1301
10022,10,64,el Camp de l'Arpa del Clot,Sant Martí,431649.2638081903,4584950.251413534,1871.855591535844,1353
10023,10,64,el Camp de l'Arpa del Clot,Sant Martí,431801.253558727,4584799.260319403,1792.5211393791699,1442
10024,10,64,el Camp de l'Arpa del Clot,Sant Martí,431886.12929297675,4584873.240077549,1896.8894283602815,1487
10025,10,64,el Camp de l'Arpa del Clot,Sant Martí,431990.7810717847,4584613.935370085,1728.477352775528,1311
10026,10,65,el Clot,Sant Martí,432127.27921503596,4584654.057951144,1841.2003567521465,1550
10027,10,65,el Clot,Sant Martí,432183.8209196267,4584871.325994767,2050.00187706716,1517
10028,10,65,el Clot,Sant Martí,432105.60834848305,4585000.232936496,2115.3354256018424,1737
10029,10,65,el Clot,Sant Martí,432321.91889208945,4585010.931145382,2243.79176839867,1410
10030,10,65,el Clot,Sant Martí,432466.5435932575,4585041.347556318,2355.1761312850226,1738
10031,10,65,el Clot,Sant Martí,432347.048652433,4584837.077557755,2121.018199101746,1509
10032,10,65,el Clot,Sant Martí,432408.2541490617,4584616.610718243,1997.2827837979928,1353
10033,10,65,el Clot,Sant Martí,432491.7644824983,4584782.27198123,2174.7391187457333,859
10034,10,65,el Clot,Sant Martí,432600.49709722,4584902.1859634295,2336.595945840379,1687
10035,10,65,el Clot,Sant Martí,432698.46419784485,4584705.81623245,2268.850369511113,1946
10036,10,65,el Clot,Sant Martí,432546.75136596645,4584506.437485176,2023.3449810631892,1420
10037,10,65,el Clot,Sant Martí,432374.34559128823,4584379.226869284,1809.706716773335,1046
10038,10,65,el Clot,Sant Martí,432251.1444798715,4584482.017367895,1791.2634496172334,1600
10039,10,65,el Clot,Sant Martí,432103.17240638327,4584397.874027806,1628.7486845192452,1833
10040,10,65,el Clot,Sant Martí,431985.99362588953,4584213.993691696,1414.2925998963922,1781
10041,10,65,el Clot,Sant Martí,432010.02263036853,4584095.691612526,1348.9825923622182,1612
10042,10,66,el Parc i la Llacuna del Poblenou,Sant Martí,432414.7118231015,4583739.481390285,1508.6890540244888,3204
10043,10,66,el Parc i la Llacuna del Poblenou,Sant Martí,432342.7442785733,4583145.333320816,1334.3748889641415,2427
10044,10,66,el Parc i la Llacuna del Poblenou,Sant Martí,432070.81316729693,4582894.546335341,1102.3328800296078,1559
10045,10,66,el Parc i la Llacuna del Poblenou,Sant Martí,431881.8712425918,4582673.40821047,967.0750735618977,1300
10046,10,66,el Parc i la Llacuna del Poblenou,Sant Martí,431737.5194414805,4582533.70683079,838.3342250143909,1244
10047,10,66,el Parc i la Llacuna del Poblenou,Sant Martí,431876.54563843226,4582487.204788043,983.9123527443718,1721
10048,10,66,el Parc i la Llacuna del Poblenou,Sant Martí,432066.98234890716,4582576.333407174,1158.1285417710988,1653
10049,10,66,el Parc i la Llacuna del Poblenou,Sant Martí,432116.65570997284,4582717.9881273275,1201.793028360086,1297
10050,10,66,el Parc i la Llacuna del Poblenou,Sant Martí,432242.83402161166,4582718.587712826,1321.1193462716858,1556
10051,10,67,la Vila Olímpica del Poblenou,Sant Martí,432303.5977696704,4582518.935303422,1399.791015128875,1625
10052,10,67,la Vila Olímpica del Poblenou,Sant Martí,432733.77353640983,4582795.413673409,1769.4561222665811,2429
10053,10,67,la Vila Olímpica del Poblenou,Sant Martí,432746.03797258594,4582541.552552279,1837.4858271583612,1719
10054,10,67,la Vila Olímpica del Poblenou,Sant Martí,432498.8059555627,4582244.530463771,1646.8607952150485,965
10055,10,67,la Vila Olímpica del Poblenou,Sant Martí,433109.8111344196,4582336.550365771,2224.0035472283994,2638
10056,10,68,el Poblenou,Sant Martí,432933.7747178802,4583126.714104058,1925.6967892983373,1824
10057,10,68,el Poblenou,Sant Martí,433168.0531316911,4583254.483578817,2159.819778047266,1419
10058,10,68,el Poblenou,Sant Martí,432954.76356128225,4583520.914348148,1973.3369134212178,1143
10059,10,68,el Poblenou,Sant Martí,433603.6799380396,4583020.385156623,2600.1402462242745,1793
10060,10,68,el Poblenou,Sant Martí,433541.99923241383,4583455.914863188,2546.6308460159394,1676
10061,10,68,el Poblenou,Sant Martí,433373.4090621554,4583422.33061404,2375.5163275058335,1738
10062,10,68,el Poblenou,Sant Martí,433412.3755470094,4583597.822052849,2437.366233867154,1503
10063,10,68,el Poblenou,Sant Martí,433345.9496302415,4583716.080796266,2395.003761016628,1188
10064,10,68,el Poblenou,Sant Martí,433158.5819898334,4583632.196985058,2194.1872419732676,1658
10065,10,68,el Poblenou,Sant Martí,433195.5649640873,4583897.608631491,2297.6773766578845,1548
10066,10,68,el Poblenou,Sant Martí,432982.9544546764,4583801.211768782,2065.896536102612,2091
10067,10,68,el Poblenou,Sant Martí,432814.1600067776,4583966.109516684,1964.2924698846637,1944
10068,10,68,el Poblenou,Sant Martí,432960.9680839068,4584067.555323361,2139.504609141366,1639
10069,10,68,el Poblenou,Sant Martí,433308.63369630714,4584167.782891258,2498.2417200865943,2796
10070,10,68,el Poblenou,Sant Martí,433357.3163404828,4583943.425131771,2465.6882575992013,1650
10071,10,68,el Poblenou,Sant Martí,433602.9678895176,4583696.947512725,2642.6462619477516,1802
10072,10,68,el Poblenou,Sant Martí,433811.3810106047,4583761.079193957,2859.573209528877,2056
10073,10,68,el Poblenou,Sant Martí,433700.78624236764,4583875.275197206,2777.1846797816575,1440
10074,10,68,el Poblenou,Sant Martí,433548.53138728545,4583978.292306291,2658.5440167375086,1663
10075,10,68,el Poblenou,Sant Martí,433579.2597090806,4584094.771602964,2724.294232342059,1532
10076,10,69,Diagonal Mar i el Front Marítim del Poblenou,Sant Martí,433761.1744089558,4584263.203888416,2953.4194078500063,2259
10077,10,69,Diagonal Mar i el Front Marítim del Poblenou,Sant Martí,433950.72904009715,4583999.928327089,3050.7054072074975,1821
10078,10,69,Diagonal Mar i el Front Marítim del Poblenou,Sant Martí,434135.6953486897,4583554.806554071,3147.6031035402398,2415
10079,10,69,Diagonal Mar i el Front Marítim del Poblenou,Sant Martí,434148.59308883996,4584048.231456718,3254.300639447264,1742
10080,10,69,Diagonal Mar i el Front Marítim del Poblenou,Sant Martí,434506.6712115516,4584293.382712706,3667.0560729844756,2275
10081,10,70,el Besòs i el Maresme,Sant Martí,434982.44202309806,4584536.131864584,4194.722894273241,2166
10082,10,70,el Besòs i el Maresme,Sant Martí,434617.7261896016,4585183.1118404595,4121.807215791622,1944
10083,10,70,el Besòs i el Maresme,Sant Martí,434477.10986180016,4585334.9843406165,4077.046263654076,2212
10084,10,70,el Besòs i el Maresme,Sant Martí,434398.684585964,4585160.423170009,3920.0191979507463,1663
10085,10,70,el Besòs i el Maresme,Sant Martí,434326.11695610837,4585404.856673086,3987.767769427407,2094
10086,10,70,el Besòs i el Maresme,Sant Martí,434249.86096397263,4585513.97525231,3987.1331239048427,1949
10087,10,70,el Besòs i el Maresme,Sant Martí,434119.7997880638,4585645.894734035,3962.498895633402,1818
10088,10,70,el Besòs i el Maresme,Sant Martí,433977.1972614347,4585661.9741662955,3861.8337579611357,1659
10089,10,70,el Besòs i el Maresme,Sant Martí,433980.42633201194,4585227.942278086,3602.3006651680703,4834
10090,10,70,el Besòs i el Maresme,Sant Martí,434279.63918490126,4585099.791274958,3786.633538739144,1477
10091,10,70,el Besòs i el Maresme,Sant Martí,434465.6710586978,4584909.397058298,3859.9903271994663,1970
10092,10,70,el Besòs i el Maresme,Sant Martí,434560.901762498,4584731.128205057,3871.1909609039967,1470
10093,10,70,el Besòs i el Maresme,Sant Martí,434228.59549741814,4584865.904291058,3628.9472798062916,1093
10094,10,71,Provençals del Poblenou,Sant Martí,433781.5845385528,4584743.4047606485,3177.348970266508,3060
10095,10,71,Provençals del Poblenou,Sant Martí,433539.92633733817,4584582.4762802,2887.9595933256733,1326
10096,10,71,Provençals del Poblenou,Sant Martí,433111.76503887086,4584282.8877317915,2369.1007004448043,1669
10097,10,71,Provençals del Poblenou,Sant Martí,432712.3593060649,4584213.694131227,1986.5285571876323,1554
10098,10,71,Provençals del Poblenou,Sant Martí,432611.6136363197,4584319.4792646635,1959.7898019579488,1752
10099,10,71,Provençals del Poblenou,Sant Martí,432850.14874719974,4584552.283440476,2289.469841949843,1118
10100,10,71,Provençals del Poblenou,Sant Martí,433036.51146139915,4584488.629312199,2406.9414109039867,1670
10101,10,71,Provençals del Poblenou,Sant Martí,433384.0502637859,4584834.454542594,2887.94908938773,1709
10102,10,71,Provençals del Poblenou,Sant Martí,433711.6594567621,4585394.386577508,3486.7387410302695,2612
10103,10,71,Provençals del Poblenou,Sant Martí,433472.3705122922,4585161.490109356,3154.2481898792335,2146
10104,10,71,Provençals del Poblenou,Sant Martí,433233.7980763843,4584928.731914493,2822.7440683692153,1564
10105,10,72,Sant Martí de Provençals,Sant Martí,433134.2316528611,4585028.829271391,2809.3868443727015,2164
10106,10,72,Sant Martí de Provençals,Sant Martí,432986.7771669312,4584891.620641928,2608.1133572541903,1006
10107,10,72,Sant Martí de Provençals,Sant Martí,432842.7729358796,4584847.401707813,2470.829701655553,1479
10108,10,72,Sant Martí de Provençals,Sant Martí,432878.7604990905,4585002.65932196,2603.197347933205,1281
10109,10,72,Sant Martí de Provençals,Sant Martí,433031.2012483891,4585146.128693383,2812.513165896789,1649
10110,10,72,Sant Martí de Provençals,Sant Martí,432830.6756035809,4585139.735165443,2667.3098808292125,1660
10111,10,72,Sant Martí de Provençals,Sant Martí,432819.73532471334,4585303.123987741,2781.766597726458,1306
10112,10,72,Sant Martí de Provençals,Sant Martí,432700.10484579287,4585185.235040509,2614.4406165372534,1501
10113,10,72,Sant Martí de Provençals,Sant Martí,432644.7696702435,4585246.252239925,2626.4582389000993,1186
10114,10,72,Sant Martí de Provençals,Sant Martí,432836.7675963083,4585444.191361415,2901.0216968083155,1513
10115,10,72,Sant Martí de Provençals,Sant Martí,432871.8465786389,4585641.161375731,3077.6130880767705,1436
10116,10,72,Sant Martí de Provençals,Sant Martí,432910.3308228506,4585843.633728368,3263.3767785272025,1779
10117,10,72,Sant Martí de Provençals,Sant Martí,433084.8199816463,4585748.832348947,3293.87747481069,1244
10118,10,72,Sant Martí de Provençals,Sant Martí,433081.88965459797,4585558.331239558,3146.317884449617,987
10119,10,72,Sant Martí de Provençals,Sant Martí,432986.8136614607,4585466.684381748,3014.7551632712825,1136
10120,10,72,Sant Martí de Provençals,Sant Martí,433181.93980492814,4585469.772332861,3148.439207150748,1433
10121,10,72,Sant Martí de Provençals,Sant Martí,433245.7368883494,4585269.004323314,3052.7643066825217,1610
10122,10,72,Sant Martí de Provençals,Sant Martí,433400.88547220343,4585359.594103556,3228.327585627183,1482
10123,10,73,la Verneda i la Pau,Sant Martí,433560.12835174735,4585453.058850385,3409.2891301546715,1344
10124,10,73,la Verneda i la Pau,Sant Martí,433654.9161896794,4585546.770628342,3542.3915917258737,1092
10125,10,73,la Verneda i la Pau,Sant Martí,433732.80640251696,4585650.059835244,3669.336719609266,1099
10126,10,73,la Verneda i la Pau,Sant Martí,433652.8806310489,4585755.98095538,3683.3600709242455,1005
10127,10,73,la Verneda i la Pau,Sant Martí,433508.73463819345,4585601.070675017,3472.0519234092476,1036
10128,10,73,la Verneda i la Pau,Sant Martí,433415.33251865563,4585697.496193709,3474.330563363681,1550
10129,10,73,la Verneda i la Pau,Sant Martí,433559.35784884373,4585836.671719538,3674.480083341962,1134
10130,10,73,la Verneda i la Pau,Sant Martí,433428.1685058498,4585921.154618047,3647.4677652356386,1214
10131,10,73,la Verneda i la Pau,Sant Martí,433240.1750967536,4585766.668311868,3407.380996809781,1095
10132,10,73,la Verneda i la Pau,Sant Martí,433268.21085462114,4585892.672941417,3521.5104458326477,1264
10133,10,73,la Verneda i la Pau,Sant Martí,433113.1580225702,4586010.300501347,3517.654610348015,1704
10134,10,73,la Verneda i la Pau,Sant Martí,432954.6628260478,4585998.740146798,3415.7023252416425,1570
10135,10,73,la Verneda i la Pau,Sant Martí,433039.95788642653,4586233.258410836,3657.594660060025,1233
10136,10,73,la Verneda i la Pau,Sant Martí,433295.50245913095,4586249.084025933,3818.0826025357364,1384
10137,10,73,la Verneda i la Pau,Sant Martí,433286.87005344196,4586538.7030193005,4048.882894127785,1567
10138,10,73,la Verneda i la Pau,Sant Martí,433633.5930550451,4586258.818486028,4037.037255414933,1595
10139,10,73,la Verneda i la Pau,Sant Martí,433488.4427862682,4586051.852761741,3785.4897772425,1682
10140,10,73,la Verneda i la Pau,Sant Martí,433697.2476569051,4585974.022584355,3869.0669761371787,1633
10141,10,73,la Verneda i la Pau,Sant Martí,433806.7567536792,4585780.884697451,3812.1901508128117,1126
10142,10,73,la Verneda i la Pau,Sant Martí,433929.88731241354,4585914.464037097,3993.317287452839,1622
10143,10,73,la Verneda i la Pau,Sant Martí,433934.2562525021,4586093.768604194,4120.78208492249,1805
10234,10,65,el Clot,Sant Martí,432285.33041112893,4584188.981113515,1619.905330582583,1782
10235,10,69,Diagonal Mar i el Front Marítim del Poblenou,Sant Martí,434116.24843265326,4584526.451568648,3381.8313804960353,1282
10236,10,69,Diagonal Mar i el Front Marítim del Poblenou,Sant Martí,433995.5809918567,4584553.256513339,3282.345811950953,1597
10237,10,71,Provençals del Poblenou,Sant Martí,433825.20038329455,4585412.03400918,3586.3628350815684,912
