station_id,desc,lon,lat,euclid_m,network_m,snap_m,network_bin,euclid_bin,years_with_counts,distance_metric,did_bin,street_group,is_gran_via,is_tac2020_other,q_pre,n_pre,q_post,n_post,delta_q,delta_log_q
4002,MUNTANER - CONSELL DE CENT  (sentit mar),2.15999405057183,41.3861943064478,0.0,0.0,1.3,on_or_immediate,on_or_immediate,"2017,2018,2019,2020,2021,2022,2023,2024,2025",undirected_osm_highway_utm31n,on_or_immediate,other,False,False,16866.521739130436,23,18295.36842105263,19,1428.846681922194,0.08131724102177706
4061,PAU CLARIS - CONSELL DE CENT  (sentit mar),2.16782623743917,41.392200590956,0.0,0.0,17.0,on_or_immediate,on_or_immediate,"2017,2018,2019,2020,2021,2022,2023,2024,2025",undirected_osm_highway_utm31n,on_or_immediate,tac2020_other,False,True,29428.652173913044,23,14022.375,24,-15406.277173913044,-0.7413144953885897
4072,CASANOVA - CONSELL DE CENT  (sentit muntanya),2.1580927938814,41.3859229631157,0.0,0.0,17.5,on_or_immediate,on_or_immediate,"2017,2018,2019,2020,2021,2022,2023,2024,2025",undirected_osm_highway_utm31n,on_or_immediate,other,False,False,6258.909090909091,22,4936.583333333333,24,-1322.325757575758,-0.23733244431491052
4033,ARIBAU - DIPUTACIÓ  (sentit muntanya),2.1611155956212,41.3870630464236,0.7,0.0,1.5,on_or_immediate,on_or_immediate,"2017,2018,2019,2020,2021,2022,2023,2024,2025",undirected_osm_highway_utm31n,on_or_immediate,other,False,False,24176.25,16,18140.708333333332,24,-6035.541666666668,-0.2872122542421067
4068,GRAN VIA - GIRONA,2.17356197276934,41.39342660503,19.8,17.4,16.7,on_or_immediate,on_or_immediate,"2017,2018,2019,2020,2021,2022,2023,2024,2025",undirected_osm_highway_utm31n,on_or_immediate,tac2020_other,True,True,45670.13333333333,15,47729.041666666664,24,2058.908333333333,0.04409550591091005
4095,VILLARROEL - ARAGÓ  (sentit mar),2.1569179201233,41.3850904392878,20.7,0.0,18.5,on_or_immediate,on_or_immediate,"2017,2019,2020,2021,2022,2023,2024,2025",undirected_osm_highway_utm31n,on_or_immediate,other,False,False,10243.0,8,10802.333333333334,24,559.3333333333339,0.05316761472318454
4047,VALÈNCIA - GIRONA,2.16905147086661,41.397001041925,32.5,53.0,17.7,0_250m,on_or_immediate,"2017,2018,2019,2020,2021,2022,2023,2024,2025",undirected_osm_highway_utm31n,0_250m,tac2020_other,False,True,33843.25,16,19260.416666666668,24,-14582.833333333332,-0.5636875303962956
3004,GRAN VIA - ROCAFORT  (sentit Besòs),2.15453692917648,41.3790627934243,36.3,14.3,40.4,on_or_immediate,on_or_immediate,"2017,2018,2019,2020,2021,2022,2023,2024,2025",undirected_osm_highway_utm31n,on_or_immediate,tac2020_other,True,True,46751.708333333336,24,41094.318181818184,22,-5657.390151515152,-0.12898092876228162
4026,PG. SANT JOAN - DIPUTACIÓ (Pujada),2.17373623397117,41.396386975798,42.6,34.6,6.0,on_or_immediate,0_250m,"2017,2018,2019,2020,2021,2022,2023,2024,2025",undirected_osm_highway_utm31n,on_or_immediate,other,False,False,8186.833333333333,24,8963.478260869566,23,776.6449275362329,0.09063117770516627
4058,PASSEIG DE GRÀCIA - DIPUTACIÓ (Pujada),2.1667568616092,41.3907453585242,49.4,244.4,17.8,0_250m,0_250m,"2017,2018,2019,2020,2021,2022,2023,2024,2025",undirected_osm_highway_utm31n,0_250m,other,False,False,8965.260869565218,23,9381.0,21,415.73913043478206,0.04532916184133917
4031,ROGER DE LLÚRIA - DIPUTACIÓ (sentit muntanya),2.16932663816795,41.3927596717768,59.7,45.7,12.8,0_250m,0_250m,"2017,2018,2019,2020,2021,2022,2023,2024,2025",undirected_osm_highway_utm31n,0_250m,tac2020_other,False,True,19954.0,16,20349.5,24,395.5,0.01962671707086905
3006,GRAN VIA - VILADOMAT  (sentit Besòs),2.15681723918066,41.3807773965116,78.2,124.0,42.6,0_250m,0_250m,"2017,2018,2019,2020,2021,2022,2023,2024,2025",undirected_osm_highway_utm31n,0_250m,tac2020_other,True,True,48647.95,20,43730.125,24,-4917.824999999997,-0.10657244615547867
4079,ARAGÓ - BAILÈN (sentit Llobregat),2.17055853655275,41.3964247174287,85.7,108.6,16.4,0_250m,0_250m,"2017,2018,2019,2020,2021,2022,2023,2024,2025",undirected_osm_highway_utm31n,0_250m,tac2020_other,False,True,84466.72727272728,22,58505.04347826087,23,-25961.683794466408,-0.36724473290794
4052,DIPUTACIÓ - BALMES,2.16371476116981,41.3878586296077,92.5,148.8,16.1,0_250m,0_250m,"2017,2018,2019,2020,2021,2022,2023,2024,2025",undirected_osm_highway_utm31n,0_250m,other,False,False,14380.888888888889,18,10661.0,24,-3719.8888888888887,-0.29930794166232566
4021,COMTE URGELL- DIPUTACIÓ  (sentit muntanya),2.15691662946976,41.3833604302786,97.3,116.4,17.1,0_250m,0_250m,"2017,2018,2019,2020,2021,2022,2023,2024,2025",undirected_osm_highway_utm31n,0_250m,other,False,False,17654.478260869564,23,12484.7,20,-5169.778260869563,-0.34648558241621785
2008,AV. ROMA - CALÀBRIA  (sentit Llobregat),2.1497682341535,41.3832232168521,99.3,170.9,21.1,0_250m,0_250m,"2017,2018,2019,2020,2021,2022,2023,2024,2025",undirected_osm_highway_utm31n,0_250m,other,False,False,1560.5238095238096,21,1369.909090909091,22,-190.61471861471864,-0.13027715959965214
4064,DIPUTACIÓ - BRUC,2.17019539209557,41.3927688423449,115.9,138.6,20.2,0_250m,0_250m,"2017,2019,2020,2021,2022,2023,2024,2025",undirected_osm_highway_utm31n,0_250m,other,False,False,10821.666666666666,6,9956.208333333334,24,-865.4583333333321,-0.08335398760081247
4098,PG. GRÀCIA - ARAGÓ (Baixada),2.16520071322411,41.3917338254457,120.3,232.7,5.4,0_250m,0_250m,"2017,2018,2019,2020,2021,2022,2023,2024,2025",undirected_osm_highway_utm31n,0_250m,other,False,False,3087.5,24,5060.4,15,1972.8999999999996,0.494083829604282
4029,ARAGÓ - MUNTANER (sentit Llobregat),2.15817038508185,41.3870958130359,126.7,208.6,10.8,0_250m,0_250m,"2017,2018,2019,2020,2021,2022,2023,2024,2025",undirected_osm_highway_utm31n,0_250m,tac2020_other,False,True,91043.83333333333,24,54929.708333333336,24,-36114.12499999999,-0.5052867379733481
4080,BAILÈN - DIPUTACIÓ  (sentit mar),2.17390413431999,41.394451912494,127.2,144.0,20.4,0_250m,0_250m,"2017,2019,2020,2021,2022,2023,2024,2025",undirected_osm_highway_utm31n,0_250m,other,False,False,6040.0,7,5323.521739130435,23,-716.478260869565,-0.1262689465664142
4051,BALMES - DIPUTACIÓ (baixada),2.16449737832213,41.3879047272823,135.6,105.3,21.9,0_250m,0_250m,"2017,2018,2019,2020,2021,2022,2023,2024,2025",undirected_osm_highway_utm31n,0_250m,other,False,False,29851.125,24,24509.583333333332,24,-5341.541666666668,-0.19715833003910888
2009,MALLORCA - CALÀBRIA  (sentit Llobregat),2.14904637422425,41.3836515144813,140.0,214.2,16.7,0_250m,0_250m,"2017,2018,2019,2020,2021,2022,2023,2024,2025",undirected_osm_highway_utm31n,0_250m,other,False,False,15393.5,12,10877.304347826086,23,-4516.195652173914,-0.34726689381619913
3010,ENTENÇA - SEPÚLVEDA  (sentit muntanya),2.15377313964144,41.3772231725479,147.0,219.8,20.3,0_250m,0_250m,"2017,2018,2019,2020,2021,2022,2023,2024,2025",undirected_osm_highway_utm31n,0_250m,other,False,False,20440.583333333332,24,17789.409090909092,22,-2651.17424242424,-0.1389190184154785
4071,AV. ROMA - VILLARROEL  (sentit Llobregat),2.15551161492165,41.3857379536589,157.6,156.1,19.9,0_250m,0_250m,"2017,2018,2019,2020,2021,2022,2023,2024,2025",undirected_osm_highway_utm31n,0_250m,other,False,False,32412.0,24,20247.5,16,-12164.5,-0.47049739545747116
4049,MALLORCA - BRUC,2.16605647059014,41.3964310585901,159.6,142.6,17.2,0_250m,0_250m,"2017,2018,2019,2020,2021,2022,2023,2024,2025",undirected_osm_highway_utm31n,0_250m,other,False,False,17568.266666666666,15,16060.0,22,-1508.2666666666664,-0.08976253580684279
4053,ARAGÓ - RAMBLA DE CATALUNYA (sentit Llobregat),2.16298401194208,41.3907020230178,172.3,226.4,18.3,0_250m,0_250m,"2017,2018,2019,2020,2021,2022,2023,2024,2025",undirected_osm_highway_utm31n,0_250m,tac2020_other,False,True,86578.1,20,51552.22727272727,22,-35025.872727272734,-0.5184514811549956
3012,SEPÚLVEDA - COMTE BORRELL  (sentit Llobregat),2.15830635936938,41.3800228406693,184.4,419.4,23.9,250_500m,0_250m,"2017,2018,2019,2020,2021,2022,2023,2024,2025",undirected_osm_highway_utm31n,250_500m,other,False,False,20394.695652173912,23,20893.958333333332,24,499.26268115942,0.02418519223083848
4084,NÀPOLS - DIPUTACIÓ  (sentit mar),2.17693989634649,41.397254200157,187.3,270.2,12.2,250_500m,0_250m,"2017,2018,2019,2020,2021,2022,2023,2024,2025",undirected_osm_highway_utm31n,250_500m,other,False,False,6713.478260869565,23,4680.04347826087,23,-2033.434782608695,-0.36080978629053995
4077,ARAGÓ - NÀPOLS (sentit Llobregat),2.17395160686523,41.3989680268534,195.5,271.7,18.0,250_500m,0_250m,"2017,2018,2019,2020,2021,2022,2023,2024,2025",undirected_osm_highway_utm31n,250_500m,tac2020_other,False,True,52008.454545454544,22,47775.791666666664,24,-4232.66287878788,-0.0848872320582128
3003,GRAN VIA - VILAMARÍ  (sentit Besòs),2.15225172788928,41.3773556078136,196.8,197.0,17.5,0_250m,0_250m,"2017,2018,2019,2020,2021,2022,2023,2024,2025",undirected_osm_highway_utm31n,0_250m,tac2020_other,True,True,43795.458333333336,24,44961.05263157895,19,1165.5942982456108,0.026266496949123308
4090,ARIBAU - ARAGÓ  (sentit muntanya),2.15924172322705,41.3884915607715,223.6,210.1,12.3,0_250m,0_250m,"2017,2018,2019,2020,2021,2022,2023,2024,2025",undirected_osm_highway_utm31n,0_250m,other,False,False,22028.0625,16,19242.291666666668,24,-2785.770833333332,-0.13520666105549672
4010,PG. SANT JOAN - VALÈNCIA (Baixada),2.17128708260538,41.3980800150532,225.8,215.9,19.7,0_250m,0_250m,"2017,2018,2019,2020,2021,2022,2023,2024,2025",undirected_osm_highway_utm31n,0_250m,other,False,False,7880.083333333333,24,5924.041666666667,24,-1956.041666666666,-0.28531954919326097
4028,VALÈNCIA - CASANOVA,2.1569036942764,41.3878538166451,236.3,342.2,23.4,250_500m,0_250m,"2017,2018,2019,2020,2021,2022,2023,2024,2025",undirected_osm_highway_utm31n,250_500m,tac2020_other,False,True,23676.68181818182,22,16477.81818181818,22,-7198.86363636364,-0.3624755504390915
4035,GRAN VIA - PL. UNIVERSITAT  (sentit Besòs),2.16441727131043,41.3865364803669,237.3,343.5,20.6,250_500m,0_250m,"2017,2018,2019,2020,2021,2022,2023,2024,2025",undirected_osm_highway_utm31n,250_500m,tac2020_other,True,True,57880.04347826087,23,48858.181818181816,22,-9021.861660079056,-0.16945079987674028
3033,SEPULVEDA - ENTENÇA  (sentit Llobregat),2.15355004884416,41.3764072022776,239.3,353.6,30.3,250_500m,0_250m,"2017,2018,2019,2020,2021,2022,2023,2024,2025",undirected_osm_highway_utm31n,250_500m,other,False,False,12869.454545454546,22,13612.826086956522,23,743.371541501976,0.05615580408749388
4062,GRAN VIA - PAU CLARIS (sentit Besós),2.17015825066685,41.390863780895,245.0,280.4,16.7,250_500m,0_250m,"2017,2018,2019,2020,2021,2022,2023,2024,2025",undirected_osm_highway_utm31n,250_500m,tac2020_other,True,True,57228.0,16,53395.291666666664,24,-3832.7083333333358,-0.06932071806143902
4059,PAU CLARIS - VALÈNCIA  (sentit mar),2.16561839478567,41.3938500206669,258.4,229.2,13.9,0_250m,250_500m,"2017,2018,2019,2020,2021,2022,2023,2024,2025",undirected_osm_highway_utm31n,0_250m,tac2020_other,False,True,26676.608695652172,23,16701.041666666668,24,-9975.567028985504,-0.46831600988339694
3031,FLORIDABLANCA - ROCAFORT  (sentit Besòs),2.15697555342451,41.3773211414533,262.9,317.3,10.2,250_500m,250_500m,"2017,2018,2019,2020,2021,2022,2023,2024,2025",undirected_osm_highway_utm31n,250_500m,other,False,False,8950.75,24,7740.95652173913,23,-1209.79347826087,-0.14521206607241588
4065,ROGER DE LLÚRIA - CASP  (sentit muntanya),2.17191220851891,41.3908288785469,265.0,351.9,17.9,250_500m,250_500m,"2017,2018,2019,2020,2021,2022,2023,2024,2025",undirected_osm_highway_utm31n,250_500m,tac2020_other,False,True,26253.375,24,10981.708333333334,24,-15271.666666666666,-0.8715635423086727
4046,ROGER DE LLÚRIA - MALLORCA,2.16449119773735,41.3964376684823,265.6,354.9,13.2,250_500m,250_500m,"2017,2018,2019,2020,2021,2022,2023,2024,2025",undirected_osm_highway_utm31n,250_500m,tac2020_other,False,True,11154.304347826086,23,15938.958333333334,24,4784.653985507248,0.3569408584248812
2014,TARRAGONA - CONSELL DE CENT (calçada Besòs),2.14733648474262,41.3770104507661,267.7,547.0,13.1,500_1000m,250_500m,"2017,2018,2019,2020,2021,2022,2023,2024,2025",undirected_osm_highway_utm31n,500_1000m,other,False,False,25741.545454545456,22,23427.869565217392,23,-2313.675889328064,-0.09417992059676195
3018,COMTE URGELL- FLORIDABLANCA,2.16047984134544,41.3807267821097,284.4,398.8,12.5,250_500m,250_500m,"2017,2018,2019,2020,2021,2022,2023,2024,2025",undirected_osm_highway_utm31n,250_500m,other,False,False,15194.208333333334,24,10563.0,24,-4631.208333333334,-0.36355699569880784
3013,VILLARROEL - GRAN VIA  (sentit mar),2.16051119824691,41.3823690318997,290.5,418.6,25.4,250_500m,250_500m,"2017,2018,2019,2020,2021,2022,2023,2024,2025",undirected_osm_highway_utm31n,250_500m,other,False,False,11985.727272727272,22,9282.95652173913,23,-2702.770750988142,-0.25553646119475637
4082,GRAN VIA - NÀPOLS (sentit Besós),2.17815149968645,41.3968351807915,293.1,426.7,21.3,250_500m,250_500m,"2017,2018,2019,2020,2021,2022,2023,2024,2025",undirected_osm_highway_utm31n,250_500m,tac2020_other,True,True,44619.708333333336,24,45577.545454545456,22,957.8371212121201,0.021239518694374127
4063,VALÈNCIA - PAU CLARIS,2.1656298097779,41.394411551482,296.4,315.3,16.7,250_500m,250_500m,"2017,2018,2019,2020,2021,2022,2023,2024,2025",undirected_osm_highway_utm31n,250_500m,tac2020_other,False,True,32275.85714285714,21,26552.875,24,-5722.982142857141,-0.19518146578818474
4009,PG. SANT JOAN - CASP (Baixada),2.17714968432596,41.3936149393821,296.5,391.6,27.5,250_500m,250_500m,"2017,2018,2019,2020,2021,2022,2023,2024,2025",undirected_osm_highway_utm31n,250_500m,other,False,False,9070.541666666666,24,10145.791666666666,24,1075.25,0.11202702235532769
4034,PL. UNIVERSITAT - PELAI (Llobregat),2.16425324979824,41.3856458791412,296.8,381.6,10.5,250_500m,250_500m,"2017,2018,2019,2020,2021,2022,2023,2024,2025",undirected_osm_highway_utm31n,250_500m,other,False,False,22553.176470588234,17,21426.08695652174,23,-1127.0895140664943,-0.05126672317892478
4042,ROSSELLÓ - AV. DIAGONAL (sentit Besòs),2.16370570249842,41.3980821322155,305.1,379.9,2.6,250_500m,250_500m,"2017,2018,2019,2020,2021,2022,2023,2024,2025",undirected_osm_highway_utm31n,250_500m,other,False,False,16853.52380952381,21,16556.5,6,-297.0238095238092,-0.017780989133786562
4073,VALÈNCIA - RAMBLA DE CATALUNYA,2.16273962226169,41.3922436021376,306.8,337.5,0.8,250_500m,250_500m,"2017,2018,2019,2020,2021,2022,2023,2024,2025",undirected_osm_highway_utm31n,250_500m,tac2020_other,False,True,31602.65,20,26879.708333333332,24,-4722.941666666669,-0.16186931293460738
4023,GRAN VIA - VILLARROEL (sentit Besòs),2.16016961309645,41.3833263269611,314.2,356.0,4.3,250_500m,250_500m,"2017,2018,2019,2020,2021,2022,2023,2024,2025",undirected_osm_highway_utm31n,250_500m,tac2020_other,True,True,50238.95652173913,23,44731.65217391304,23,-5507.304347826088,-0.11610939871636994
4022,PG. SANT JOAN - PROVENÇA (Pujada),2.16832144526965,41.4004685521516,315.7,467.0,20.7,250_500m,250_500m,"2017,2018,2019,2020,2021,2022,2023,2024,2025",undirected_osm_highway_utm31n,250_500m,other,False,False,5970.608695652174,23,4151.444444444444,18,-1819.1642512077296,-0.3633925486913192
4060,PG. SANT JOAN - AUSIÀS MARC (Pujada),2.17765894487054,41.3933623241091,332.8,472.5,19.4,250_500m,250_500m,"2017,2018,2019,2020,2021,2022,2023,2024,2025",undirected_osm_highway_utm31n,250_500m,other,False,False,3389.5833333333335,24,4064.7916666666665,24,675.208333333333,0.18165548785681374
4097,PG. GRÀCIA - CASP (Pujada),2.16915384037869,41.3887585646416,347.0,486.0,2.4,250_500m,250_500m,"2017,2018,2019,2020,2021,2022,2023,2024,2025",undirected_osm_highway_utm31n,250_500m,other,False,False,6725.416666666667,24,7324.761904761905,21,599.3452380952376,0.08536676846824243
4027,MUNTANER - MALLORCA  (sentit mar),2.15649696883514,41.38881165047,347.4,424.6,11.3,250_500m,250_500m,"2017,2018,2019,2020,2021,2022,2023,2024,2025",undirected_osm_highway_utm31n,250_500m,other,False,False,25501.0,23,14804.869565217392,23,-10696.130434782608,-0.5437615157515694
2005,ENTENÇA - PROVENÇA  (sentit muntanya),2.14534608547098,41.3836075007717,348.5,428.5,2.4,250_500m,250_500m,"2017,2018,2019,2020,2021,2022,2023,2024,2025",undirected_osm_highway_utm31n,250_500m,other,False,False,13669.708333333334,24,13690.833333333334,18,21.125,0.0015441948814576278
2003,TARRAGONA - VALÈNCIA  (sentit mar),2.14530786309372,41.378572477309,351.6,468.3,15.3,250_500m,250_500m,"2017,2018,2019,2020,2021,2022,2023,2024,2025",undirected_osm_highway_utm31n,250_500m,other,False,False,11093.0,21,8512.095238095239,21,-2580.9047619047615,-0.2648261575338253
4008,MALLORCA - CASANOVA  (sentit Llobregat),2.15472723259061,41.3879004980236,356.9,394.7,19.7,250_500m,250_500m,"2017,2018,2019,2020,2021,2022,2023,2024,2025",undirected_osm_highway_utm31n,250_500m,other,False,False,24607.458333333332,24,13383.111111111111,9,-11224.34722222222,-0.6090560340824531
3015,CASANOVA - SEPÚLVEDA  (sentit muntanya),2.16165673159081,41.3832214330662,358.1,412.8,7.5,250_500m,250_500m,"2017,2018,2019,2020,2021,2022,2023,2024,2025",undirected_osm_highway_utm31n,250_500m,other,False,False,6231.95652173913,23,5407.733333333334,15,-824.2231884057965,-0.1418603040695139
3014,SEPÚLVEDA - CASANOVA  (sentit Llobregat),2.16147246025133,41.3824189800132,368.8,492.0,12.1,250_500m,250_500m,"2017,2018,2019,2020,2021,2022,2023,2024,2025",undirected_osm_highway_utm31n,250_500m,other,False,False,19370.954545454544,22,19828.636363636364,22,457.68181818181984,0.023352418051002743
5013,RONDA SANT PERE - GIRONA  (sentit Llobregat),2.17644635091381,41.3902823026524,372.5,415.1,11.2,250_500m,250_500m,"2017,2018,2019,2020,2021,2022,2025",undirected_osm_highway_utm31n,250_500m,other,False,False,16892.541666666668,24,13955.181818181818,11,-2937.35984848485,-0.19102130722404276
4044,PAU CLARIS - PROVENÇA  (sentit mar),2.16347178849809,41.3954885003117,392.8,467.9,7.1,250_500m,250_500m,"2017,2018,2019,2020,2021,2022,2023,2024,2025",undirected_osm_highway_utm31n,250_500m,tac2020_other,False,True,23349.409090909092,22,16477.25,24,-6872.159090909092,-0.3485910355703883
4013,SARDENYA - CONSELL DE CENT  (sentit mar),2.17812842998448,41.3997627169729,396.1,458.8,26.7,250_500m,250_500m,"2017,2018,2019,2020,2021,2022,2023,2024,2025",undirected_osm_highway_utm31n,250_500m,other,False,False,9887.833333333334,24,6312.105263157895,19,-3575.728070175439,-0.44883578504841104
5011,RONDA UNIVERSITAT - PL. CATALUNYA  (sentit Llobregat),2.16788359152789,41.387125414742,398.2,479.2,8.4,250_500m,250_500m,"2017,2018,2019,2020,2021,2022,2023,2024,2025",undirected_osm_highway_utm31n,250_500m,tac2020_other,False,True,38852.3,10,23030.727272727272,22,-15821.57272727273,-0.5229379844236224
3020,AV. PARAL·LEL - LLEIDA (Baixada),2.15475489159659,41.3749336247802,404.7,570.9,17.0,500_1000m,250_500m,"2017,2018,2019,2020,2021,2022,2023,2024,2025",undirected_osm_highway_utm31n,500_1000m,other,False,False,15202.083333333334,24,12382.666666666666,24,-2819.416666666668,-0.20513483461803084
4043,CÒRSEGA - BRUC  (sentit Llobregat),2.16253914686886,41.3989458639609,423.4,527.0,16.5,500_1000m,250_500m,"2017,2018,2019,2020,2021,2022,2023,2024,2025",undirected_osm_highway_utm31n,500_1000m,other,False,False,14157.333333333334,18,9769.291666666666,24,-4388.041666666668,-0.3709887840398345
3024,ROCAFORT - TAMARIT (mar),2.15788193499247,41.3757853800346,433.1,420.1,18.5,250_500m,250_500m,"2017,2019,2020,2021,2022,2023,2024,2025",undirected_osm_highway_utm31n,250_500m,phase1_axis,False,False,5624.1,10,3310.7916666666665,24,-2313.308333333334,-0.5298736002782043
3026,AV. PARAL·LEL - ENTENÇA (Mar),2.156378628652,41.3749387606281,440.7,603.1,13.8,500_1000m,250_500m,"2017,2018,2019,2020,2021,2022,2023,2024,2025",undirected_osm_highway_utm31n,500_1000m,other,False,False,16366.782608695652,23,12648.91304347826,23,-3717.869565217392,-0.2576825440766406
4069,MALLORCA - BALMES  (sentit Llobregat),2.15928875441747,41.3913375903375,442.2,478.0,13.9,250_500m,250_500m,"2017,2018,2019,2020,2021,2022,2023,2024,2025",undirected_osm_highway_utm31n,250_500m,other,False,False,15790.363636363636,22,15978.25,8,187.88636363636397,0.01182856491364781
4070,PELAI - RONDA UNIVERSITAT  (sentit Besòs),2.16682285923792,41.3857203495775,444.3,525.1,5.0,500_1000m,250_500m,"2017,2018,2019,2020,2021,2022,2023,2024,2025",undirected_osm_highway_utm31n,500_1000m,tac2020_other,False,True,15897.923076923076,13,8596.458333333334,24,-7301.464743589742,-0.6148381798690377
5019,TRAFALGAR - MENDEZ NÚÑEZ  (sentit Besòs),2.17786829912579,41.3902876037345,455.7,461.8,29.3,250_500m,250_500m,"2017,2018,2019,2020,2021,2022,2025",undirected_osm_highway_utm31n,250_500m,other,False,False,5631.375,24,8157.888888888889,9,2526.5138888888887,0.3706317812202542
3022,CREU COBERTA - PL. ESPANYA (Pujada),2.1467520255421,41.3752006812414,459.7,803.2,12.1,500_1000m,250_500m,"2017,2018,2019,2020,2021,2022,2023,2024,2025",undirected_osm_highway_utm31n,500_1000m,other,False,False,10445.0,23,7134.95,20,-3310.05,-0.3811181518127622
3021,CREU COBERTA - BÉJAR (Baixada),2.14676982982649,41.3751288229608,465.9,803.2,11.8,500_1000m,250_500m,"2017,2018,2019,2020,2021,2022,2023,2024,2025",undirected_osm_highway_utm31n,500_1000m,other,False,False,10179.384615384615,13,6375.875,16,-3803.5096153846152,-0.467843222412176
4099,BALMES - MALLORCA (baixada),2.15934927414176,41.3917902636396,473.8,480.6,1.9,250_500m,250_500m,"2017,2018,2019,2020,2021,2022,2023,2024,2025",undirected_osm_highway_utm31n,250_500m,other,False,False,35888.619047619046,21,29048.625,24,-6839.994047619046,-0.21144907706934823
4092,ARIBAU - MALLORCA  (sentit muntanya),2.15699493900883,41.3901462977523,477.8,476.1,9.3,250_500m,250_500m,"2017,2018,2019,2020,2021,2022,2023,2024,2025",undirected_osm_highway_utm31n,250_500m,other,False,False,21914.190476190477,21,19243.333333333332,24,-2670.857142857145,-0.1299697135271174
6026,PG. SANT JOAN - INDÚSTRIA (Baixada),2.16549561683824,41.4022539572222,528.8,725.5,19.1,500_1000m,500_1000m,"2017,2018,2019,2020,2021,2022,2023,2024,2025",undirected_osm_highway_utm31n,500_1000m,other,False,False,10628.285714285714,7,9173.875,24,-1454.4107142857138,-0.1471591400830956
4019,MARINA - DIPUTACIÓ (pujada),2.17953138379849,41.4004509378448,534.3,635.8,37.0,500_1000m,500_1000m,"2017,2018,2019,2020,2021,2022,2023,2024,2025",undirected_osm_highway_utm31n,500_1000m,other,False,False,44903.5,24,27500.272727272728,22,-17403.227272727272,-0.49031982073369385
4032,VALÈNCIA - SARDENYA  (sentit Besòs),2.17592696473159,41.4021296117717,545.9,750.0,3.0,500_1000m,500_1000m,"2017,2018,2019,2020,2021,2022,2023,2024,2025",undirected_osm_highway_utm31n,500_1000m,tac2020_other,False,True,20536.083333333332,24,15073.136363636364,22,-5462.946969696968,-0.30926939080675453
4081,ROSSELLÓ - PG. DE GRÀCIA (sentit Besòs),2.16105455665482,41.3961020872117,547.7,643.2,35.5,500_1000m,500_1000m,"2017,2018,2019,2020,2021,2022,2023,2024,2025",undirected_osm_highway_utm31n,500_1000m,other,False,False,9425.454545454546,22,8684.916666666666,24,-740.5378787878799,-0.08182615524587433
4050,PASSEIG DE GRÀCIA - PROVENÇA (Pujada),2.16128392270725,41.3951762991631,568.1,735.5,15.6,500_1000m,500_1000m,"2017,2019,2020,2021,2022,2023,2024,2025",undirected_osm_highway_utm31n,500_1000m,other,False,False,15554.555555555555,9,13745.217391304348,23,-1809.3381642512068,-0.12366261997228456
3016,GRAN VIA - MÈXIC (Lateral Entrada),2.14780545152451,41.3737883667861,572.6,783.9,7.4,500_1000m,500_1000m,"2017,2018,2019,2020,2021,2022,2023,2024",undirected_osm_highway_utm31n,500_1000m,tac2020_other,True,True,25566.11111111111,18,14863.0,6,-10703.11111111111,-0.5423927866195033
4045,PASSEIG DE GRÀCIA - ROSSELLÓ (Baixada),2.16121790070137,41.3951049670639,576.6,735.5,17.0,500_1000m,500_1000m,"2017,2019,2020,2021,2022,2023,2024,2025",undirected_osm_highway_utm31n,500_1000m,other,False,False,6851.888888888889,9,4645.166666666667,24,-2206.7222222222217,-0.38869711196720047
4041,PROVENÇA - BALMES  (sentit Llobregat),2.15808497115376,41.3921622573913,578.1,617.6,14.0,500_1000m,500_1000m,"2017,2018,2019,2020,2021,2022,2023,2024,2025",undirected_osm_highway_utm31n,500_1000m,other,False,False,8846.444444444445,18,8124.347826086957,23,-722.0966183574883,-0.08515016316804314
4015,MUNTANER - ROSSELLÓ  (sentit mar),2.1544218274295,41.3903713401314,581.5,634.3,24.6,500_1000m,500_1000m,"2017,2018,2019,2020,2021,2022,2023,2024,2025",undirected_osm_highway_utm31n,500_1000m,other,False,False,14567.045454545454,22,14305.217391304348,23,-261.82806324110607,-0.018137493577757624
4038,SARDENYA - CASP  (sentit mar),2.18173768883239,41.3970756592755,588.9,801.5,18.7,500_1000m,500_1000m,"2017,2018,2019,2020,2021,2022,2023,2024,2025",undirected_osm_highway_utm31n,500_1000m,other,False,False,6459.894736842105,19,7663.75,24,1203.855263157895,0.17088839703949255
5014,PELAI - BALMES,2.16922932842103,41.3855471554975,601.3,626.1,4.5,500_1000m,500_1000m,"2017,2018,2019,2021,2022,2023,2024,2025",undirected_osm_highway_utm31n,500_1000m,tac2020_other,False,True,40346.666666666664,9,20846.809523809523,21,-19499.85714285714,-0.6603078647167919
4020,MARINA - GRAN VIA (Baixada),2.1817417074382,41.3986563805349,607.6,801.3,27.3,500_1000m,500_1000m,"2017,2018,2019,2020,2021,2022,2023,2024,2025",undirected_osm_highway_utm31n,500_1000m,other,False,False,1581.6521739130435,23,1481.375,24,-100.2771739130435,-0.06549926986202337
6005,CÒRSEGA - NÀPOLS  (sentit Llobregat),2.16818331001933,41.4031772143077,611.6,843.3,9.9,500_1000m,500_1000m,"2017,2018,2019,2020,2021,2022,2023,2024,2025",undirected_osm_highway_utm31n,500_1000m,other,False,False,15991.333333333334,24,16748.375,16,757.0416666666661,0.046254329820721196
5012,FONTANELLA - PL. CATALUNYA,2.17174353946815,41.3872745114631,616.9,776.2,16.4,500_1000m,500_1000m,"2017,2018,2019,2020,2021,2022,2023,2024,2025",undirected_osm_highway_utm31n,500_1000m,other,False,False,14532.1,10,11221.916666666666,24,-3310.1833333333343,-0.2584912842889562
4083,MARINA - CASP (Pujada),2.18183500793533,41.398739728411,617.5,801.3,25.9,500_1000m,500_1000m,"2017,2018,2019,2020,2021,2022,2023,2024,2025",undirected_osm_highway_utm31n,500_1000m,other,False,False,19554.25,24,17085.75,24,-2468.5,-0.13494787134962039
6004,ROSSELLÓ - NÀPOLS (sentit Besòs),2.17019732723134,41.4029424426241,622.8,832.7,9.8,500_1000m,500_1000m,"2017,2018,2019,2020,2021,2022,2023,2024,2025",undirected_osm_highway_utm31n,500_1000m,other,False,False,26025.916666666668,24,23150.590909090908,22,-2875.32575757576,-0.11707253098597192
4040,BALMES - ROSSELLÓ (baixada),2.15768899888382,41.3930505058183,670.8,697.0,17.5,500_1000m,500_1000m,"2017,2018,2019,2020,2021,2022,2023,2024,2025",undirected_osm_highway_utm31n,500_1000m,other,False,False,34973.333333333336,15,29274.466666666667,15,-5698.866666666669,-0.17787017505998648
5017,PG. LLUÍS COMPANYS - ALMOGÀVERS (Pujada),2.18142013340698,41.3910021306038,679.3,842.1,22.5,500_1000m,500_1000m,"2017,2018,2019,2020,2021,2022,2023,2024,2025",undirected_osm_highway_utm31n,500_1000m,other,False,False,7472.375,24,12216.0,15,4743.625,0.49153368088296645
4086,JARDINS SALVADOR ESPRIU -DIAGONAL  (sentit Llobregat),2.15920458873656,41.3970883113916,681.1,763.3,12.0,500_1000m,500_1000m,"2017,2018,2019,2020,2021,2022,2023,2024,2025",undirected_osm_highway_utm31n,500_1000m,other,False,False,14790.130434782608,23,10222.347826086956,23,-4567.782608695652,-0.3693838088317474
4054,LEPANT - DIPUTACIÓ  (sentit mar),2.18152930913028,41.4007236955616,685.9,785.1,16.7,500_1000m,500_1000m,"2017,2018,2019,2020,2021,2022,2023,2024,2025",undirected_osm_highway_utm31n,500_1000m,other,False,False,19798.666666666668,21,18081.35,20,-1717.3166666666693,-0.09073357504760793
2001,PARÍS - VILADOMAT (sentit Besòs),2.1465047471315,41.3885296827205,691.7,815.2,29.2,500_1000m,500_1000m,"2017,2018,2019,2020,2021,2022,2023,2024,2025",undirected_osm_highway_utm31n,500_1000m,other,False,False,9954.285714285714,21,11521.91304347826,23,1567.6273291925463,0.1462475207938425
4096,ROSSELLÓ - ARIBAU (sentit Besòs),2.15547146519011,41.391862456137,694.9,736.8,19.5,500_1000m,500_1000m,"2017,2018,2019,2020,2021,2022,2023,2024,2025",undirected_osm_highway_utm31n,500_1000m,other,False,False,7872.083333333333,24,7560.541666666667,24,-311.54166666666606,-0.04037990908252631
4039,ROSSELLÓ - BALMES (sentit Besòs),2.15782762359234,41.3936544186481,709.5,779.0,5.2,500_1000m,500_1000m,"2017,2018,2019,2020,2021,2022,2023,2024,2025",undirected_osm_highway_utm31n,500_1000m,other,False,False,15597.23076923077,13,13764.375,24,-1832.8557692307695,-0.1250096511539578
5020,ALMOGÀVERS - ROGER DE FLOR  (sentit Llobregat),2.18214874228289,41.3912139162087,730.8,913.9,20.8,500_1000m,500_1000m,"2017,2018,2019,2020,2021,2022,2023,2024,2025",undirected_osm_highway_utm31n,500_1000m,other,False,False,5163.166666666667,24,3744.7391304347825,23,-1418.4275362318845,-0.32119812990199215
4076,ARAGÓ - PADILLA (sentit Llobregat),2.17932605908427,41.4029586518706,737.7,863.9,11.6,500_1000m,500_1000m,"2017,2019,2020,2021,2022,2023,2024,2025",undirected_osm_highway_utm31n,500_1000m,tac2020_other,False,True,47044.75,8,33760.181818181816,22,-13284.568181818184,-0.3318172210606978
3030,VILADOMAT - PARLAMENT  (sentit mar),2.16244637583804,41.3757914645701,744.2,869.0,21.2,500_1000m,500_1000m,"2017,2018,2019,2020,2021,2022,2023,2024,2025",undirected_osm_highway_utm31n,500_1000m,other,False,False,9963.782608695652,23,10332.2,20,368.4173913043487,0.03630845289481144
4006,PARÍS - VILLARROEL,2.14982266490774,41.3910511523403,758.2,933.0,20.6,500_1000m,500_1000m,"2017,2018,2019,2020,2021,2022,2023,2024,2025",undirected_osm_highway_utm31n,500_1000m,other,False,False,16554.04761904762,21,28201.041666666668,24,11646.99404761905,0.5327282747484734
5018,PG. LLUÍS COMPANYS - REC COMTAL (Baixada),2.18177593556833,41.3896230949241,768.3,922.9,10.4,500_1000m,500_1000m,"2017,2018,2019,2020,2021,2022,2023,2024,2025",undirected_osm_highway_utm31n,500_1000m,other,False,False,14251.833333333334,24,15855.0,22,1603.166666666666,0.10659935458023106
6007,INDÚSTRIA - NÀPOLS  (sentit Besòs),2.16788571857009,41.404637037895,771.5,1065.6,15.1,1_2km,500_1000m,"2017,2018,2019,2020,2021,2022,2023,2024,2025",undirected_osm_highway_utm31n,1_2km,tac2020_other,False,True,7780.25,24,3806.1666666666665,24,-3974.0833333333335,-0.7149659129287169
6025,SARDENYA - ROSSELLÓ  (sentit Besòs),2.17242685787606,41.4040466489192,772.8,983.1,21.3,500_1000m,500_1000m,"2017,2018,2019,2020,2021,2022,2023,2024,2025",undirected_osm_highway_utm31n,500_1000m,other,False,False,14628.857142857143,21,13164.454545454546,22,-1464.4025974025972,-0.10547573469150606
4094,VILLARROEL - PARÍS  (sentit mar),2.14902608916375,41.3910706879931,785.8,936.7,18.1,500_1000m,500_1000m,"2017,2018,2019,2020,2021,2022,2023,2024,2025",undirected_osm_highway_utm31n,500_1000m,other,False,False,11916.347826086956,23,11060.583333333334,24,-855.7644927536221,-0.07452348694174127
4037,GRAN VIA - LEPANT (Besòs),2.18315468669706,41.400525643884,792.3,966.8,11.2,500_1000m,500_1000m,"2017,2019,2020,2021,2022,2023,2024,2025",undirected_osm_highway_utm31n,500_1000m,tac2020_other,True,True,37909.166666666664,6,38782.65217391304,23,873.4855072463761,0.022780090326751434
3029,RONDA DE SANT PAU - MARQUES DE CAMPO SAGRADO  (sentit muntanya),2.1651407805836,41.3771536877082,818.2,949.4,6.8,500_1000m,500_1000m,"2017,2018,2019,2020,2021,2022,2023,2024,2025",undirected_osm_highway_utm31n,500_1000m,other,False,False,13926.0,24,12991.916666666666,24,-934.0833333333339,-0.06943022732521698
4055,PADILLA - GRAN VIA  (sentit muntanya),2.18306888271222,41.4012229046827,824.1,994.7,15.2,500_1000m,500_1000m,"2017,2018,2019,2020,2021,2022,2023,2024,2025",undirected_osm_highway_utm31n,500_1000m,other,False,False,10494.25,20,17094.0,21,6599.75,0.48790003662604065
4007,AV. DIAGONAL - RAMBLA CATALUNYA (Baixada),2.15750682596104,41.3959672761549,839.3,874.9,29.8,500_1000m,500_1000m,"2017,2019,2020,2021,2022,2023,2024,2025",undirected_osm_highway_utm31n,500_1000m,other,False,False,28131.0,6,16558.25,24,-11572.75,-0.5299877040611243
4003,ARIBAU - CÒRSEGA  (sentit muntanya),2.15359903533125,41.3927377009934,844.8,870.2,19.2,500_1000m,500_1000m,"2017,2018,2019,2020,2021,2022,2023,2024,2025",undirected_osm_highway_utm31n,500_1000m,other,False,False,23279.416666666668,24,22039.434782608696,23,-1239.981884057972,-0.05473622639185827
4011,CASANOVA - PARÍS  (sentit muntanya),2.15007571947828,41.3919934955964,850.8,938.2,34.6,500_1000m,500_1000m,"2017,2018,2019,2020,2021,2022,2023,2024,2025",undirected_osm_highway_utm31n,500_1000m,other,False,False,17756.875,24,14872.666666666666,24,-2884.208333333334,-0.17724768849218187
4012,LONDRES - CASANOVA,2.1490220490932,41.3921410662462,895.2,1075.5,24.7,1_2km,500_1000m,"2017,2018,2019,2020,2021,2022,2023,2024,2025",undirected_osm_highway_utm31n,1_2km,other,False,False,4030.4166666666665,24,4377.958333333333,24,347.5416666666665,0.08271271992548535
3032,COMTE BORRELL- MARQUÈS DE CAMPO SAGRADO  (sentit mar),2.16475845609665,41.3757177171978,898.0,1131.1,3.0,1_2km,500_1000m,"2017,2018,2019,2020,2021,2022,2023,2024,2025",undirected_osm_highway_utm31n,1_2km,other,False,False,4189.954545454545,22,3043.0,20,-1146.954545454545,-0.3198460146201647
6008,SANT ANTONI MARIA CLARET - SICÍLIA  (sentit Llobregat),2.16718733665132,41.4058213534936,901.8,1282.2,17.1,1_2km,500_1000m,"2017,2018,2019,2020,2021,2022,2023,2024,2025",undirected_osm_highway_utm31n,1_2km,other,False,False,22392.416666666668,24,21970.133333333335,15,-422.28333333333285,-0.019038404616248172
4001,URGELL - BUENOS AIRES  (sentit mar),2.14641817842831,41.3912813283886,918.1,1243.2,4.7,1_2km,500_1000m,"2017,2018,2019,2020,2021,2022,2023,2024,2025",undirected_osm_highway_utm31n,1_2km,other,False,False,14536.869565217392,23,6040.826086956522,23,-8496.04347826087,-0.8781473788389924
3007,GRAN VIA - FARELL (Sortida),2.14429511912127,41.3714598785271,922.6,1168.6,18.5,1_2km,500_1000m,"2017,2018,2019,2020,2021,2022,2023,2024,2025",undirected_osm_highway_utm31n,1_2km,tac2020_other,True,True,35876.90909090909,22,42433.17391304348,23,6556.264822134392,0.1678365721877615
4089,BÀLMES - PARÍS (baixada),2.1554440540201,41.3947839585255,939.6,946.6,2.4,500_1000m,500_1000m,"2017,2019,2020,2021,2022,2023,2024,2025",undirected_osm_highway_utm31n,500_1000m,other,False,False,29198.125,8,25285.875,24,-3912.25,-0.14385855545324766
4088,PARÍS - ARIBAU  (sentit Besòs),2.1532501090812,41.3936224740716,945.9,1043.5,17.0,1_2km,500_1000m,"2017,2018,2019,2020,2021,2022,2023,2024,2025",undirected_osm_highway_utm31n,1_2km,other,False,False,12731.863636363636,22,10907.958333333334,24,-1823.905303030302,-0.15461515390527047
4087,MUNTANER - LONDRES  (sentit mar),2.15089365575303,41.3930509929197,949.1,1070.2,7.6,1_2km,500_1000m,"2017,2018,2019,2020,2021,2022,2023,2025",undirected_osm_highway_utm31n,1_2km,other,False,False,14640.263157894737,19,9160.625,8,-5479.638157894737,-0.4688610758382179
5027,PG. PUJADES - WELLINGTON (Llobregat),2.18501329421997,41.3901733502094,993.4,1208.7,8.9,1_2km,500_1000m,"2017,2019,2020,2021,2022,2023,2024,2025",undirected_osm_highway_utm31n,1_2km,other,False,False,2793.5,8,2209.478260869565,23,-584.021739130435,-0.23453888331341943
3027,AV. PARAL·LEL - COMTE BORRELL (Muntanya),2.16545762827654,41.375002586274,995.7,1122.9,2.5,1_2km,500_1000m,"2017,2019,2020,2021,2022,2023,2024,2025",undirected_osm_highway_utm31n,1_2km,other,False,False,12131.142857142857,7,10380.944444444445,18,-1750.1984126984116,-0.15580407538506336
5026,PG. PUJADES - ROGER DE FLOR (Besós),2.18510436978086,41.3901035183585,1003.1,1214.7,12.9,1_2km,1_2km,"2017,2018,2019,2020,2021,2022,2023,2024,2025",undirected_osm_highway_utm31n,1_2km,other,False,False,5452.45,20,3661.55,20,-1790.8999999999996,-0.39817849391476834
2004,NUMÀNCIA - MARQUES DE SENTMENAT V (sentit mar),2.13747872461352,41.3847091760812,1012.5,1268.3,5.0,1_2km,1_2km,"2017,2018,2019,2020,2021,2022,2023,2024,2025",undirected_osm_highway_utm31n,1_2km,other,False,False,28413.0,23,24701.095238095237,21,-3711.9047619047633,-0.13999920263791488
4018,AV. MERIDIANA - LEPANT (Baixada),2.18674524208719,41.396298174752,1013.1,1442.5,17.0,1_2km,1_2km,"2017,2018,2019,2020,2021,2022,2023,2024,2025",undirected_osm_highway_utm31n,1_2km,other,False,False,4605.291666666667,24,5761.041666666667,24,1155.75,0.22391229861058015
4056,CONSELL DE CENT - CASTILLEJOS,2.1830778515996,41.4040640465821,1026.9,1071.2,10.9,1_2km,1_2km,"2017,2018,2019,2020,2021,2022,2025",undirected_osm_highway_utm31n,1_2km,phase1_axis,False,False,11381.625,16,8570.125,8,-2811.5,-0.2837178946125256
1015,AV. SARRIÀ - AV. JOSEP TARRADELLAS,2.14307827376168,41.3905703600706,1041.6,1160.9,21.0,1_2km,1_2km,"2017,2018,2019,2020,2021,2022,2023,2024,2025",undirected_osm_highway_utm31n,1_2km,other,False,False,38870.57142857143,21,25947.5,24,-12923.071428571428,-0.4041621799168116
4014,AV. DIAGONAL - MUNTANER (Baixada),2.15026113948453,41.3941742332562,1081.8,1312.5,16.4,1_2km,1_2km,"2017,2019,2020,2021,2022,2023,2024,2025",undirected_osm_highway_utm31n,1_2km,other,False,False,35949.7,10,10562.375,24,-25387.324999999997,-1.2248225809149922
4017,AV. DIAGONAL - TUSET (Pujada),2.15267479025878,41.3948599364483,1090.7,1220.1,25.8,1_2km,1_2km,"2017,2019,2020,2021,2022,2023,2024,2025",undirected_osm_highway_utm31n,1_2km,other,False,False,35969.36363636364,11,17079.833333333332,24,-18889.530303030308,-0.7447691357291824
8039,VIA AUGUSTA - LA GRANADA DEL PENEDÉS (Baixada),2.15410931845948,41.3975124778552,1104.2,1290.3,11.2,1_2km,1_2km,"2017,2018,2019,2020,2021,2022,2023,2024,2025",undirected_osm_highway_utm31n,1_2km,other,False,False,9335.625,24,5995.285714285715,21,-3340.3392857142853,-0.44286428097533026
8038,VIA AUGUSTA - LUÍS ANTÚNEZ (Pujada),2.15401381751333,41.3978098948573,1112.1,1293.6,6.8,1_2km,1_2km,"2017,2018,2019,2020,2021,2022,2023,2024,2025",undirected_osm_highway_utm31n,1_2km,other,False,False,8854.5,20,4210.958333333333,24,-4643.541666666667,-0.7432355499560561
6013,SARDENYA - PARE LAÍNEZ  (sentit mar),2.16732803370528,41.407913402577,1134.0,1571.8,25.3,1_2km,1_2km,"2017,2018,2019,2020,2021,2022,2023,2024,2025",undirected_osm_highway_utm31n,1_2km,other,False,False,12032.277777777777,18,7949.125,24,-4083.1527777777774,-0.41453099380912306
2018,PG. SANT ANTONI - ALCOLEA (Besòs),2.136317347654,41.3762008780484,1139.4,1331.5,16.0,1_2km,1_2km,"2017,2018,2019,2020,2021,2022,2023,2024,2025",undirected_osm_highway_utm31n,1_2km,other,False,False,5164.5625,16,4302.583333333333,24,-861.979166666667,-0.18260477674034092
4093,ARIBAU - DIAGONAL  (sentit muntanya),2.15072212519473,41.394889827339,1152.6,1412.9,9.7,1_2km,1_2km,"2017,2018,2019,2020,2021,2022,2023,2024,2025",undirected_osm_highway_utm31n,1_2km,other,False,False,18224.8,10,14936.083333333334,24,-3288.7166666666653,-0.19900331831292384
3034,AV. PARAL·LEL - RONDA SANT PAU (Baixada),2.16831302975081,41.3748330708772,1185.4,1343.2,25.9,1_2km,1_2km,"2017,2018,2019,2020,2021,2022,2023,2024,2025",undirected_osm_highway_utm31n,1_2km,other,False,False,18311.043478260868,23,17899.25,12,-411.79347826086814,-0.0227455340631888
4036,BALMES - LA GRANADA (baixada),2.15303677508137,41.396634928461,1199.1,1245.6,9.6,1_2km,1_2km,"2017,2018,2019,2020,2021,2022,2023,2024,2025",undirected_osm_highway_utm31n,1_2km,other,False,False,30713.68181818182,22,26208.333333333332,24,-4505.348484848488,-0.1586307907929445
3036,AV. PARAL·LEL - ABAT SAFONT (Pujada),2.16948927505589,41.3749768556568,1254.6,1471.2,9.0,1_2km,1_2km,"2017,2018,2019,2020,2021,2022,2023,2024,2025",undirected_osm_highway_utm31n,1_2km,other,False,False,26764.31818181818,22,19335.130434782608,23,-7429.187747035572,-0.3251459181936962
8001,TRAVESSERA DE GRÀCIA - BALMES,2.15226502058198,41.3978316255444,1258.3,1422.9,4.6,1_2km,1_2km,"2017,2019,2020,2021,2022,2023,2024,2025",undirected_osm_highway_utm31n,1_2km,other,False,False,18077.833333333332,6,11688.42857142857,21,-6389.4047619047615,-0.43608716860417296
2002,ENTENÇA - DEU I MATA  (sentit muntanya),2.13796914924406,41.3900018374214,1262.4,1391.6,22.8,1_2km,1_2km,"2017,2018,2019,2020,2021,2022,2023,2024,2025",undirected_osm_highway_utm31n,1_2km,other,False,False,23852.666666666668,9,23501.5,18,-351.1666666666679,-0.014831772106903784
3008,GRAN VIA - MOIANÈS (Sortida),2.14132174763906,41.3691598112449,1268.9,1533.6,8.5,1_2km,1_2km,"2017,2018,2019,2020,2021,2022,2023,2024,2025",undirected_osm_highway_utm31n,1_2km,tac2020_other,True,True,38124.63636363636,22,34739.34782608696,23,-3385.2885375494006,-0.09298770923928501
1002,AV. DIAGONAL - AV. SARRIÀ (Entrada),2.13996624545115,41.3914833997392,1270.0,1576.4,7.4,1_2km,1_2km,"2017,2018,2019,2020,2021,2022,2023,2024,2025",undirected_osm_highway_utm31n,1_2km,other,False,False,19796.125,24,14341.0,12,-5455.125,-0.32236364372957915
4085,VALÈNCIA - DOS DE MAIG  (sentit Besòs),2.18255362625234,41.4071224828227,1272.9,1458.7,10.9,1_2km,1_2km,"2017,2018,2019,2020,2021,2022,2023,2024,2025",undirected_osm_highway_utm31n,1_2km,tac2020_other,False,True,12626.333333333334,24,12733.181818181818,22,106.84848484848408,0.008426747631880005
1005,AV. DIAGONAL - BEETHOVEN (Sortida),2.13989839005131,41.391564053921,1280.6,1576.4,9.0,1_2km,1_2km,"2017,2019,2020,2021,2022,2023,2024,2025",undirected_osm_highway_utm31n,1_2km,other,False,False,15347.375,8,20064.416666666668,12,4717.041666666668,0.2680034814768213
6022,CÒRSEGA - CARTAGENA  (sentit Llobregat),2.1760050615462,41.4090226084192,1306.1,1744.9,29.9,1_2km,1_2km,"2017,2018,2019,2020,2021,2022,2023,2024,2025",undirected_osm_highway_utm31n,1_2km,other,False,False,9876.75,20,8284.78947368421,19,-1591.96052631579,-0.17576227025964997
4057,ARAGÓ - INDEPENDÈNCIA (sentit Llobregat),2.18431180885805,41.4067177814795,1318.7,1417.1,7.0,1_2km,1_2km,"2017,2019,2020,2021,2022,2023,2024,2025",undirected_osm_highway_utm31n,1_2km,tac2020_other,False,True,42090.0,8,34584.857142857145,14,-7505.142857142855,-0.19639425134834632
6023,ROSSELLÓ - CASTILLEJOS (sentit Besòs),2.17812948884698,41.4089008487539,1319.5,1769.4,20.0,1_2km,1_2km,"2017,2018,2019,2020,2021,2022,2023,2024,2025",undirected_osm_highway_utm31n,1_2km,other,False,False,22810.473684210527,19,16546.916666666668,24,-6263.557017543859,-0.3210200222584252
8027,GRAN DE GRÀCIA - RAMBLA DEL PRAT (sentit muntanya),2.15271723555697,41.4023133243744,1324.5,1568.5,13.3,1_2km,1_2km,"2017,2018,2019,2020,2021,2022,2023,2024,2025",undirected_osm_highway_utm31n,1_2km,other,False,False,12969.25,24,10244.708333333334,24,-2724.541666666666,-0.23581985879098966
8018,MUNTANER - AVENIR (sentit mar),2.14729341908372,41.3957928679685,1325.4,1533.7,28.0,1_2km,1_2km,"2017,2018,2019,2020,2021,2022,2023,2024,2025",undirected_osm_highway_utm31n,1_2km,other,False,False,16815.666666666668,24,12617.0,20,-4198.666666666668,-0.28726588060115077
5016,AV. MARQUÉS DE L'ARGENTERA - COMERÇ (Besós),2.18515306818641,41.3846574778002,1327.2,1630.3,14.5,1_2km,1_2km,"2017,2018,2019,2020,2021,2022,2023,2025",undirected_osm_highway_utm31n,1_2km,other,False,False,11642.0,19,17546.85714285714,7,5904.857142857141,0.4102556048464798
5015,AV. MARQUÉS DE L'ARGENTERA - COMERÇ (Llobregat),2.18466469757436,41.3841889492404,1335.3,1638.9,2.2,1_2km,1_2km,"2017,2018,2019,2020,2022,2023,2025",undirected_osm_highway_utm31n,1_2km,other,False,False,6561.25,16,3485.8571428571427,7,-3075.3928571428573,-0.632467167573779
2011,TRAVESSERA DE LES CORTS - VILAMUR (Llobregat),2.13371166810962,41.3860268567946,1355.7,1625.6,11.9,1_2km,1_2km,"2017,2018,2019,2020,2021,2022,2023,2024,2025",undirected_osm_highway_utm31n,1_2km,other,False,False,16189.583333333334,12,15870.52380952381,21,-319.05952380952476,-0.01990449104249059
2026,C. DE SANTS - JOAN GÜELL (Sentit Hospitalet),2.13344096127324,41.3754717017484,1392.7,1620.3,4.0,1_2km,1_2km,"2017,2018,2019,2020,2021,2022,2023,2024,2025",undirected_osm_highway_utm31n,1_2km,other,False,False,14880.058823529413,17,6785.75,12,-8094.308823529413,-0.7851971574619867
7007,AV. MERIDIANA - CONSELL DE CENT (Entrada),2.1866805713494,41.4063190756375,1416.2,1575.0,22.1,1_2km,1_2km,"2017,2018,2019,2020,2021,2022,2023,2024,2025",undirected_osm_highway_utm31n,1_2km,other,False,False,1804.8,15,1585.3333333333333,24,-219.4666666666667,-0.129655092161177
6011,LEPANT - LLORENS I BARBA  (sentit mar),2.16879034684606,41.4104641697786,1422.0,2009.1,20.6,gt_2km_control,1_2km,"2017,2018,2019,2020,2021,2022,2023,2024,2025",undirected_osm_highway_utm31n,control_gt2km,other,False,False,27179.090909090908,22,26776.066666666666,15,-403.0242424242424,-0.014939507412538688
9004,LLULL- MARINA (sentit Besòs),2.19072664073008,41.3926226236707,1422.6,1848.7,15.1,1_2km,1_2km,"2017,2018,2019,2020,2021,2022,2023,2024,2025",undirected_osm_highway_utm31n,1_2km,other,False,False,4196.782608695652,23,3456.913043478261,23,-739.869565217391,-0.1939421793070295
7017,AV. MERIDIANA - CLOT (Sortida),2.18706002103312,41.406326935864,1439.4,1605.8,8.7,1_2km,1_2km,"2017,2018,2019,2020,2021,2022,2023,2024,2025",undirected_osm_highway_utm31n,1_2km,other,False,False,7357.538461538462,13,3323.875,24,-4033.663461538462,-0.7945941576487119
2027,C. DE SANTS - SANT MEDIR (Sentit Pl. Espanya),2.13281531900884,41.375427012794,1444.5,1682.7,8.2,1_2km,1_2km,"2017,2018,2019,2020,2021,2022,2023,2024,2025",undirected_osm_highway_utm31n,1_2km,other,False,False,8190.090909090909,22,5219.958333333333,24,-2970.132575757576,-0.45043557807183454
5005,PLA DE PALAU - PG. ISABEL II (Sentit Barceloneta),2.18378480321083,41.3822897274376,1450.3,1906.2,12.1,1_2km,1_2km,"2017,2018,2019,2020,2021,2022,2023,2024,2025",undirected_osm_highway_utm31n,1_2km,other,False,False,7634.416666666667,24,5648.181818181818,11,-1986.234848484849,-0.3013328419423438
2022,TRAV. DE LES CORTS - GALILEU (Besòs),2.13204774127371,41.3848966969433,1460.1,1761.2,11.6,1_2km,1_2km,"2017,2018,2019,2020,2021,2022,2023,2024,2025",undirected_osm_highway_utm31n,1_2km,other,False,False,4427.0,16,2964.375,24,-1462.625,-0.40105593610029544
2013,NUMÀNCIA - ANGLESOLA  (sentit mar),2.13363873768197,41.3885020912706,1466.5,1721.3,17.4,1_2km,1_2km,"2017,2018,2019,2020,2021,2022,2023,2024,2025",undirected_osm_highway_utm31n,1_2km,other,False,False,35822.041666666664,24,21836.555555555555,18,-13985.48611111111,-0.4949779671799277
6012,PADILLA - ROSALIA DE CASTRO  (sentit muntanya),2.17056617665228,41.410725022038,1469.5,2032.8,2.0,gt_2km_control,1_2km,"2017,2018,2019,2020,2021,2022,2023,2024,2025",undirected_osm_highway_utm31n,control_gt2km,other,False,False,15608.894736842105,19,15599.083333333334,24,-9.811403508771036,-0.0006287753605800361
2023,TRAV. DE LES CORTS - GALILEU (Llobregat),2.13156468172109,41.3846559474015,1495.1,1759.2,10.9,1_2km,1_2km,"2017,2018,2019,2020,2021,2022,2023,2024,2025",undirected_osm_highway_utm31n,1_2km,other,False,False,13690.875,16,10760.291666666666,24,-2930.583333333334,-0.2408668915906862
9005,RAMON TRIAS FARGAS - DR. TRUETA (sentit mar),2.19126302621543,41.3898153718424,1507.7,1945.3,2.1,1_2km,1_2km,"2017,2018,2019,2020,2021,2022,2023,2024,2025",undirected_osm_highway_utm31n,1_2km,other,False,False,7791.166666666667,24,6720.045454545455,22,-1071.121212121212,-0.14789569474314668
1014,AV. SARRIÀ - DOCTOR FLEMING (pujada),2.1359160000107,41.3916298692755,1511.0,1613.8,18.0,1_2km,1_2km,"2017,2018,2019,2020,2021,2022,2023,2024,2025",undirected_osm_highway_utm31n,1_2km,other,False,False,10824.3,10,11891.125,24,1066.8250000000007,0.09399871688158434
5010,PG. COLOM - PL. D’IDRISSA DAILO (Llobregat),2.18137804232241,41.3805492721174,1513.9,1821.0,5.1,1_2km,1_2km,"2017,2018,2019,2020,2021,2022,2023,2024,2025",undirected_osm_highway_utm31n,1_2km,other,False,False,23072.541666666668,24,18522.8,15,-4549.741666666669,-0.21964083236239063
8020,AV.DE LA RIERA DE CASSOLES - VALLIRANA (Baixada),2.15035152730765,41.4024623783223,1514.4,1839.6,4.0,1_2km,1_2km,"2017,2018,2019,2020,2021,2022,2023,2024,2025",undirected_osm_highway_utm31n,1_2km,other,False,False,15341.5,6,12887.09090909091,22,-2454.40909090909,-0.1743354691242356
5007,PL. PAU VILA - DOCTOR AIGUADER (Sentit Pla de Palau),2.18530039455833,41.3823228889574,1525.3,1941.2,7.6,1_2km,1_2km,"2017,2018,2019,2020,2021,2022,2023,2024,2025",undirected_osm_highway_utm31n,1_2km,other,False,False,13656.833333333334,24,13683.833333333334,12,27.0,0.00197508049867956
2020,AV. MADRID - TENOR MASINI (Besòs),2.13105365778254,41.3803288751531,1533.3,1812.8,8.0,1_2km,1_2km,"2017,2018,2019,2020,2021,2022,2023,2024,2025",undirected_osm_highway_utm31n,1_2km,other,False,False,16637.125,24,14815.78947368421,19,-1821.33552631579,-0.11594317560988188
2021,AV. MADRID - LLUÇÀ (Llobregat),2.13101466622061,41.380386227348,1535.7,1812.8,5.0,1_2km,1_2km,"2017,2018,2019,2020,2021,2022,2023,2024,2025",undirected_osm_highway_utm31n,1_2km,other,False,False,3951.217391304348,23,4871.1578947368425,19,919.9405034324946,0.2093079378008671
8032,RIERA DE CASSOLES - LES CAROLINES (Pujada),2.15005680018936,41.4029648690438,1557.6,1902.4,3.0,1_2km,1_2km,"2017,2018,2019,2020,2021,2022,2023,2024,2025",undirected_osm_highway_utm31n,1_2km,other,False,False,7955.375,8,5963.590909090909,22,-1991.784090909091,-0.2881749996707015
5004,PAS SOTA MURALLA - LLAUDER (Llobregat),2.18397743124051,41.3810969944889,1568.2,1893.2,3.0,1_2km,1_2km,"2017,2018,2019,2020,2021,2022,2023,2024,2025",undirected_osm_highway_utm31n,1_2km,other,False,False,11329.565217391304,23,3461.7272727272725,22,-7867.837944664032,-1.1856480235698559
5003,PAS SOTA MURALLA - LLAUDER (Besòs),2.18403932544855,41.3810405336813,1576.3,1893.2,5.2,1_2km,1_2km,"2017,2018,2019,2020,2021,2022,2023,2024,2025",undirected_osm_highway_utm31n,1_2km,other,False,False,29399.17391304348,23,22731.78947368421,19,-6667.38443935927,-0.2572022135936436
5008,DOCTOR AIGUADER - PIZARRO (Llobregat),2.18738889851896,41.3829434202415,1593.9,2140.5,6.9,gt_2km_control,1_2km,"2017,2018,2019,2020,2021,2022,2023,2024,2025",undirected_osm_highway_utm31n,control_gt2km,other,False,False,18390.235294117647,17,14549.42857142857,21,-3840.806722689076,-0.23426811380684853
5001,PG. COLOM - SIMÓ OLLER (Besòs),2.18103833666584,41.3796065580548,1597.8,1965.7,21.5,1_2km,1_2km,"2017,2018,2019,2020,2021,2022,2023,2024,2025",undirected_osm_highway_utm31n,1_2km,other,False,False,17957.083333333332,24,15549.260869565218,23,-2407.822463768114,-0.14397154677308244
9007,JOAN MIRÓ - RAMON TURRÓ (sentit mar),2.19311216488342,41.3917826532277,1626.7,2114.2,33.1,gt_2km_control,1_2km,"2017,2018,2019,2020,2021,2022,2023,2024,2025",undirected_osm_highway_utm31n,control_gt2km,other,False,False,3004.625,16,1625.7826086956522,23,-1378.8423913043478,-0.6141634629884525
6017,RONDA DEL MIG - PL. ALFONS X EL SAVI (Llobregat),2.16353512531538,41.4120931847174,1629.5,2049.5,1.7,gt_2km_control,1_2km,"2017,2018,2019,2020,2021,2022,2023,2024,2025",undirected_osm_highway_utm31n,control_gt2km,other,False,False,20370.78947368421,19,10290.826086956522,23,-10079.963386727688,-0.6828491589901464
6024,CAMÈLIES - CA L'ALEGRE DE DALT,2.15951705918456,41.4112805581794,1643.8,1997.5,2.9,1_2km,1_2km,"2017,2019,2020,2021,2022,2023,2024,2025",undirected_osm_highway_utm31n,1_2km,other,False,False,4731.181818181818,11,4185.875,24,-545.306818181818,-0.12245926501241833
8019,ARIBAU - MADRAZO (sentit muntanya),2.14637791655911,41.3986366019623,1648.1,1900.4,32.2,1_2km,1_2km,"2017,2018,2019,2020,2021,2022,2023,2024,2025",undirected_osm_highway_utm31n,1_2km,other,False,False,11672.041666666666,24,11724.833333333334,24,52.79166666666788,0.004512718579455566
3017,GRAN VIA - QUÍMICA (Sortida),2.1377325012082,41.3664811613027,1683.8,1951.3,9.6,1_2km,1_2km,"2017,2018,2019,2020,2021,2022,2023,2024,2025",undirected_osm_highway_utm31n,1_2km,tac2020_other,True,True,16844.315789473683,19,35939.57142857143,14,19095.255639097744,0.7578256986332104
7038,MERIDIANA - VALÈNCIA (ENTRADA),2.18674458687986,41.4096142757266,1697.9,1772.1,30.1,1_2km,1_2km,"2019,2020,2021,2022,2023,2024,2025",undirected_osm_highway_utm31n,1_2km,other,False,False,32448.375,8,15629.833333333334,18,-16818.541666666664,-0.7304688837324917
6006,SANT ANTONI MARIA CLARET - INDEPENDÈNCIA  (sentit Llobregat),2.17627370057039,41.4126333101318,1707.4,2347.5,14.9,gt_2km_control,1_2km,"2017,2019,2020,2021,2022,2023,2024,2025",undirected_osm_highway_utm31n,control_gt2km,other,False,False,19661.714285714286,7,26402.625,24,6740.910714285714,0.29479012948142547
8021,TRAVESSERA DE DALT - GRANJA (Llobregat),2.15348018100593,41.4090348542492,1711.0,1779.3,5.2,1_2km,1_2km,"2017,2018,2019,2020,2021,2022,2023,2024,2025",undirected_osm_highway_utm31n,1_2km,other,False,False,29022.666666666668,24,27783.708333333332,24,-1238.9583333333358,-0.043627316146336526
6010,TÚNEL DE LA ROVIRA - BOCA SUD (Sentit Guinardó),2.16673197958124,41.413320003565,1735.0,2253.1,2.9,gt_2km_control,1_2km,"2017,2018,2019,2020,2021,2022,2023,2024,2025",undirected_osm_highway_utm31n,control_gt2km,other,False,False,21134.333333333332,24,20119.53846153846,13,-1014.7948717948711,-0.04920748458649271
10019,BADAJOZ - PUJADES (sentit muntanya),2.19543251945246,41.3987156768697,1740.3,2381.6,7.0,gt_2km_control,1_2km,"2017,2018,2019,2020,2021,2022,2023,2024,2025",undirected_osm_highway_utm31n,control_gt2km,other,False,False,6646.916666666667,24,5762.782608695652,23,-884.134057971015,-0.14273263815278447
2024,C. DE SANTS - SANT FELIU DE GUÍXOLS (Sentit Hospitalet),2.12913358824874,41.3755675328357,1740.5,1989.0,4.6,1_2km,1_2km,"2017,2018,2019,2020,2021,2022,2023,2024,2025",undirected_osm_highway_utm31n,1_2km,other,False,False,9480.4,10,7729.181818181818,11,-1751.2181818181816,-0.20422349746814206
1032,GRAN VÍA CARLES III - TRAV. DE LES CORTS (Pujada),2.12817127446172,41.3829592063285,1758.8,2400.7,18.5,gt_2km_control,1_2km,"2017,2018,2019,2020,2021,2022,2023,2024,2025",undirected_osm_highway_utm31n,control_gt2km,tac2020_other,True,True,18463.041666666668,24,16364.458333333334,24,-2098.583333333334,-0.12065917786508074
9002,AV. D'ICÀRIA - TRIAS FARGAS (Besòs),2.19387261397669,41.3884077997946,1759.0,2248.4,3.8,gt_2km_control,1_2km,"2017,2018,2019,2020,2021,2022,2023,2024,2025",undirected_osm_highway_utm31n,control_gt2km,other,False,False,1769.6470588235295,17,1385.0434782608695,23,-384.60358056266,-0.24504859351525
5006,PG. JOAN DE BORBÓ - MAQUINISTA (Sentit Pla de Palau),2.18709640644174,41.3806760096672,1761.9,2201.0,6.2,gt_2km_control,1_2km,"2017,2018,2019,2020,2021,2022,2023,2025",undirected_osm_highway_utm31n,control_gt2km,other,False,False,6975.176470588235,17,8900.2,10,1925.0235294117656,0.24371612056558156
1033,GRAN VÍA CARLES III - TRAV. DE LES CORTS (Baixada),2.12810394464394,41.3818510282584,1764.3,2172.3,2.5,gt_2km_control,1_2km,"2017,2018,2019,2020,2021,2022,2023,2024,2025",undirected_osm_highway_utm31n,control_gt2km,tac2020_other,True,True,20315.083333333332,24,18613.571428571428,21,-1701.5119047619046,-0.08747267013670523
8016,VIA AUGUSTA - AMIGÓ (Baixada),2.1415638908826,41.398140808461,1776.1,2042.3,5.6,gt_2km_control,1_2km,"2017,2018,2019,2020,2021,2022,2023,2024,2025",undirected_osm_highway_utm31n,control_gt2km,other,False,False,19287.714285714286,14,12967.391304347826,23,-6320.32298136646,-0.3970304826610871
6030,SARDENYA - PL. SANLLEHY  (sentit mar),2.16156078355721,41.4132433960373,1792.2,2165.5,10.2,gt_2km_control,1_2km,"2017,2018,2019,2020,2021,2022,2023,2024,2025",undirected_osm_highway_utm31n,control_gt2km,other,False,False,6837.333333333333,18,7440.04347826087,23,602.7101449275369,0.08447890061004237
8031,CAN RÀBIA - RDA. GENERAL MITRE (Baixada),2.13395498754504,41.3938179666502,1797.5,1996.1,19.9,1_2km,1_2km,"2017,2018,2019,2020,2021,2022,2023,2024,2025",undirected_osm_highway_utm31n,1_2km,other,False,False,5440.363636363636,22,6010.708333333333,24,570.344696969697,0.09969669717234275
5028,PG. JOSEP CARNER - VILÀ I VILÀ (Besòs),2.17553231553291,41.3729552170708,1800.1,2099.6,15.1,gt_2km_control,1_2km,"2017,2018,2019,2020,2021,2022,2023,2025",undirected_osm_highway_utm31n,control_gt2km,other,False,False,16137.916666666666,24,19011.0,10,2873.083333333334,0.16384618339210277
6029,CAMÈLIES - ABD EL-KADER  (sentit Besòs),2.16429547778027,41.4139083426613,1817.5,2242.6,5.3,gt_2km_control,1_2km,"2017,2018,2019,2020,2021,2022,2023,2024,2025",undirected_osm_highway_utm31n,control_gt2km,other,False,False,2240.2272727272725,22,2296.782608695652,23,56.555335968379495,0.02493195606537313
8036,VIA AUGUSTA - ARIBAU (Sentit Pl. Molina),2.14547737379229,41.4002711868881,1844.4,2104.2,21.4,gt_2km_control,1_2km,"2017,2018,2019,2020,2021,2022,2023,2024,2025",undirected_osm_highway_utm31n,control_gt2km,other,False,False,21056.541666666668,24,11812.052631578947,19,-9244.489035087721,-0.578090860218925
9006,MARINA - SALVADOR ESPRIU (Pujada),2.19509317609503,41.3887124684234,1848.1,2350.0,29.6,gt_2km_control,1_2km,"2017,2018,2019,2020,2021,2022,2023,2024,2025",undirected_osm_highway_utm31n,control_gt2km,other,False,False,15210.75,24,15246.23076923077,13,35.48076923076951,0.0023298951100851895
1011,AV. DIAGONAL - GANDESA (Entrada),2.12863069882455,41.3885945980044,1851.8,2196.2,12.5,gt_2km_control,1_2km,"2017,2018,2019,2020,2021,2022,2023,2024,2025",undirected_osm_highway_utm31n,control_gt2km,other,False,False,32941.608695652176,23,27823.5,16,-5118.108695652176,-0.1688555733522037
8037,VIA AUGUSTA - BRUSI (Sentit Rda. General Mitre),2.14542034210574,41.4003389433751,1853.1,2104.2,20.5,gt_2km_control,1_2km,"2017,2018,2019,2020,2021,2022,2023,2024,2025",undirected_osm_highway_utm31n,control_gt2km,other,False,False,13127.954545454546,22,9688.05,20,-3439.9045454545467,-0.3038507241083206
1010,AV. DIAGONAL - GANDESA (Sortida),2.12857747808993,41.3886843678709,1859.7,2196.2,12.5,gt_2km_control,1_2km,"2017,2018,2019,2020,2021,2022,2023,2024,2025",undirected_osm_highway_utm31n,control_gt2km,other,False,False,39802.27272727273,22,34703.53333333333,15,-5098.739393939395,-0.13708250742326733
4030,AV. DIAGONAL - LLACUNA (Baixada),2.19457865442584,41.4050943577355,1873.6,2169.9,28.1,gt_2km_control,1_2km,"2017,2018,2019,2020,2021,2022,2023,2024,2025",undirected_osm_highway_utm31n,control_gt2km,other,False,False,5117.619047619048,21,2389.9565217391305,23,-2727.662525879917,-0.7614141270926416
9008,AV. D'ICÀRIA - ROSA SENSAT (Llobregat),2.19603384169054,41.3905067114966,1885.5,2499.1,1.2,gt_2km_control,1_2km,"2017,2018,2019,2020,2021,2023,2024,2025",undirected_osm_highway_utm31n,control_gt2km,other,False,False,2146.3076923076924,13,3938.095238095238,21,1791.7875457875457,0.606948150921844
6031,AV. MARE DE DÉU DE MONTSERRAT - FRANÇA  (sentit Llobregat),2.16381938849337,41.4145445416464,1893.3,2333.4,9.6,gt_2km_control,1_2km,"2017,2018,2019,2020,2021,2022,2023,2024,2025",undirected_osm_highway_utm31n,control_gt2km,other,False,False,10643.208333333334,24,11382.791666666666,24,739.5833333333321,0.06718073848046657
7033,VALÈNCIA - TER  (sentit Besòs),2.18792226740502,41.4111647516047,1895.0,2025.9,12.0,gt_2km_control,1_2km,"2017,2018,2019,2020,2021,2022,2023,2024,2025",undirected_osm_highway_utm31n,control_gt2km,tac2020_other,False,True,22829.0,15,8466.434782608696,23,-14362.565217391304,-0.9919221604670128
8006,RDA. GENERAL MITRE - DR. FLEMING (Sentit Via Augusta),2.13390359783985,41.3950958433231,1903.2,2082.6,0.9,gt_2km_control,1_2km,"2017,2018,2020,2021,2022,2023,2024,2025",undirected_osm_highway_utm31n,control_gt2km,other,False,False,18210.0,11,12912.416666666666,12,-5297.583333333334,-0.3437815130093256
8004,BALMES - COPÈRNIC (Baixada),2.14535372288956,41.4023599304821,1908.1,2138.3,12.4,gt_2km_control,1_2km,"2017,2018,2019,2020,2021,2022,2023,2024",undirected_osm_highway_utm31n,control_gt2km,other,False,False,17054.041666666668,24,12518.833333333334,6,-4535.208333333334,-0.309153046444969
8002,GANDUXER - VALERO  (sentit muntanya),2.13622497403366,41.3967031150866,1923.2,2218.8,28.4,gt_2km_control,1_2km,"2017,2019,2020,2021,2022,2023,2024,2025",undirected_osm_highway_utm31n,control_gt2km,other,False,False,14266.666666666666,9,16148.318181818182,22,1881.651515151516,0.12389009297763387
2012,AV. MADRID - PORTBOU  (sentit Besòs),2.12645591588704,41.3778875629361,1929.9,2312.2,22.9,gt_2km_control,1_2km,"2017,2018,2019,2020,2021,2022,2023,2024,2025",undirected_osm_highway_utm31n,control_gt2km,other,False,False,14225.636363636364,22,11731.15,20,-2494.4863636363643,-0.19279801751701164
2025,C. DE SANTS - SUGRANYES (Sentit Pl. Espanya),2.12637855996629,41.3755780639749,1966.3,2217.2,3.8,gt_2km_control,1_2km,"2017,2018,2019,2020,2021,2022,2023,2024,2025",undirected_osm_highway_utm31n,control_gt2km,other,False,False,5150.125,24,2897.75,24,-2252.375,-0.5750864124390311
8015,VIA AUGUSTA - MODOLELL (Pujada),2.13705166293246,41.3978177127565,1977.5,2288.0,11.0,gt_2km_control,1_2km,"2017,2018,2019,2020,2021,2022,2023,2024,2025",undirected_osm_highway_utm31n,control_gt2km,other,False,False,24622.15,20,16714.375,24,-7907.7750000000015,-0.38737731671109366
8034,AV. REPÚBLICA ARGENTINA - BALLESTER,2.14767175700735,41.4079918510431,2002.0,2324.7,17.1,gt_2km_control,gt_2km_control,"2017,2018,2019,2020,2021,2022,2023,2024,2025",undirected_osm_highway_utm31n,control_gt2km,other,False,False,18379.823529411766,17,18055.333333333332,21,-324.49019607843366,-0.01781239898696718
6015,RONDA GUINARDÓ - SANT QUINTÍ (Llobregat),2.17265757568452,41.415369266056,2009.1,2787.9,27.6,gt_2km_control,gt_2km_control,"2017,2018,2019,2020,2021,2022,2023,2024,2025",undirected_osm_highway_utm31n,control_gt2km,other,False,False,4682.692307692308,13,3009.285714285714,21,-1673.4065934065934,-0.4421704775655506
8005,BALMES - COPÈRNIC (Pujada),2.14410203561557,41.4029602727686,2027.3,2274.6,2.6,gt_2km_control,gt_2km_control,"2017,2018,2019,2020,2021,2022,2023,2024,2025",undirected_osm_highway_utm31n,control_gt2km,other,False,False,18571.666666666668,21,15458.823529411764,17,-3112.843137254904,-0.18345717927666882
9009,SALVADOR ESPRIU - ROSA SENSAT (sentit Llobregat),2.19782134249268,41.3893807249814,2053.9,2721.8,22.9,gt_2km_control,gt_2km_control,"2017,2018,2019,2020,2021,2022,2023,2024,2025",undirected_osm_highway_utm31n,control_gt2km,other,False,False,16405.526315789473,19,17458.75,24,1053.2236842105267,0.0622227070945236
8017,MUNTANER - COPÈRNIC (sentit mar),2.14075512429096,41.4007021278479,2054.5,2316.1,27.8,gt_2km_control,gt_2km_control,"2017,2018,2019,2020,2021,2022,2023,2024,2025",undirected_osm_highway_utm31n,control_gt2km,other,False,False,10020.625,24,13050.708333333334,24,3030.083333333334,0.2641969417510648
1008,CAPITÀ ARENAS - MANILA (baixada),2.12637832464327,41.3896380640375,2070.0,2492.2,13.6,gt_2km_control,gt_2km_control,"2017,2018,2019,2020,2021,2022,2023,2024,2025",undirected_osm_highway_utm31n,control_gt2km,other,False,False,9336.736842105263,19,8421.125,24,-915.6118421052633,-0.10321338690786774
8011,RDA. GENERAL MITRE - BALLESTER (Llobregat),2.14489266330133,41.4056059073984,2070.8,2483.8,1.6,gt_2km_control,gt_2km_control,"2017,2018,2019,2020,2021,2022,2023,2024,2025",undirected_osm_highway_utm31n,control_gt2km,other,False,False,19522.928571428572,14,24885.041666666668,24,5362.113095238095,0.2426772876721941
10001,ARAGÓ - NAVAS (Llobregat),2.19073536914761,41.4116798138391,2084.6,2171.9,23.0,gt_2km_control,gt_2km_control,"2017,2018,2019,2020,2021,2022,2023,2024,2025",undirected_osm_highway_utm31n,control_gt2km,tac2020_other,False,True,9812.458333333334,24,9826.875,24,14.41666666666606,0.0014681424273934596
1009,PG. MANUEL GIRONA - BENET I MATEU (sentit Llobregat),2.12763920293606,41.3919462558656,2090.9,2400.6,36.0,gt_2km_control,gt_2km_control,"2017,2019,2020,2021,2022,2023,2024,2025",undirected_osm_highway_utm31n,control_gt2km,other,False,False,12849.75,12,10589.166666666666,24,-2260.583333333334,-0.19349288997061187
8003,RDA. GENERAL MITRE - SARAGOSSA (Besòs),2.14450736435098,41.4054395416092,2092.4,2517.9,11.5,gt_2km_control,gt_2km_control,"2017,2018,2019,2020,2021,2022,2023,2024,2025",undirected_osm_highway_utm31n,control_gt2km,other,False,False,30522.5,22,29272.666666666668,24,-1249.8333333333321,-0.04180991421035252
10015,BILBAO - CONCILI DE TRENTO (sentit mar),2.19214727380226,41.4112919076192,2130.8,2342.0,2.8,gt_2km_control,gt_2km_control,"2017,2018,2019,2020,2021,2022,2023,2024,2025",undirected_osm_highway_utm31n,control_gt2km,other,False,False,9049.0625,16,14338.375,24,5289.3125,0.46027834817833657
8041,PG. SANT JOAN BOSCO - PL. PRAT DE LA RIBA (Pujada),2.1284071416532,41.3938242376625,2151.7,2350.8,20.4,gt_2km_control,gt_2km_control,"2017,2018,2019,2020,2021,2022,2023,2024,2025",undirected_osm_highway_utm31n,control_gt2km,other,False,False,15418.363636363636,22,10112.041666666666,24,-5306.32196969697,-0.4218322850298435
8035,PG. SANT JOAN BOSCO - F. CARBONELL (Baixada),2.1282769854829,41.3938262901109,2160.7,2350.8,12.0,gt_2km_control,gt_2km_control,"2017,2018,2019,2020,2021,2022,2023,2024,2025",undirected_osm_highway_utm31n,control_gt2km,other,False,False,5140.933333333333,15,3946.1666666666665,24,-1194.7666666666669,-0.26449000177075455
11033,AV. VALLCARCA - AGRAMUNT (Pujada),2.14728360572434,41.4100782574757,2167.8,2417.7,4.8,gt_2km_control,gt_2km_control,"2017,2018,2019,2020,2021,2022,2023,2024,2025",undirected_osm_highway_utm31n,control_gt2km,other,False,False,15502.5,24,15857.541666666666,24,355.04166666666606,0.022643900849015353
7005,AV. MERIDIANA - NAVAS DE TOLOSA (Entrada),2.18683771975941,41.4147497996919,2186.9,2384.9,15.3,gt_2km_control,gt_2km_control,"2017,2018,2023,2024,2025",undirected_osm_highway_utm31n,control_gt2km,other,False,False,25814.583333333332,12,14595.791666666666,24,-11218.791666666666,-0.5702063325591098
11034,AV. VALLCARCA - AGRAMUNT (Baixada),2.14706311474828,41.410195605979,2190.4,2483.9,2.5,gt_2km_control,gt_2km_control,"2017,2018,2019,2020,2021,2022,2023,2024,2025",undirected_osm_highway_utm31n,control_gt2km,other,False,False,6918.388888888889,18,4743.277777777777,18,-2175.1111111111113,-0.3774545119779287
1006,AV. DIAGONAL - PLAÇA PIUS XII (Entrada),2.12380055719989,41.387374634778,2193.8,2648.8,17.0,gt_2km_control,gt_2km_control,"2017,2018,2019,2020,2021,2022,2023,2024",undirected_osm_highway_utm31n,control_gt2km,other,False,False,22640.75,24,21093.571428571428,7,-1547.1785714285725,-0.07078305756626513
10005,ARAGÓ - BILBAO (Besòs),2.19188571810162,41.4122858738082,2198.1,2321.7,13.2,gt_2km_control,gt_2km_control,"2017,2018,2019,2020,2021,2022,2023,2024,2025",undirected_osm_highway_utm31n,control_gt2km,tac2020_other,False,True,16135.888888888889,18,4924.875,24,-11211.013888888889,-1.1867470211227324
1007,AV. DIAGONAL- DOCTOR FERRAN (Sortida),2.12373816821195,41.3874730063351,2201.7,2648.8,15.7,gt_2km_control,gt_2km_control,"2017,2018,2019,2020,2021,2022,2023,2024,2025",undirected_osm_highway_utm31n,control_gt2km,other,False,False,41564.6,15,38906.769230769234,13,-2657.8307692307644,-0.06608059175496805
6019,PG. MARAGALL - ESCORNALBOU (Sentit Horta),2.18043457545689,41.4170241932517,2241.7,2732.5,3.4,gt_2km_control,gt_2km_control,"2017,2018,2019,2020,2021,2022,2023,2024,2025",undirected_osm_highway_utm31n,control_gt2km,other,False,False,15965.875,24,5541.238095238095,21,-10424.636904761905,-1.0582356733704685
6018,PG. MARAGALL - ESCORNALBOU (Sentit Eixample),2.18033774951808,41.4170757293736,2245.6,2740.6,5.2,gt_2km_control,gt_2km_control,"2017,2018,2019,2020,2021,2022,2023,2024,2025",undirected_osm_highway_utm31n,control_gt2km,other,False,False,13333.625,24,9089.5,24,-4244.125,-0.3831691390305938
9003,AV. LITORAL - ARQUITECTE SERT (sentit mar),2.20050274423041,41.3904874381431,2256.1,2993.7,1.4,gt_2km_control,gt_2km_control,"2017,2018,2019,2020,2021,2022,2023,2024,2025",undirected_osm_highway_utm31n,control_gt2km,other,False,False,13247.954545454546,22,11292.857142857143,21,-1955.0974025974028,-0.1596727519872232
7004,MALLORCA - BISCAIA,2.18982242141438,41.4142885384999,2270.5,2425.2,1.0,gt_2km_control,gt_2km_control,"2017,2018,2019,2020,2021,2022,2023,2024,2025",undirected_osm_highway_utm31n,control_gt2km,other,False,False,11712.416666666666,24,7864.041666666667,24,-3848.374999999999,-0.39834885139643283
8008,RDA. GENERAL MITRE - GANDUXER (Besòs),2.13459295713598,41.3997149392181,2271.6,2597.6,13.4,gt_2km_control,gt_2km_control,"2017,2018,2019,2020,2021,2022,2023,2024,2025",undirected_osm_highway_utm31n,control_gt2km,other,False,False,24792.0,24,22654.083333333332,24,-2137.916666666668,-0.0901809051874558
1031,JOAN XXIII - MENÉNDEZ PELAYO (Besòs),2.12199741972438,41.3821472222222,2274.1,3179.8,18.8,gt_2km_control,gt_2km_control,"2017,2018,2019,2020,2021,2022,2023,2024,2025",undirected_osm_highway_utm31n,control_gt2km,other,False,False,8826.25,24,2226.5,24,-6599.75,-1.3772993900688002
8009,RDA. GENERAL MITRE - TORRAS I PUJALT (Llobregat),2.13459554529033,41.3998658842146,2283.8,2597.6,5.1,gt_2km_control,gt_2km_control,"2017,2018,2019,2020,2021,2022,2023,2024,2025",undirected_osm_highway_utm31n,control_gt2km,other,False,False,19927.083333333332,24,18025.833333333332,24,-1901.25,-0.10027386378500758
1030,JOAN XXIII - MARTÍ I FRANQUÉS (Llobregat),2.12184772928002,41.3821916666666,2286.5,3179.8,6.0,gt_2km_control,gt_2km_control,"2017,2018,2019,2020,2021,2022,2023,2024,2025",undirected_osm_highway_utm31n,control_gt2km,other,False,False,4901.958333333333,24,4688.375,24,-213.58333333333303,-0.0445487445946533
2017,SANTS - RIERA BLANCA (sentit Hospitalet),2.12239111942769,41.3756480686338,2293.9,2541.5,6.5,gt_2km_control,gt_2km_control,"2017,2018,2019,2020,2021,2022,2023,2024,2025",undirected_osm_highway_utm31n,control_gt2km,other,False,False,19083.416666666668,12,14911.666666666666,15,-4171.750000000002,-0.2466758162374827
8026,VIA AUGUSTA - DOCTOR ROUX (Baixada),2.13069145701489,41.3977356750555,2300.7,2540.9,22.0,gt_2km_control,gt_2km_control,"2017,2018,2019,2020,2021,2022,2023,2024,2025",undirected_osm_highway_utm31n,control_gt2km,other,False,False,28629.764705882353,17,16488.166666666668,24,-12141.598039215685,-0.5518039487312443
7009,AV. MERIDIANA - NAVAS DE TOLOSA (Sortida),2.18699909733485,41.4160302031476,2319.7,2546.8,25.2,gt_2km_control,gt_2km_control,"2017,2018,2022,2023,2024,2025",undirected_osm_highway_utm31n,control_gt2km,other,False,False,31820.909090909092,11,13048.416666666666,24,-18772.492424242424,-0.8914567941144824
1027,DOCTOR FERRAN - PG. MANUEL GIRONA (baixada),2.1237037935422,41.3906592623485,2320.2,2772.8,9.4,gt_2km_control,gt_2km_control,"2017,2018,2019,2020,2021,2022,2023,2024,2025",undirected_osm_highway_utm31n,control_gt2km,other,False,False,10907.521739130434,23,10595.684210526315,19,-311.83752860411914,-0.029005850798288435
7021,NAVAS DE TOLOSA - JOSEP ESTIVILL  (sentit mar),2.18489734749009,41.4167849231015,2325.2,2650.8,13.5,gt_2km_control,gt_2km_control,"2017,2018,2019,2020,2021,2022,2023,2024,2025",undirected_osm_highway_utm31n,control_gt2km,other,False,False,13191.07142857143,14,9322.166666666666,24,-3868.9047619047633,-0.3471451171559252
17005,AV. DIAGONAL - PERE IV (Pujada),2.20015975809711,41.4067401081025,2372.3,2660.1,30.2,gt_2km_control,gt_2km_control,"2017,2018,2019,2020,2021,2022,2023,2024,2025",undirected_osm_highway_utm31n,control_gt2km,other,False,False,6872.260869565217,23,6790.25,24,-82.01086956521704,-0.012005385446316907
8028,VIA AUGUSTA - DOCTOR ROUX (Pujada),2.12952392983991,41.3978038708747,2372.9,2564.4,13.7,gt_2km_control,gt_2km_control,"2017,2018,2019,2020,2021,2022,2023,2024,2025",undirected_osm_highway_utm31n,control_gt2km,other,False,False,18901.666666666668,12,15647.454545454546,22,-3254.212121212122,-0.18894184669452407
8012,VIA AUGUSTA - VERGÓS (Baixada),2.12881738500021,41.3977497606527,2409.9,2634.9,5.5,gt_2km_control,gt_2km_control,"2017,2018,2019,2020,2021,2022,2023,2024,2025",undirected_osm_highway_utm31n,control_gt2km,other,False,False,25728.684210526317,19,20581.583333333332,12,-5147.100877192985,-0.22320982366397146
1029,ARISTIDES MAILLOL - CARDENAL REIG (Pujada),2.12026132638103,41.3789667368511,2445.4,2994.2,16.7,gt_2km_control,gt_2km_control,"2017,2018,2019,2020,2021,2022,2023,2024,2025",undirected_osm_highway_utm31n,control_gt2km,other,False,False,10238.40909090909,22,8608.42857142857,14,-1629.9805194805194,-0.17340445557240258
1028,ARISTIDES MAILLOL - CARDENAL REIG (Baixada),2.12016648138265,41.3788618827201,2453.3,2994.2,5.8,gt_2km_control,gt_2km_control,"2017,2018,2019,2020,2021,2022,2025",undirected_osm_highway_utm31n,control_gt2km,other,False,False,9148.625,24,10604.583333333334,12,1455.958333333334,0.14768270283030382
8033,VERGÓS - RAFAEL BATLLE (Besòs),2.12645980606712,41.3966273619804,2471.6,2772.5,3.2,gt_2km_control,gt_2km_control,"2017,2018,2019,2020,2021,2022,2023,2025",undirected_osm_highway_utm31n,control_gt2km,other,False,False,12210.263157894737,19,19493.81818181818,11,7283.5550239234435,0.467820558448901
8040,VERGÒS - RAFAEL BATLLE (Llobregat),2.12639231598963,41.3966373783215,2476.7,2772.5,2.8,gt_2km_control,gt_2km_control,"2017,2018,2019,2020,2021,2022,2023,2024,2025",undirected_osm_highway_utm31n,control_gt2km,other,False,False,7017.695652173913,23,4218.681818181818,22,-2799.013833992095,-0.5089121955823384
11019,AV. REPÚBLICA ARGENTINA - VIADUCTE VALLCARCA (Baixada),2.14369728978358,41.4114146278194,2494.8,2777.8,15.7,gt_2km_control,gt_2km_control,"2017,2018,2019,2020,2021,2022,2023,2024,2025",undirected_osm_highway_utm31n,control_gt2km,other,False,False,7022.666666666667,15,6214.625,24,-808.041666666667,-0.12223762770295821
13019,RONDA GUINARDO - ART(sentit Llobregat),2.17674362129268,41.4198546486386,2509.9,3279.0,16.2,gt_2km_control,gt_2km_control,"2018,2019,2020,2021,2022,2023,2024,2025",undirected_osm_highway_utm31n,control_gt2km,other,False,False,2064.714285714286,14,1326.7083333333333,24,-738.0059523809525,-0.44229091924116926
8042,MUNTANER - ARIMON  (sentit mar),2.13670977051136,41.4038870055706,2532.1,2779.0,11.4,gt_2km_control,gt_2km_control,"2017,2018,2019,2020,2021,2022,2023,2024,2025",undirected_osm_highway_utm31n,control_gt2km,other,False,False,15365.733333333334,15,14639.695652173914,23,-726.0376811594197,-0.04840320243163809
11031,VIADUCTE VALLCARCA - PL. MONS (sentit Llobregat),2.14341629773427,41.4117871333879,2538.7,2856.9,4.6,gt_2km_control,gt_2km_control,"2017,2018,2019,2020,2021,2022,2023,2024,2025",undirected_osm_highway_utm31n,control_gt2km,other,False,False,8496.59090909091,22,5276.05,20,-3220.5409090909097,-0.4764873018410789
1013,AV. PEDRALBES - PG. MANUEL GIRONA (Baixada),2.1200198822005,41.38923227805,2554.5,3038.9,0.3,gt_2km_control,gt_2km_control,"2017,2018,2019,2020,2021,2022,2023,2024,2025",undirected_osm_highway_utm31n,control_gt2km,other,False,False,8606.541666666666,24,6388.782608695652,23,-2217.759057971014,-0.29797883785178136
11018,AV. REPÚBLICA ARGENTINA - VIADUCTE VALLCARCA (Pujada),2.14291541285985,41.4115300088469,2554.5,2837.0,11.5,gt_2km_control,gt_2km_control,"2017,2018,2019,2020,2021,2022,2023,2024,2025",undirected_osm_highway_utm31n,control_gt2km,other,False,False,18617.833333333332,12,16677.904761904763,21,-1939.9285714285688,-0.11003512749804223
10002,BAC DE RODA - BOLIVIA (Pujada),2.19898280387419,41.4113366439258,2559.0,2843.3,7.1,gt_2km_control,gt_2km_control,"2017,2018,2019,2020,2021,2022,2023,2024,2025",undirected_osm_highway_utm31n,control_gt2km,other,False,False,15486.91304347826,23,21895.272727272728,22,6408.359683794468,0.3462754088088733
7006,SANT ANTONI MARIA CLARET - ESPRONCEDA  (sentit Llobregat),2.18530031005948,41.4193388069758,2602.3,2981.4,16.6,gt_2km_control,gt_2km_control,"2017,2019,2020,2021,2022,2023,2024,2025",undirected_osm_highway_utm31n,control_gt2km,other,False,False,10189.57142857143,7,10402.272727272728,22,212.70129870129858,0.020659525431261372
1022,AV. PEDRALBES - PG. MANUEL GIRONA (Pujada),2.11915017830002,41.3899967348895,2649.8,3140.8,4.7,gt_2km_control,gt_2km_control,"2017,2018,2019,2020,2021,2022,2023,2024,2025",undirected_osm_highway_utm31n,control_gt2km,other,False,False,14170.125,24,4009.2727272727275,22,-10160.852272727272,-1.2625260150174498
8053,BALMES - CASTANYER (Pujada),2.13826741814546,41.4075764369837,2665.4,2996.9,24.2,gt_2km_control,gt_2km_control,"2017,2018,2019,2020,2021,2022,2023,2025",undirected_osm_highway_utm31n,control_gt2km,other,False,False,17120.291666666668,24,15703.0,8,-1417.2916666666679,-0.08641263027002033
7010,AV. MERIDIANA - SANT ANTONI MARIA CLARET (Entrada),2.18684097776751,41.419855924451,2702.0,2944.8,15.7,gt_2km_control,gt_2km_control,"2017,2018,2020,2021,2022,2024,2025",undirected_osm_highway_utm31n,control_gt2km,other,False,False,26316.583333333332,12,15332.15,20,-10984.433333333332,-0.5402473545375308
8054,EDUARDO CONDE - CARDENAL VIVES I TUTÓ (sentit muntanya),2.1210257358625,41.3946480013943,2719.6,3158.3,16.0,gt_2km_control,gt_2km_control,"2017,2018,2019,2020,2021,2022,2023,2024,2025",undirected_osm_highway_utm31n,control_gt2km,other,False,False,8383.875,24,8098.761904761905,21,-285.1130952380954,-0.034599019384909724
7034,FELIP II - JOSEP ESTIVILL (sentit muntanya),2.18760966783871,41.4198803521817,2729.3,3031.3,34.5,gt_2km_control,gt_2km_control,"2017,2018,2020,2021,2022,2023,2024,2025",undirected_osm_highway_utm31n,control_gt2km,other,False,False,21782.85714285714,7,14122.652173913044,23,-7660.204968944097,-0.4333432454098478
8051,AV. J.V.FOIX - CARDENAL VIVES I TUTOR (Pujada),2.12070820366511,41.3945729221465,2738.5,3175.5,21.8,gt_2km_control,gt_2km_control,"2017,2018,2019,2020,2022,2023,2024,2025",undirected_osm_highway_utm31n,control_gt2km,other,False,False,3723.3846153846152,13,3064.6666666666665,21,-658.7179487179487,-0.19469428875834183
1003,AV. DIAGONAL - ADOLF FLORENSA (Entrada),2.11646676063538,41.385345761979,2755.9,3248.7,18.6,gt_2km_control,gt_2km_control,"2017,2019,2020,2021,2022,2023,2025",undirected_osm_highway_utm31n,control_gt2km,other,False,False,19063.4,10,18056.75,8,-1006.6500000000015,-0.05425069027622342
1004,AV. DIAGONAL - PASCUAL VILA (Sortida),2.11625845637075,41.3855740484895,2776.3,3300.3,8.7,gt_2km_control,gt_2km_control,"2017,2018,2019,2020,2021,2022,2023,2025",undirected_osm_highway_utm31n,control_gt2km,other,False,False,42584.2,10,39274.71428571428,7,-3309.4857142857145,-0.08090238305514852
13006,RONDA GUINARDÓ - TORRE DELS PARDALS(sentit Besòs),2.17724758331142,41.4222445654758,2777.6,3557.3,6.8,gt_2km_control,gt_2km_control,"2017,2018,2019,2020,2021,2022,2023,2024,2025",undirected_osm_highway_utm31n,control_gt2km,other,False,False,14774.153846153846,13,5678.35,20,-9095.803846153845,-0.956218594782305
7035,FELIP II - AV. MERIDIANA  (sentit muntanya),2.18623522183881,41.4209248776034,2794.5,3095.8,17.4,gt_2km_control,gt_2km_control,"2017,2018,2019,2020,2021,2022,2023,2024,2025",undirected_osm_highway_utm31n,control_gt2km,other,False,False,8154.818181818182,22,8078.347826086957,23,-76.47035573122503,-0.009421565867866022
11024,ESTEVE TERRADES - JOSEP JOVER (Baixada),2.14094732742427,41.4133275465274,2806.6,3110.6,8.4,gt_2km_control,gt_2km_control,"2017,2018,2019,2020,2021,2022,2023,2024,2025",undirected_osm_highway_utm31n,control_gt2km,other,False,False,10013.166666666666,24,14815.384615384615,13,4802.217948717949,0.3917652482872196
11022,CRAYWINCKEL - AV. REPÚBLICA ARGENTINA (sentit Llobregat),2.13953949979911,41.4121269843752,2822.1,3134.1,22.4,gt_2km_control,gt_2km_control,"2017,2018,2019,2020,2022,2023,2024,2025",undirected_osm_highway_utm31n,control_gt2km,other,False,False,5851.291666666667,24,7228.708333333333,24,1377.416666666666,0.2113979318603647
13010,PG. MARAGALL - PINAR DEL RIO (Sentit Horta),2.17854604106588,41.4228633018248,2856.3,3421.6,19.2,gt_2km_control,gt_2km_control,"2017,2018,2019,2020,2021,2022,2023,2024,2025",undirected_osm_highway_utm31n,control_gt2km,other,False,False,8142.041666666667,24,7123.111111111111,18,-1018.9305555555557,-0.13369638377033155
13011,PG. MARAGALL - ACÀCIES (Sentit Eixample),2.17840405922296,41.4228928720644,2858.2,3472.8,23.5,gt_2km_control,gt_2km_control,"2017,2018,2019,2020,2021,2022,2023,2024,2025",undirected_osm_highway_utm31n,control_gt2km,other,False,False,11621.916666666666,24,12316.952380952382,21,695.0357142857156,0.0580838725099877
11023,ESTEVE TERRADES - JOSEP JOVER (Pujada),2.14040694254619,41.4139797834488,2887.1,3185.0,4.9,gt_2km_control,gt_2km_control,"2017,2018,2019,2020,2021,2022,2023,2024,2025",undirected_osm_highway_utm31n,control_gt2km,other,False,False,5964.826086956522,23,3891.478260869565,23,-2073.347826086957,-0.4270907984529764
11026,AV. VALLCARCA - GUSTAVO BÈCQUER (Baixada),2.14222140513191,41.4156068443148,2891.8,3271.0,10.9,gt_2km_control,gt_2km_control,"2017,2018,2019,2020,2021,2022,2023,2024,2025",undirected_osm_highway_utm31n,control_gt2km,other,False,False,4676.95,20,4256.25,24,-420.6999999999998,-0.09425769715727661
8052,AV. DE PEDRALBES - C. DE BOSCH I GIMPERA (Pujada),2.11668114163942,41.3919235578205,2916.8,3420.9,13.0,gt_2km_control,gt_2km_control,"2017,2018,2019,2020,2021,2022,2023,2024,2025",undirected_osm_highway_utm31n,control_gt2km,other,False,False,8415.722222222223,18,5157.454545454545,22,-3258.2676767676776,-0.48965849690199725
11030,AV. TIBIDABO - PG. SANT GERVASI (pujada),2.13678347788775,41.4106242123752,2929.2,3400.1,11.6,gt_2km_control,gt_2km_control,"2017,2018,2019,2020,2021,2022,2023,2024,2025",undirected_osm_highway_utm31n,control_gt2km,other,False,False,4299.0,21,2584.5,24,-1714.5,-0.5088503718601869
8014,PG. BONANOVA - IRADIER (Besós),2.12716611621782,41.403110516765,2946.2,3147.9,30.2,gt_2km_control,gt_2km_control,"2017,2018,2019,2020,2021,2022,2023,2024,2025",undirected_osm_highway_utm31n,control_gt2km,other,False,False,14790.347826086956,23,13756.652173913044,23,-1033.695652173912,-0.07245229251093832
8013,PG. BONANOVA - IRADIER (Llobregat),2.12652103599924,41.402779293201,2952.0,3159.1,23.9,gt_2km_control,gt_2km_control,"2017,2018,2019,2020,2021,2022,2023,2024,2025",undirected_osm_highway_utm31n,control_gt2km,other,False,False,6910.0,22,5716.391304347826,23,-1193.608695652174,-0.18963192233152704
8045,PG. SANT GERVASI - PL. BONANOVA (Besòs),2.1340414460214,41.4071207085061,2954.8,3275.2,7.4,gt_2km_control,gt_2km_control,"2017,2018,2019,2020,2021,2022,2023,2024,2025",undirected_osm_highway_utm31n,control_gt2km,other,False,False,11244.333333333334,24,9533.454545454546,22,-1710.878787878788,-0.16505715441036273
11025,AV. VALLCARCA - GUSTAVO BÈCQUER (Pujada),2.14191349787258,41.4162357214964,2958.7,3339.0,6.5,gt_2km_control,gt_2km_control,"2017,2018,2019,2020,2021,2022,2023,2024,2025",undirected_osm_highway_utm31n,control_gt2km,other,False,False,4263.3,20,3760.6521739130435,23,-502.6478260869567,-0.12545111541399834
8046,PG. SANT GERVASI - TEODORA LAMADRID (Llobregat),2.13397532502848,41.4071939922631,2964.6,3275.2,4.0,gt_2km_control,gt_2km_control,"2017,2018,2019,2020,2021,2022,2023,2024,2025",undirected_osm_highway_utm31n,control_gt2km,other,False,False,12780.85,20,11396.416666666666,24,-1384.4333333333343,-0.11464897840599875
8023,VIA AUGUSTA - PG. BONANOVA (Sortida),2.12309031397302,41.4005494594285,2970.6,3238.8,5.7,gt_2km_control,gt_2km_control,"2017,2018,2019,2020,2021,2022,2023,2024,2025",undirected_osm_highway_utm31n,control_gt2km,other,False,False,21183.882352941175,17,13784.842105263158,19,-7399.040247678016,-0.4296710358457698
11021,PG. SANT GERVASI - GARCÍA MARIÑO (pujada),2.13790255158388,41.4129384515837,2985.9,3452.9,6.2,gt_2km_control,gt_2km_control,"2017,2018,2019,2020,2021,2022,2023,2025",undirected_osm_highway_utm31n,control_gt2km,other,False,False,12792.625,24,14967.666666666666,12,2175.041666666666,0.15702348599306148
11008,TÚNEL DE LA ROVIRA - BOCA NORD (Sentit Horta),2.15838144072675,41.423738999396,2986.5,3690.8,0.9,gt_2km_control,gt_2km_control,"2017,2018,2019,2020,2021,2022,2023,2024",undirected_osm_highway_utm31n,control_gt2km,other,False,False,19551.375,24,16772.833333333332,6,-2778.541666666668,-0.15328510238019533
11009,TÚNEL DE LA ROVIRA - BOCA NORD (Sentit Guinardó),2.15820319678061,41.4237056720282,2986.7,3637.5,1.6,gt_2km_control,gt_2km_control,"2017,2018,2019,2020,2021,2022,2023,2024,2025",undirected_osm_highway_utm31n,control_gt2km,other,False,False,19863.545454545456,11,16789.6,15,-3073.9454545454573,-0.1681265179666891
11020,AV. REPÚBLICA ARGENTINA - PL. ALFONSO COMÍN (baixada),2.13814411812842,41.4138256777568,3026.6,3346.4,20.2,gt_2km_control,gt_2km_control,"2017,2018,2019,2020,2021,2022,2023,2024,2025",undirected_osm_highway_utm31n,control_gt2km,other,False,False,12324.833333333334,12,14965.8,20,2640.9666666666653,0.19415140075777693
7016,CONCEPCIÓ ARENAL - CIENFUEGOS,2.18403425048882,41.4237442181239,3037.8,3481.6,11.6,gt_2km_control,gt_2km_control,"2017,2018,2019,2020,2021,2022,2023,2024,2025",undirected_osm_highway_utm31n,control_gt2km,other,False,False,5465.545454545455,22,5538.952380952381,21,73.40692640692578,0.013341456618300995
8043,PG. REINA ELISENDA - PARRÒQUIA (Besòs),2.12102580872942,41.3998044404832,3046.5,3280.3,8.5,gt_2km_control,gt_2km_control,"2017,2018,2019,2020,2021,2022,2023,2024,2025",undirected_osm_highway_utm31n,control_gt2km,other,False,False,7859.428571428572,21,7589.583333333333,24,-269.8452380952385,-0.034937209855593565
11005,PG. SANT GERVASI - PL. ALFONS COMÍN (sentit muntanya),2.13772155292881,41.4136942318135,3046.6,3389.6,14.6,gt_2km_control,gt_2km_control,"2017,2018,2019,2020,2021,2022,2023,2024,2025",undirected_osm_highway_utm31n,control_gt2km,other,False,False,8367.791666666666,24,7991.083333333333,24,-376.70833333333303,-0.046063673845232245
8044,PG. REINA ELISENDA - MAJOR DE SARRIÀ (Llobregat),2.12099352595748,41.3998514106913,3051.9,3280.3,9.4,gt_2km_control,gt_2km_control,"2017,2018,2019,2020,2021,2022,2023,2024,2025",undirected_osm_highway_utm31n,control_gt2km,other,False,False,8654.818181818182,22,9026.826086956522,23,372.00790513834,0.04208463914907412
7008,AV. MERIDIANA - GARCILASO (Sortida),2.18701281753419,41.4233989454597,3074.9,3346.8,6.8,gt_2km_control,gt_2km_control,"2017,2018,2020,2021,2022,2023,2024,2025",undirected_osm_highway_utm31n,control_gt2km,other,False,False,24616.083333333332,12,18108.0625,16,-6508.020833333332,-0.3070427422651445
13007,RAMÓN ALBÓ - PG. MARAGALL (sentit muntanya),2.17734136943823,41.4250107991737,3084.5,3730.9,20.7,gt_2km_control,gt_2km_control,"2017,2018,2019,2020,2021,2022,2023,2024,2025",undirected_osm_highway_utm31n,control_gt2km,other,False,False,18477.5,10,12345.318181818182,22,-6132.181818181818,-0.4032768790670591
11007,ESTEVE TERRADES - PL. ALFONS COMÍN (Pujada),2.13828231395387,41.4153164010651,3118.5,3460.6,1.4,gt_2km_control,gt_2km_control,"2017,2018,2019,2020,2021,2022,2023,2024",undirected_osm_highway_utm31n,control_gt2km,other,False,False,13553.25,24,12393.333333333334,6,-1159.916666666666,-0.08946767733905858
17008,PG. VALL D'HEBRON - C. DE TICIÀ (LLOBREGAT),2.13846491209867,41.4165583078464,3195.3,3620.6,10.8,gt_2km_control,gt_2km_control,"2017,2018,2019,2020,2021,2022,2023,2024,2025",undirected_osm_highway_utm31n,control_gt2km,other,False,False,12495.291666666666,24,10614.125,24,-1881.166666666666,-0.16316624545008906
1012,AV. DIAGONAL - TORRE MELINA (Lateral Entrada),2.11068541931338,41.3838466937179,3223.8,3771.1,7.5,gt_2km_control,gt_2km_control,"2017,2018,2019,2020,2021,2022,2023,2024,2025",undirected_osm_highway_utm31n,control_gt2km,other,False,False,18604.416666666668,12,16004.681818181818,22,-2599.73484848485,-0.15051771465514108
1021,GONZÁLEZ TABLAS - AV. EXÈRCIT (Baixada),2.11054763467226,41.3848607688299,3242.8,3808.4,5.9,gt_2km_control,gt_2km_control,"2017,2018,2019,2020,2021,2022,2023,2024,2025",undirected_osm_highway_utm31n,control_gt2km,other,False,False,4366.4,20,3604.4166666666665,24,-761.9833333333331,-0.19177892562578158
8047,AV. DE J.V. FOIX - MONESTIR (Mar),2.11735317281791,41.3991127003447,3245.1,3541.3,5.4,gt_2km_control,gt_2km_control,"2017,2018,2019,2020,2021,2022,2023,2024,2025",undirected_osm_highway_utm31n,control_gt2km,other,False,False,8771.739130434782,23,8249.708333333334,24,-522.0307971014481,-0.06135724503462292
8049,BISBE CATALÀ - BOSCH I GIMPERA (Besòs),2.11525368110666,41.3967089012416,3252.2,3691.2,20.9,gt_2km_control,gt_2km_control,"2017,2018,2019,2020,2021,2022,2023,2024,2025",undirected_osm_highway_utm31n,control_gt2km,other,False,False,6358.208333333333,24,5609.25,24,-748.958333333333,-0.12532960831157247
17009,RDA. DALT SORTIDA 6 LLOBREGAT,2.1382406632968,41.4171472520814,3252.5,3760.0,3.6,gt_2km_control,gt_2km_control,"2017,2018,2019,2020,2021,2022,2023,2024,2025",undirected_osm_highway_utm31n,control_gt2km,other,False,False,13187.833333333334,18,12224.416666666666,24,-963.4166666666679,-0.07585936958374973
8050,BISBE CATALÀ - BOSCH I GIMPERA (Llobregat),2.11441068045148,41.3961138675034,3282.7,3806.2,5.1,gt_2km_control,gt_2km_control,"2017,2018,2019,2020,2021,2022,2023,2024,2025",undirected_osm_highway_utm31n,control_gt2km,other,False,False,5099.333333333333,21,3997.375,24,-1101.958333333333,-0.24347191653795974
13001,PG. MARAGALL - MOSSEN JOSEP BUNDÓ (Sentit Eixample),2.16821263086241,41.4274041222241,3298.7,4293.5,7.1,gt_2km_control,gt_2km_control,"2017,2018,2019,2020,2021,2022,2023,2024,2025",undirected_osm_highway_utm31n,control_gt2km,other,False,False,7942.291666666667,24,8555.545454545454,22,613.2537878787871,0.07437780725790688
13002,PG. MARAGALL - SABASTIDA (Sentit Horta),2.1682073708822,41.4274779481049,3306.9,4293.5,4.6,gt_2km_control,gt_2km_control,"2017,2018,2019,2020,2021,2022,2023,2024,2025",undirected_osm_highway_utm31n,control_gt2km,other,False,False,8917.875,24,7053.5,20,-1864.375,-0.23453374197898214
11006,AV. VALLCARCA - CAPELLADES (Pujada),2.14075623218984,41.4197848756243,3309.5,3745.2,1.2,gt_2km_control,gt_2km_control,"2017,2018,2019,2020,2021,2022,2023,2024,2025",undirected_osm_highway_utm31n,control_gt2km,other,False,False,4721.5,24,4068.9166666666665,24,-652.5833333333335,-0.14874975696358206
8048,AV. DE J.V. FOIX - MONESTIR (Muntanya),2.11675614016347,41.3995018447573,3310.8,3620.9,10.1,gt_2km_control,gt_2km_control,"2017,2018,2019,2020,2021,2022,2023,2024,2025",undirected_osm_highway_utm31n,control_gt2km,other,False,False,6932.227272727273,22,5976.25,24,-955.977272727273,-0.14838787638301731
1001,AV. DIAGONAL - TORRE MELINA (Entrada),2.10952517290599,41.3837355108734,3320.1,3906.3,28.0,gt_2km_control,gt_2km_control,"2017,2018,2019,2020,2021,2022,2023,2024,2025",undirected_osm_highway_utm31n,control_gt2km,other,False,False,34336.52173913043,23,31866.869565217392,23,-2469.6521739130403,-0.07464266295968613
10008,CANTÀBRIA - GUIPÚSCOA (Pujada),2.20106339805483,41.4200433612197,3351.4,3465.0,11.1,gt_2km_control,gt_2km_control,"2017,2018,2019,2020,2021,2022,2023,2024,2025",undirected_osm_highway_utm31n,control_gt2km,other,False,False,4085.6923076923076,13,4337.64705882353,17,251.9547511312221,0.05984085922990445
1016,AV. ESPLUGUES - SANTA CATERINA DE SIENA (Besós),2.11072370495595,41.3909736513673,3354.4,3936.6,40.3,gt_2km_control,gt_2km_control,"2017,2018,2019,2020,2022,2023,2024,2025",undirected_osm_highway_utm31n,control_gt2km,other,False,False,6947.875,8,5220.083333333333,24,-1727.791666666667,-0.2859224914210845
1026,AV. ESPLUGUES - MIRET I SANS (Llobregat),2.11068650735979,41.3910102929535,3358.6,3936.6,40.2,gt_2km_control,gt_2km_control,"2017,2018,2020,2021,2022,2023,2024,2025",undirected_osm_highway_utm31n,control_gt2km,other,False,False,16068.3,10,5337.791666666667,24,-10730.508333333331,-1.1020363651019665
7003,AV. MERIDIANA - CARDENAL TEDESCHINI (Sortida),2.18566528121516,41.4265046221932,3369.4,3714.8,7.3,gt_2km_control,gt_2km_control,"2017,2018,2020,2021,2022,2023,2024,2025",undirected_osm_highway_utm31n,control_gt2km,other,False,False,30930.0,11,20431.714285714286,14,-10498.285714285714,-0.4146382711716434
1018,AV. DIAGONAL - TORRE MELINA (Sortida),2.10848537576114,41.3835833030717,3406.3,3973.4,7.6,gt_2km_control,gt_2km_control,"2017,2018,2019,2020,2021,2022,2023,2024,2025",undirected_osm_highway_utm31n,control_gt2km,other,False,False,48230.23529411765,17,49428.3,10,1198.0647058823524,0.024537022004638587
7001,ESCÒCIA - MALGRAT,2.18042256762778,41.4286703635269,3515.5,4156.1,29.6,gt_2km_control,gt_2km_control,"2017,2018,2019,2020,2021,2022,2023,2024,2025",undirected_osm_highway_utm31n,control_gt2km,other,False,False,13276.666666666666,24,8080.25,20,-5196.416666666666,-0.49658529587702915
13008,ARNAU D'OMS - ESCÒCIA,2.17729717804244,41.4289867755557,3524.7,4129.1,23.1,gt_2km_control,gt_2km_control,"2017,2018,2019,2020,2021,2022,2023,2024,2025",undirected_osm_highway_utm31n,control_gt2km,other,False,False,14369.052631578947,19,10835.727272727272,22,-3533.3253588516745,-0.28222801582014334
10009,GUIPÚSCOA - MARESME (Llobregat),2.20302142326192,41.4209259389645,3533.3,3651.7,24.5,gt_2km_control,gt_2km_control,"2017,2018,2019,2020,2021,2022,2023,2024,2025",undirected_osm_highway_utm31n,control_gt2km,other,False,False,7639.875,24,8358.958333333334,24,719.0833333333339,0.08995257626927078
10010,GUIPÚSCOA - PUIGCERDÀ (Besós),2.20324041643966,41.4207915403937,3534.5,3651.7,7.8,gt_2km_control,gt_2km_control,"2017,2018,2019,2020,2021,2022,2023,2024,2025",undirected_osm_highway_utm31n,control_gt2km,other,False,False,10836.25,24,10770.272727272728,22,-65.97727272727207,-0.006107181486486368
13012,AVINGUDA DELS QUINZE - JOAN ALCOVER,2.17437672893632,41.4293044872273,3553.4,4209.7,42.9,gt_2km_control,gt_2km_control,"2017,2018,2019,2020,2021,2022,2023,2024,2025",undirected_osm_highway_utm31n,control_gt2km,other,False,False,11746.0,12,11273.809523809523,21,-472.19047619047706,-0.041030462757564834
13003,TAJO - BAIXADA MERCAT (Sentit Pg. Maragall),2.16096420627312,41.4295602825903,3577.3,,,outside_graph_control,gt_2km_control,"2017,2018,2019,2020,2021,2022,2023,2024,2025",undirected_osm_highway_utm31n,control_gt2km,other,False,False,10280.041666666666,24,5465.695652173913,23,-4814.346014492753,-0.6317129074139043
7036,DUBLÍN - CONCEPCIÓ ARENAL  (sentit Besòs),2.18526032658421,41.4286530385063,3591.1,3925.8,74.8,gt_2km_control,gt_2km_control,"2017,2018,2019,2020,2021,2022,2023,2024,2025",undirected_osm_highway_utm31n,control_gt2km,other,False,False,8512.608695652174,23,4683.666666666667,24,-3828.942028985507,-0.5974671613839373
11027,GENERAL VIVES - MAJOR DE SARRIÀ (Besòs),2.1169058220238,41.4037701460838,3594.1,3766.9,59.4,gt_2km_control,gt_2km_control,"2017,2018,2019,2020,2021,2022,2023,2024,2025",undirected_osm_highway_utm31n,control_gt2km,other,False,False,13969.739130434782,23,12865.09090909091,22,-1104.6482213438721,-0.08237598744192098
13004,TAJO - BAIXADA MERCAT (Sentit Av. Estatut),2.1603666115488,41.4296796464981,3598.2,,,outside_graph_control,gt_2km_control,"2017,2018,2019,2020,2021,2022,2023,2024,2025",undirected_osm_highway_utm31n,control_gt2km,other,False,False,5319.333333333333,21,7282.086956521739,23,1962.753623188406,0.31406950876055184
11028,GENERAL VIVES - MAJOR DE SARRIÀ (Llobregat),2.11637707646396,41.4034530847319,3604.5,,,outside_graph_control,gt_2km_control,"2017,2018,2019,2020,2021,2022,2023,2024,2025",undirected_osm_highway_utm31n,control_gt2km,other,False,False,12492.166666666666,24,12692.916666666666,24,200.75,0.01594231388206957
11014,AV. VALLVIDRERA (Entrada),2.11692952257796,41.4043311996354,3634.0,,,outside_graph_control,gt_2km_control,"2017,2018,2019,2020,2021,2022,2023,2024,2025",undirected_osm_highway_utm31n,control_gt2km,other,False,False,6495.916666666667,24,5683.375,24,-812.541666666667,-0.1336285279570255
13014,PG. FABRA I PUIG - DAS (Sentit Sant Andreu),2.17130443156633,41.4303195871099,3636.3,,,outside_graph_control,gt_2km_control,"2017,2018,2019,2020,2021,2022,2023,2024,2025",undirected_osm_highway_utm31n,control_gt2km,other,False,False,2678.625,24,2541.2083333333335,24,-137.41666666666652,-0.05266391346562127
11015,AV. VALLVIDRERA (Sortida),2.11693965961916,41.4043781660851,3636.9,,,outside_graph_control,gt_2km_control,"2017,2018,2019,2020,2021,2022,2023,2024,2025",undirected_osm_highway_utm31n,control_gt2km,other,False,False,6159.083333333333,24,5353.083333333333,24,-806.0,-0.14025523806381734
13013,PG. FABRA I PUIG - AMÍLCAR (Sentit Horta),2.17121495096827,41.4304004361056,3644.6,,,outside_graph_control,gt_2km_control,"2017,2018,2019,2020,2021,2022,2023,2024,2025",undirected_osm_highway_utm31n,control_gt2km,other,False,False,5321.333333333333,24,4810.916666666667,24,-510.41666666666606,-0.10083625736727697
17007,JOSEP PLÀ - PG. TAULAT (sentit muntanya),2.21594447419887,41.4087451861361,3674.4,,,outside_graph_control,gt_2km_control,"2017,2018,2019,2020,2021,2022,2023,2024,2025",undirected_osm_highway_utm31n,control_gt2km,other,False,False,8773.863636363636,22,8172.782608695652,23,-601.081027667984,-0.07096782137213609
11013,AV. ESPLUGUES - GONZÁLEZ TABLAS (Sortida),2.10555371036138,41.3866612935988,3679.4,,,outside_graph_control,gt_2km_control,"2017,2018,2019,2020,2021,2022,2023,2024,2025",undirected_osm_highway_utm31n,control_gt2km,other,False,False,4559.333333333333,24,4305.0,24,-254.33333333333303,-0.05739927612810014
7020,PG. FABRA I PUIG - VÈLIA  (sentit muntanya),2.18044874195065,41.4302232004653,3686.7,,,outside_graph_control,gt_2km_control,"2017,2018,2019,2020,2021,2022,2023,2024,2025",undirected_osm_highway_utm31n,control_gt2km,other,False,False,10414.266666666666,15,12039.52380952381,21,1625.2571428571428,0.1450182274263785
11012,AV. ESPLUGUES - JARDINS CERVANTES (Entrada),2.10533737568672,41.3860691651983,3689.5,,,outside_graph_control,gt_2km_control,"2017,2018,2019,2020,2021,2022,2023,2024,2025",undirected_osm_highway_utm31n,control_gt2km,other,False,False,8263.708333333334,24,7391.5,24,-872.2083333333339,-0.11154274619238436
10011,RBLA. PRIM - CONCILI DE TRENTO (Baixada),2.20629082616235,41.4209026395824,3720.1,,,outside_graph_control,gt_2km_control,"2017,2018,2019,2020,2021,2022,2023,2024,2025",undirected_osm_highway_utm31n,control_gt2km,other,False,False,3386.0,24,3161.5,24,-224.5,-0.0686026851944117
7026,PG. FABRA I PUIG - CONCEPCIÓ ARENAL (sentit muntanya),2.18422824208619,41.4301803551681,3736.4,,,outside_graph_control,gt_2km_control,"2017,2018,2019,2020,2021,2022,2023,2024,2025",undirected_osm_highway_utm31n,control_gt2km,other,False,False,11104.842105263158,19,9626.708333333334,24,-1478.1337719298244,-0.1428398852969064
17006,"SORTIDA 24, RONDA LITORAL (sentit Besòs)",2.21819681075447,41.4055540069911,3749.8,4712.8,56.5,gt_2km_control,gt_2km_control,"2017,2018,2019,2020,2021,2022,2023,2024,2025",undirected_osm_highway_utm31n,control_gt2km,other,False,False,7497.708333333333,24,6110.416666666667,24,-1387.291666666666,-0.20460245321958404
17004,AV. LITORAL - SELVA DE MAR (sentit Besòs),2.21826567709246,41.4054905072671,3753.6,4712.8,64.0,gt_2km_control,gt_2km_control,"2017,2018,2019,2020,2021,2022,2023,2024,2025",undirected_osm_highway_utm31n,control_gt2km,other,False,False,6458.083333333333,24,4162.869565217391,23,-2295.213768115942,-0.4391279403425763
17003,PG. GARCIA FARIA - JOSEP PLÀ (sentit Llobregat),2.21790107855386,41.4065939942215,3755.8,,,outside_graph_control,gt_2km_control,"2017,2018,2019,2020,2021,2022,2023,2024,2025",undirected_osm_highway_utm31n,control_gt2km,other,False,False,22466.347826086956,23,17628.875,24,-4837.472826086956,-0.24248035474315266
10012,RBLA. PRIM - CONCILI DE TRENTO (Pujada),2.20582046709715,41.4217910120223,3762.9,,,outside_graph_control,gt_2km_control,"2017,2018,2019,2020,2021,2022,2023,2024,2025",undirected_osm_highway_utm31n,control_gt2km,other,False,False,6342.875,24,5185.35,20,-1157.5249999999996,-0.20149479388011216
13016,DOCTOR PI I MOLIST - ALLOZA (carril Bus),2.17413983149495,41.4314529739963,3789.1,,,outside_graph_control,gt_2km_control,"2017,2018,2019,2020,2021,2022,2023,2024,2025",undirected_osm_highway_utm31n,control_gt2km,other,False,False,1802.8333333333333,24,1819.6666666666667,24,16.833333333333485,0.00929383271141404
11001,AV. ESTATUT- LISBOA (Pujada),2.15522900634285,41.4306514538133,3796.1,,,outside_graph_control,gt_2km_control,"2017,2018,2019,2020,2021,2022,2023,2024,2025",undirected_osm_highway_utm31n,control_gt2km,other,False,False,17044.541666666668,24,12794.652173913044,23,-4249.889492753624,-0.2868027309121448
13015,DOCTOR PI I MOLIST - ESCULTOR ORDOÑEZ (sentit mar),2.17408378594873,41.4316867290554,3814.1,,,outside_graph_control,gt_2km_control,"2017,2018,2019,2020,2021,2022,2023,2024,2025",undirected_osm_highway_utm31n,control_gt2km,other,False,False,6427.25,24,5826.304347826087,23,-600.945652173913,-0.09816386727154303
10013,RBLA. PRIM - CRISTÓBAL DE MOURA (Baixada),2.21346256192603,41.415434528203,3814.7,,,outside_graph_control,gt_2km_control,"2017,2018,2019,2020,2021,2022,2023,2024,2025",undirected_osm_highway_utm31n,control_gt2km,other,False,False,4887.416666666667,24,3769.6666666666665,18,-1117.7500000000005,-0.2596772946466661
17001,AV. DIAGONAL - LLULL (Baixada),2.21689026434743,41.4107128902073,3828.2,,,outside_graph_control,gt_2km_control,"2017,2018,2019,2020,2021,2022,2023,2024,2025",undirected_osm_highway_utm31n,control_gt2km,other,False,False,4288.875,24,3182.05,20,-1106.8249999999998,-0.29849881760740615
10014,RBLA. PRIM - CRISTÓBAL DE MOURA (Pujada),2.2127448089634,41.416503515673,3828.6,,,outside_graph_control,gt_2km_control,"2017,2018,2019,2020,2021,2022,2023,2024,2025",undirected_osm_highway_utm31n,control_gt2km,other,False,False,1664.6666666666667,24,3234.8,20,1570.1333333333334,0.6643421990500578
17002,AV. DIAGONAL - RAMBLA PRIM (Pujada),2.21680346713813,41.4108925544173,3829.3,,,outside_graph_control,gt_2km_control,"2017,2019,2020,2021,2022,2023,2024,2025",undirected_osm_highway_utm31n,control_gt2km,other,False,False,3126.4285714285716,7,2575.8333333333335,24,-550.5952380952381,-0.1937182152315211
11003,AV. ESTATUT - PL. CIUTADELLA (Pujada),2.15449840389739,41.4315644473508,3910.2,,,outside_graph_control,gt_2km_control,"2017,2018,2019,2020,2021,2022,2023,2024,2025",undirected_osm_highway_utm31n,control_gt2km,other,False,False,17125.791666666668,24,14833.375,24,-2292.416666666668,-0.14370590230133296
11002,AV. ESTATUT - CAN TRAVI NOU (Baixada),2.15416783936624,41.431797826656,3942.7,,,outside_graph_control,gt_2km_control,"2017,2018,2019,2020,2021,2022,2023,2024,2025",undirected_osm_highway_utm31n,control_gt2km,other,False,False,20410.772727272728,22,15417.291666666666,24,-4993.481060606062,-0.2805731213248972
7031,FABRA I PUIG - CANIGÓ (Besòs),2.16351120837962,41.4341815807777,4063.0,,,outside_graph_control,gt_2km_control,"2017,2018,2019,2020,2021,2022,2023,2024,2025",undirected_osm_highway_utm31n,control_gt2km,other,False,False,7175.846153846154,13,5377.875,24,-1797.9711538461543,-0.28842737080667824
7032,FABRA I PUIG - CANIGÓ (Llobregat),2.16342285344408,41.4341947880258,4065.1,,,outside_graph_control,gt_2km_control,"2017,2018,2019,2020,2021,2022,2023,2024,2025",undirected_osm_highway_utm31n,control_gt2km,other,False,False,8374.285714285714,21,7153.666666666667,24,-1220.6190476190468,-0.15754074045619681
10017,RBLA. GUIPÚSCOA - EXTREMADURA (Entrada),2.20842324538341,41.4249817109825,4170.1,,,outside_graph_control,gt_2km_control,"2017,2018,2019,2020,2021,2022,2023,2024,2025",undirected_osm_highway_utm31n,control_gt2km,other,False,False,8281.5,20,6457.375,24,-1824.125,-0.2488012229459997
10018,RBLA. GUIPÚSCOA - CAMÍ DE LA VERNEDA (Sortida),2.20866893012187,41.4248191757687,4170.8,,,outside_graph_control,gt_2km_control,"2017,2019,2020,2021,2022,2023,2024,2025",undirected_osm_highway_utm31n,control_gt2km,other,False,False,7995.555555555556,9,5776.375,24,-2219.1805555555557,-0.3251095084403328
13009,AV. RIO DE JANEIRO - PINTOR ALSAMORA (sentit Besòs),2.1799243098505,41.4353182023915,4243.5,,,outside_graph_control,gt_2km_control,"2017,2018,2019,2020,2021,2022,2023,2024,2025",undirected_osm_highway_utm31n,control_gt2km,other,False,False,12951.23076923077,13,16031.041666666666,24,3079.8108974358965,0.21333612311044625
11004,AV. ESTATUT - PG. VALLDAURA (Baixada),2.15343747453683,41.4359420769539,4402.1,,,outside_graph_control,gt_2km_control,"2017,2018,2019,2020,2021,2022,2023,2024,2025",undirected_osm_highway_utm31n,control_gt2km,other,False,False,13748.42857142857,21,10763.95652173913,23,-2984.4720496894406,-0.24472133823967468
7011,AV. MERIDIANA  - ROSSELLÓ I PORCEL (Sortida),2.18435802147206,41.436297355113,4404.2,,,outside_graph_control,gt_2km_control,"2017,2018,2019,2020,2021,2022,2023,2024,2025",undirected_osm_highway_utm31n,control_gt2km,other,False,False,24566.0,22,18041.636363636364,22,-6524.363636363636,-0.3086811550774584
11010,CTRA. D'HORTA A CERDANYOLA - RONDA DE DALT (Entrada),2.15342694147954,41.4371872086848,4535.8,,,outside_graph_control,gt_2km_control,"2017,2018,2019,2020,2021,2022,2023,2024,2025",undirected_osm_highway_utm31n,control_gt2km,other,False,False,3480.842105263158,19,2615.9565217391305,23,-864.8855835240274,-0.28564443545740037
11011,CTRA. D'HORTA A CERDANYOLA - AV. ESTATUT (Sortida),2.15350250879794,41.4372114000455,4536.8,,,outside_graph_control,gt_2km_control,"2017,2018,2019,2020,2021,2022,2023,2024,2025",undirected_osm_highway_utm31n,control_gt2km,other,False,False,2108.4444444444443,18,1728.2380952380952,21,-380.20634920634916,-0.1988479979928135
13018,PG. VALLDAURA - GASELA (Baixada),2.16985328571021,41.4388404413877,4572.4,,,outside_graph_control,gt_2km_control,"2017,2018,2019,2020,2021,2022,2023,2024,2025",undirected_osm_highway_utm31n,control_gt2km,other,False,False,7421.208333333333,24,5712.0526315789475,19,-1709.1557017543855,-0.2617634528722661
13017,PG. VALLDAURA - ISARD (Pujada),2.17000178264723,41.438915647615,4581.3,,,outside_graph_control,gt_2km_control,"2017,2018,2019,2020,2021,2022,2023,2024,2025",undirected_osm_highway_utm31n,control_gt2km,other,False,False,8918.157894736842,19,7832.083333333333,24,-1086.0745614035086,-0.12986086594144375
16004,SANT ADRIÀ - PG. L'HAVANA (Sentit Torras i Bages),2.19543659774195,41.4355378293433,4585.4,,,outside_graph_control,gt_2km_control,"2017,2018,2019,2020,2021,2022,2023,2024,2025",undirected_osm_highway_utm31n,control_gt2km,other,False,False,11833.791666666666,24,10553.952380952382,21,-1279.8392857142844,-0.11445871642736272
7025,PG. VALLDAURA - ESCULTOR ORDOÑEZ (Baixada),2.17976824691788,41.4389892706886,4647.9,,,outside_graph_control,gt_2km_control,"2017,2018,2019,2020,2021,2022,2023,2024,2025",undirected_osm_highway_utm31n,control_gt2km,other,False,False,5047.913043478261,23,4266.6875,16,-781.225543478261,-0.16813713409713493
7024,PG. VALLDAURA - SANT FRANCESC XAVIER (Pujada),2.179324,41.439067,4653.2,,,outside_graph_control,gt_2km_control,"2017,2018,2019,2020,2021,2022,2023,2024,2025",undirected_osm_highway_utm31n,control_gt2km,other,False,False,9435.08695652174,23,8098.5,14,-1336.58695652174,-0.15275653581123194
7014,AV. RIO JANEIRO - ARGULLÓS (Llobregat),2.18285449286069,41.4402352832474,4815.3,,,outside_graph_control,gt_2km_control,"2017,2018,2019,2020,2021,2022,2023,2024,2025",undirected_osm_highway_utm31n,control_gt2km,other,False,False,5957.583333333333,24,5451.458333333333,24,-506.125,-0.08878176088450118
7028,PG. TORRAS I BAGES - RESIDÈNCIA (Llobregat),2.19091250206101,41.4403054581178,4963.2,,,outside_graph_control,gt_2km_control,"2017,2018,2019,2020,2021,2022,2023,2024,2025",undirected_osm_highway_utm31n,control_gt2km,other,False,False,7312.333333333333,24,8795.666666666666,24,1483.333333333333,0.18469675568566224
7027,PG. TORRAS I BAGES - RESIDÈNCIA (Besòs),2.19101844747515,41.4403222023756,4967.4,,,outside_graph_control,gt_2km_control,"2017,2018,2019,2020,2021,2022,2023,2024,2025",undirected_osm_highway_utm31n,control_gt2km,other,False,False,6795.04347826087,23,5981.541666666667,24,-813.501811594203,-0.1275151076220915
7015,AV. RIO JANEIRO - JOAQUIM VALLS (Besós),2.1844969664331,41.4414843505667,4973.4,,,outside_graph_control,gt_2km_control,"2017,2018,2019,2020,2021,2022,2023,2024,2025",undirected_osm_highway_utm31n,control_gt2km,other,False,False,9306.208333333334,24,7903.521739130435,23,-1402.686594202899,-0.16337329026075764
7029,VIA JÚLIA - FRANCESC XAVIER  (sentit muntanya),2.17837466735042,41.4427399703874,5054.3,,,outside_graph_control,gt_2km_control,"2017,2018,2019,2020,2021,2022,2023,2024,2025",undirected_osm_highway_utm31n,control_gt2km,other,False,False,4777.333333333333,24,3812.782608695652,23,-964.550724637681,-0.22552324471733698
7022,AV. MERIDIANA - RIO DE JANEIRO (Entrada),2.18606065513342,41.4420708545338,5060.5,,,outside_graph_control,gt_2km_control,"2017,2018,2019,2020,2021,2022,2023,2024,2025",undirected_osm_highway_utm31n,control_gt2km,other,False,False,37708.0,24,33513.041666666664,24,-4194.958333333336,-0.11793760697923439
7030,VIA JÚLIA - BATLLORI  (sentit mar),2.1780638682536,41.4429273415817,5073.5,,,outside_graph_control,gt_2km_control,"2017,2018,2019,2020,2021,2022,2023,2024,2025",undirected_osm_highway_utm31n,control_gt2km,other,False,False,4957.916666666667,24,4241.869565217391,23,-716.0471014492759,-0.15598151836582552
16003,FERRAN JUNOY - SAO PAULO,2.19660020974202,41.4420396242204,5293.6,,,outside_graph_control,gt_2km_control,"2017,2018,2019,2020,2021,2022,2023,2024,2025",undirected_osm_highway_utm31n,control_gt2km,other,False,False,6406.153846153846,13,6170.875,24,-235.27884615384573,-0.037418423747702434
16002,POTOSÍ - FERRAN JUNOY (Sentit Santa Coloma),2.19764185172385,41.4425552099912,5377.8,,,outside_graph_control,gt_2km_control,"2017,2018,2019,2020,2021,2022,2023,2024,2025",undirected_osm_highway_utm31n,control_gt2km,other,False,False,16199.625,24,16963.095238095237,21,763.4702380952367,0.04605202213616266
16001,POTOSÍ - CIUTAT D'ASUNCIÓN (Sentit Torras i Bages),2.19762242636993,41.4427067719695,5392.9,,,outside_graph_control,gt_2km_control,"2017,2018,2019,2020,2021,2022,2023,2024,2025",undirected_osm_highway_utm31n,control_gt2km,other,False,False,3129.5,10,3133.65,20,4.150000000000091,0.0013252119484103986
7023,AV. MERIDIANA - PG. SANTA COLOMA (Sortida),2.18719181690707,41.4450823605518,5406.7,,,outside_graph_control,gt_2km_control,"2017,2018,2019,2020,2021,2022,2023,2024,2025",undirected_osm_highway_utm31n,control_gt2km,other,False,False,36967.708333333336,24,33856.958333333336,24,-3110.75,-0.0879002418357846
7019,PG. SANTA COLOMA - CTRA. DE RIBES (Besòs),2.18968658758166,41.4449161583602,5432.9,,,outside_graph_control,gt_2km_control,"2017,2018,2019,2020,2021,2022,2023,2024,2025",undirected_osm_highway_utm31n,control_gt2km,other,False,False,9412.583333333334,24,10500.041666666666,24,1087.4583333333321,0.10933177884776413
7018,PG. SANTA COLOMA - PG. TORRAS I BAGES (Llobregat) ,2.18962140461431,41.4449541900293,5435.7,,,outside_graph_control,gt_2km_control,"2017,2018,2019,2020,2021,2022,2023,2024,2025",undirected_osm_highway_utm31n,control_gt2km,other,False,False,4590.875,24,7076.5,24,2485.625,0.4327087974789592
16006,PG. SANTA COLOMA - C. TIANA (Sentit Llobregat) ,2.19806376689669,41.4479426516473,5951.9,,,outside_graph_control,gt_2km_control,"2017,2018,2019,2020,2021,2022,2023,2024,2025",undirected_osm_highway_utm31n,control_gt2km,other,False,False,6250.823529411765,17,4763.066666666667,15,-1487.7568627450983,-0.2718215012724752
16007,PG. SANTA COLOMA - C. TIANA (Sentit Besós) ,2.2001276189647,41.4485694283737,6075.8,,,outside_graph_control,gt_2km_control,"2017,2018,2019,2020,2021,2022,2023,2024,2025",undirected_osm_highway_utm31n,control_gt2km,other,False,False,4834.791666666667,24,4158.166666666667,24,-676.625,-0.15076376738085706
