station_id,desc,lon,lat,euclid_m,network_m,snap_m,network_bin,euclid_bin,years_with_counts,distance_metric,did_bin,street_group,is_gran_via,is_tac2020_other,q_pre,n_pre,q_post,n_post,delta_q,delta_log_q
4002,MUNTANER - CONSELL DE CENT  (sentit mar),2.15999405057183,41.3861943064478,0.0,0.0,1.3,on_or_immediate,on_or_immediate,"2017,2018,2019,2020,2021,2022,2023,2024,2025",undirected_osm_highway_utm31n,on_or_immediate,other,False,False,20103.285714285714,7,18295.36842105263,19,-1807.917293233084,-0.09423533400945772
4061,PAU CLARIS - CONSELL DE CENT  (sentit mar),2.16782623743917,41.392200590956,0.0,0.0,17.0,on_or_immediate,on_or_immediate,"2017,2018,2019,2020,2021,2022,2023,2024,2025",undirected_osm_highway_utm31n,on_or_immediate,tac2020_other,False,True,16768.14285714286,7,14022.375,24,-2745.7678571428587,-0.17882655961590643
4072,CASANOVA - CONSELL DE CENT  (sentit muntanya),2.1580927938814,41.3859229631157,0.0,0.0,17.5,on_or_immediate,on_or_immediate,"2017,2018,2019,2020,2021,2022,2023,2024,2025",undirected_osm_highway_utm31n,on_or_immediate,other,False,False,5041.571428571428,7,4936.583333333333,24,-104.98809523809541,-0.02104436588670211
4033,ARIBAU - DIPUTACIÓ  (sentit muntanya),2.1611155956212,41.3870630464236,0.7,0.0,1.5,on_or_immediate,on_or_immediate,"2017,2018,2019,2020,2021,2022,2023,2024,2025",undirected_osm_highway_utm31n,on_or_immediate,other,False,False,20696.285714285714,7,18140.708333333332,24,-2555.5773809523816,-0.13179575800992716
4068,GRAN VIA - GIRONA,2.17356197276934,41.39342660503,19.8,17.4,16.7,on_or_immediate,on_or_immediate,"2017,2018,2019,2020,2021,2022,2023,2024,2025",undirected_osm_highway_utm31n,on_or_immediate,tac2020_other,True,True,44997.0,7,47729.041666666664,24,2732.0416666666642,0.058944231717150686
4095,VILLARROEL - ARAGÓ  (sentit mar),2.1569179201233,41.3850904392878,20.7,0.0,18.5,on_or_immediate,on_or_immediate,"2017,2019,2020,2021,2022,2023,2024,2025",undirected_osm_highway_utm31n,on_or_immediate,other,False,False,10142.285714285714,7,10802.333333333334,24,660.0476190476202,0.06304877180679647
4047,VALÈNCIA - GIRONA,2.16905147086661,41.397001041925,32.5,53.0,17.7,0_250m,on_or_immediate,"2017,2018,2019,2020,2021,2022,2023,2024,2025",undirected_osm_highway_utm31n,0_250m,tac2020_other,False,True,21367.14285714286,7,19260.416666666668,24,-2106.726190476191,-0.10380232169663195
3004,GRAN VIA - ROCAFORT  (sentit Besòs),2.15453692917648,41.3790627934243,36.3,14.3,40.4,on_or_immediate,on_or_immediate,"2017,2018,2019,2020,2021,2022,2023,2024,2025",undirected_osm_highway_utm31n,on_or_immediate,tac2020_other,True,True,43444.142857142855,7,41094.318181818184,22,-2349.8246753246713,-0.055606172523594566
4026,PG. SANT JOAN - DIPUTACIÓ (Pujada),2.17373623397117,41.396386975798,42.6,34.6,6.0,on_or_immediate,0_250m,"2017,2018,2019,2020,2021,2022,2023,2024,2025",undirected_osm_highway_utm31n,on_or_immediate,other,False,False,6533.428571428572,7,8963.478260869566,23,2430.0496894409944,0.31622649569336936
4058,PASSEIG DE GRÀCIA - DIPUTACIÓ (Pujada),2.1667568616092,41.3907453585242,49.4,244.4,17.8,0_250m,0_250m,"2017,2018,2019,2020,2021,2022,2023,2024,2025",undirected_osm_highway_utm31n,0_250m,other,False,False,7626.4,5,9381.0,21,1754.6000000000004,0.2070704549465816
3006,GRAN VIA - VILADOMAT  (sentit Besòs),2.15681723918066,41.3807773965116,78.2,124.0,42.6,0_250m,0_250m,"2017,2018,2019,2020,2021,2022,2023,2024,2025",undirected_osm_highway_utm31n,0_250m,tac2020_other,True,True,45864.857142857145,7,43730.125,24,-2134.732142857145,-0.04766196035532744
4079,ARAGÓ - BAILÈN (sentit Llobregat),2.17055853655275,41.3964247174287,85.7,108.6,16.4,0_250m,0_250m,"2017,2018,2019,2020,2021,2022,2023,2024,2025",undirected_osm_highway_utm31n,0_250m,tac2020_other,False,True,62632.71428571428,7,58505.04347826087,23,-4127.670807453411,-0.06817477020047669
4052,DIPUTACIÓ - BALMES,2.16371476116981,41.3878586296077,92.5,148.8,16.1,0_250m,0_250m,"2017,2018,2019,2020,2021,2022,2023,2024,2025",undirected_osm_highway_utm31n,0_250m,other,False,False,11535.285714285714,7,10661.0,24,-874.2857142857138,-0.07881843768618779
4021,COMTE URGELL- DIPUTACIÓ  (sentit muntanya),2.15691662946976,41.3833604302786,97.3,116.4,17.1,0_250m,0_250m,"2017,2018,2019,2020,2021,2022,2023,2024,2025",undirected_osm_highway_utm31n,0_250m,other,False,False,16839.571428571428,7,12484.7,20,-4354.871428571427,-0.29922766427212366
2008,AV. ROMA - CALÀBRIA  (sentit Llobregat),2.1497682341535,41.3832232168521,99.3,170.9,21.1,0_250m,0_250m,"2017,2018,2019,2020,2021,2022,2023,2024,2025",undirected_osm_highway_utm31n,0_250m,other,False,False,1167.857142857143,7,1369.909090909091,22,202.0519480519481,0.15957381290964268
4064,DIPUTACIÓ - BRUC,2.17019539209557,41.3927688423449,115.9,138.6,20.2,0_250m,0_250m,"2017,2019,2020,2021,2022,2023,2024,2025",undirected_osm_highway_utm31n,0_250m,other,False,False,10025.714285714286,7,9956.208333333334,24,-69.5059523809523,-0.0069569114082277395
4098,PG. GRÀCIA - ARAGÓ (Baixada),2.16520071322411,41.3917338254457,120.3,232.7,5.4,0_250m,0_250m,"2017,2018,2019,2020,2021,2022,2023,2024,2025",undirected_osm_highway_utm31n,0_250m,other,False,False,3596.0,7,5060.4,15,1464.3999999999996,0.3416234149490034
4029,ARAGÓ - MUNTANER (sentit Llobregat),2.15817038508185,41.3870958130359,126.7,208.6,10.8,0_250m,0_250m,"2017,2018,2019,2020,2021,2022,2023,2024,2025",undirected_osm_highway_utm31n,0_250m,tac2020_other,False,True,60629.0,7,54929.708333333336,24,-5699.291666666664,-0.09871898891033126
4080,BAILÈN - DIPUTACIÓ  (sentit mar),2.17390413431999,41.394451912494,127.2,144.0,20.4,0_250m,0_250m,"2017,2019,2020,2021,2022,2023,2024,2025",undirected_osm_highway_utm31n,0_250m,other,False,False,5421.857142857143,7,5323.521739130435,23,-98.33540372670814,-0.018303337665019015
4051,BALMES - DIPUTACIÓ (baixada),2.16449737832213,41.3879047272823,135.6,105.3,21.9,0_250m,0_250m,"2017,2018,2019,2020,2021,2022,2023,2024,2025",undirected_osm_highway_utm31n,0_250m,other,False,False,26120.428571428572,7,24509.583333333332,24,-1610.8452380952403,-0.06365351453033341
2009,MALLORCA - CALÀBRIA  (sentit Llobregat),2.14904637422425,41.3836515144813,140.0,214.2,16.7,0_250m,0_250m,"2017,2018,2019,2020,2021,2022,2023,2024,2025",undirected_osm_highway_utm31n,0_250m,other,False,False,14410.666666666666,6,10877.304347826086,23,-3533.36231884058,-0.2812902245283304
3010,ENTENÇA - SEPÚLVEDA  (sentit muntanya),2.15377313964144,41.3772231725479,147.0,219.8,20.3,0_250m,0_250m,"2017,2018,2019,2020,2021,2022,2023,2024,2025",undirected_osm_highway_utm31n,0_250m,other,False,False,18759.0,6,17789.409090909092,22,-969.5909090909081,-0.05307035192768339
4071,AV. ROMA - VILLARROEL  (sentit Llobregat),2.15551161492165,41.3857379536589,157.6,156.1,19.9,0_250m,0_250m,"2017,2018,2019,2020,2021,2022,2023,2024,2025",undirected_osm_highway_utm31n,0_250m,other,False,False,29252.571428571428,7,20247.5,16,-9005.071428571428,-0.3679361527607288
4049,MALLORCA - BRUC,2.16605647059014,41.3964310585901,159.6,142.6,17.2,0_250m,0_250m,"2017,2018,2019,2020,2021,2022,2023,2024,2025",undirected_osm_highway_utm31n,0_250m,other,False,False,24009.0,5,16060.0,22,-7949.0,-0.40209705153440467
4053,ARAGÓ - RAMBLA DE CATALUNYA (sentit Llobregat),2.16298401194208,41.3907020230178,172.3,226.4,18.3,0_250m,0_250m,"2017,2018,2019,2020,2021,2022,2023,2024,2025",undirected_osm_highway_utm31n,0_250m,tac2020_other,False,True,56372.857142857145,7,51552.22727272727,22,-4820.629870129873,-0.08939237073459871
3012,SEPÚLVEDA - COMTE BORRELL  (sentit Llobregat),2.15830635936938,41.3800228406693,184.4,419.4,23.9,250_500m,0_250m,"2017,2018,2019,2020,2021,2022,2023,2024,2025",undirected_osm_highway_utm31n,250_500m,other,False,False,18193.85714285714,7,20893.958333333332,24,2700.101190476191,0.13837602473346955
4084,NÀPOLS - DIPUTACIÓ  (sentit mar),2.17693989634649,41.397254200157,187.3,270.2,12.2,250_500m,0_250m,"2017,2018,2019,2020,2021,2022,2023,2024,2025",undirected_osm_highway_utm31n,250_500m,other,False,False,4139.714285714285,7,4680.04347826087,23,540.3291925465846,0.12268062776986532
4077,ARAGÓ - NÀPOLS (sentit Llobregat),2.17395160686523,41.3989680268534,195.5,271.7,18.0,250_500m,0_250m,"2017,2018,2019,2020,2021,2022,2023,2024,2025",undirected_osm_highway_utm31n,250_500m,tac2020_other,False,True,43033.71428571428,7,47775.791666666664,24,4742.077380952382,0.10453519907929909
3003,GRAN VIA - VILAMARÍ  (sentit Besòs),2.15225172788928,41.3773556078136,196.8,197.0,17.5,0_250m,0_250m,"2017,2018,2019,2020,2021,2022,2023,2024,2025",undirected_osm_highway_utm31n,0_250m,tac2020_other,True,True,41579.71428571428,7,44961.05263157895,19,3381.338345864664,0.0781842069646359
4090,ARIBAU - ARAGÓ  (sentit muntanya),2.15924172322705,41.3884915607715,223.6,210.1,12.3,0_250m,0_250m,"2017,2018,2019,2020,2021,2022,2023,2024,2025",undirected_osm_highway_utm31n,0_250m,other,False,False,18540.85714285714,7,19242.291666666668,24,701.4345238095266,0.037133756484591274
4010,PG. SANT JOAN - VALÈNCIA (Baixada),2.17128708260538,41.3980800150532,225.8,215.9,19.7,0_250m,0_250m,"2017,2018,2019,2020,2021,2022,2023,2024,2025",undirected_osm_highway_utm31n,0_250m,other,False,False,5846.0,7,5924.041666666667,24,78.04166666666697,0.013261263227661857
4028,VALÈNCIA - CASANOVA,2.1569036942764,41.3878538166451,236.3,342.2,23.4,250_500m,0_250m,"2017,2018,2019,2020,2021,2022,2023,2024,2025",undirected_osm_highway_utm31n,250_500m,tac2020_other,False,True,15489.166666666666,6,16477.81818181818,22,988.6515151515141,0.06187426900452131
4035,GRAN VIA - PL. UNIVERSITAT  (sentit Besòs),2.16441727131043,41.3865364803669,237.3,343.5,20.6,250_500m,0_250m,"2017,2018,2019,2020,2021,2022,2023,2024,2025",undirected_osm_highway_utm31n,250_500m,tac2020_other,True,True,53780.57142857143,7,48858.181818181816,22,-4922.389610389611,-0.09599042301749527
3033,SEPULVEDA - ENTENÇA  (sentit Llobregat),2.15355004884416,41.3764072022776,239.3,353.6,30.3,250_500m,0_250m,"2017,2018,2019,2020,2021,2022,2023,2024,2025",undirected_osm_highway_utm31n,250_500m,other,False,False,12238.857142857143,7,13612.826086956522,23,1373.9689440993789,0.10639654089356831
4062,GRAN VIA - PAU CLARIS (sentit Besós),2.17015825066685,41.390863780895,245.0,280.4,16.7,250_500m,0_250m,"2017,2018,2019,2020,2021,2022,2023,2024,2025",undirected_osm_highway_utm31n,250_500m,tac2020_other,True,True,51764.142857142855,7,53395.291666666664,24,1631.1488095238092,0.031024884309140077
3031,FLORIDABLANCA - ROCAFORT  (sentit Besòs),2.15697555342451,41.3773211414533,262.9,317.3,10.2,250_500m,250_500m,"2017,2018,2019,2020,2021,2022,2023,2024,2025",undirected_osm_highway_utm31n,250_500m,other,False,False,7802.285714285715,7,7740.95652173913,23,-61.329192546584636,-0.007891469474566648
4065,ROGER DE LLÚRIA - CASP  (sentit muntanya),2.17191220851891,41.3908288785469,265.0,351.9,17.9,250_500m,250_500m,"2017,2018,2019,2020,2021,2022,2023,2024,2025",undirected_osm_highway_utm31n,250_500m,tac2020_other,False,True,15439.42857142857,7,10981.708333333334,24,-4457.720238095237,-0.34069352439632006
2014,TARRAGONA - CONSELL DE CENT (calçada Besòs),2.14733648474262,41.3770104507661,267.7,547.0,13.1,500_1000m,250_500m,"2017,2018,2019,2020,2021,2022,2023,2024,2025",undirected_osm_highway_utm31n,500_1000m,other,False,False,25912.714285714286,7,23427.869565217392,23,-2484.8447204968943,-0.10080742657832964
3018,COMTE URGELL- FLORIDABLANCA,2.16047984134544,41.3807267821097,284.4,398.8,12.5,250_500m,250_500m,"2017,2018,2019,2020,2021,2022,2023,2024,2025",undirected_osm_highway_utm31n,250_500m,other,False,False,13264.857142857143,7,10563.0,24,-2701.857142857143,-0.2277608892113907
3013,VILLARROEL - GRAN VIA  (sentit mar),2.16051119824691,41.3823690318997,290.5,418.6,25.4,250_500m,250_500m,"2017,2018,2019,2020,2021,2022,2023,2024,2025",undirected_osm_highway_utm31n,250_500m,other,False,False,7746.666666666667,6,9282.95652173913,23,1536.289855072463,0.18091744344791394
4082,GRAN VIA - NÀPOLS (sentit Besós),2.17815149968645,41.3968351807915,293.1,426.7,21.3,250_500m,250_500m,"2017,2018,2019,2020,2021,2022,2023,2024,2025",undirected_osm_highway_utm31n,250_500m,tac2020_other,True,True,47159.0,5,45577.545454545456,22,-1581.4545454545441,-0.034109700036552226
4063,VALÈNCIA - PAU CLARIS,2.1656298097779,41.394411551482,296.4,315.3,16.7,250_500m,250_500m,"2017,2018,2019,2020,2021,2022,2023,2024,2025",undirected_osm_highway_utm31n,250_500m,tac2020_other,False,True,26823.0,7,26552.875,24,-270.125,-0.010121700343521667
4009,PG. SANT JOAN - CASP (Baixada),2.17714968432596,41.3936149393821,296.5,391.6,27.5,250_500m,250_500m,"2017,2018,2019,2020,2021,2022,2023,2024,2025",undirected_osm_highway_utm31n,250_500m,other,False,False,8892.0,7,10145.791666666666,24,1253.791666666666,0.1319070092881347
4042,ROSSELLÓ - AV. DIAGONAL (sentit Besòs),2.16370570249842,41.3980821322155,305.1,379.9,2.6,250_500m,250_500m,"2017,2018,2019,2020,2021,2022,2023,2024,2025",undirected_osm_highway_utm31n,250_500m,other,False,False,17729.166666666668,6,16556.5,6,-1172.6666666666679,-0.06843234370349371
4073,VALÈNCIA - RAMBLA DE CATALUNYA,2.16273962226169,41.3922436021376,306.8,337.5,0.8,250_500m,250_500m,"2017,2018,2019,2020,2021,2022,2023,2024,2025",undirected_osm_highway_utm31n,250_500m,tac2020_other,False,True,28240.85714285714,7,26879.708333333332,24,-1361.1488095238092,-0.04939809934696626
4023,GRAN VIA - VILLARROEL (sentit Besòs),2.16016961309645,41.3833263269611,314.2,356.0,4.3,250_500m,250_500m,"2017,2018,2019,2020,2021,2022,2023,2024,2025",undirected_osm_highway_utm31n,250_500m,tac2020_other,True,True,46801.4,5,44731.65217391304,23,-2069.747826086961,-0.045231763648050816
4060,PG. SANT JOAN - AUSIÀS MARC (Pujada),2.17765894487054,41.3933623241091,332.8,472.5,19.4,250_500m,250_500m,"2017,2018,2019,2020,2021,2022,2023,2024,2025",undirected_osm_highway_utm31n,250_500m,other,False,False,2742.4285714285716,7,4064.7916666666665,24,1322.363095238095,0.3935186234037964
4097,PG. GRÀCIA - CASP (Pujada),2.16915384037869,41.3887585646416,347.0,486.0,2.4,250_500m,250_500m,"2017,2018,2019,2020,2021,2022,2023,2024,2025",undirected_osm_highway_utm31n,250_500m,other,False,False,5709.0,7,7324.761904761905,21,1615.7619047619046,0.24921677292336142
4027,MUNTANER - MALLORCA  (sentit mar),2.15649696883514,41.38881165047,347.4,424.6,11.3,250_500m,250_500m,"2017,2018,2019,2020,2021,2022,2023,2024,2025",undirected_osm_highway_utm31n,250_500m,other,False,False,19132.0,7,14804.869565217392,23,-4327.130434782608,-0.2564061744878803
2005,ENTENÇA - PROVENÇA  (sentit muntanya),2.14534608547098,41.3836075007717,348.5,428.5,2.4,250_500m,250_500m,"2017,2018,2019,2020,2021,2022,2023,2024,2025",undirected_osm_highway_utm31n,250_500m,other,False,False,14695.285714285714,7,13690.833333333334,18,-1004.4523809523798,-0.07080023351084286
2003,TARRAGONA - VALÈNCIA  (sentit mar),2.14530786309372,41.378572477309,351.6,468.3,15.3,250_500m,250_500m,"2017,2018,2019,2020,2021,2022,2023,2024,2025",undirected_osm_highway_utm31n,250_500m,other,False,False,8888.0,7,8512.095238095239,21,-375.9047619047615,-0.04321393111463223
4008,MALLORCA - CASANOVA  (sentit Llobregat),2.15472723259061,41.3879004980236,356.9,394.7,19.7,250_500m,250_500m,"2017,2018,2019,2020,2021,2022,2023,2024,2025",undirected_osm_highway_utm31n,250_500m,other,False,False,24596.85714285714,7,13383.111111111111,9,-11213.74603174603,-0.6086251291694342
3015,CASANOVA - SEPÚLVEDA  (sentit muntanya),2.16165673159081,41.3832214330662,358.1,412.8,7.5,250_500m,250_500m,"2017,2018,2019,2020,2021,2022,2023,2024,2025",undirected_osm_highway_utm31n,250_500m,other,False,False,5281.333333333333,6,5407.733333333334,15,126.40000000000055,0.023651436768647116
3014,SEPÚLVEDA - CASANOVA  (sentit Llobregat),2.16147246025133,41.3824189800132,368.8,492.0,12.1,250_500m,250_500m,"2017,2018,2019,2020,2021,2022,2023,2024,2025",undirected_osm_highway_utm31n,250_500m,other,False,False,17571.5,6,19828.636363636364,22,2257.136363636364,0.12084890248569558
4044,PAU CLARIS - PROVENÇA  (sentit mar),2.16347178849809,41.3954885003117,392.8,467.9,7.1,250_500m,250_500m,"2017,2018,2019,2020,2021,2022,2023,2024,2025",undirected_osm_highway_utm31n,250_500m,tac2020_other,False,True,18347.85714285714,7,16477.25,24,-1870.6071428571413,-0.10753214910048747
4013,SARDENYA - CONSELL DE CENT  (sentit mar),2.17812842998448,41.3997627169729,396.1,458.8,26.7,250_500m,250_500m,"2017,2018,2019,2020,2021,2022,2023,2024,2025",undirected_osm_highway_utm31n,250_500m,other,False,False,7456.666666666667,6,6312.105263157895,19,-1144.561403508772,-0.1666392267567396
5011,RONDA UNIVERSITAT - PL. CATALUNYA  (sentit Llobregat),2.16788359152789,41.387125414742,398.2,479.2,8.4,250_500m,250_500m,"2017,2018,2019,2020,2021,2022,2023,2024,2025",undirected_osm_highway_utm31n,250_500m,tac2020_other,False,True,24209.571428571428,7,23030.727272727272,22,-1178.8441558441555,-0.04991877584823179
3020,AV. PARAL·LEL - LLEIDA (Baixada),2.15475489159659,41.3749336247802,404.7,570.9,17.0,500_1000m,250_500m,"2017,2018,2019,2020,2021,2022,2023,2024,2025",undirected_osm_highway_utm31n,500_1000m,other,False,False,10783.714285714286,7,12382.666666666666,24,1598.9523809523798,0.1382605857039163
4091,PAU CLARIS - CASP (sentit mar),2.17155203437734,41.3893950147936,421.4,436.9,20.5,250_500m,250_500m,"2017,2020,2021,2022,2023,2024,2025",undirected_osm_highway_utm31n,250_500m,tac2020_other,False,True,15073.57142857143,7,9879.75,24,-5193.821428571429,-0.42245576605305324
3024,ROCAFORT - TAMARIT (mar),2.15788193499247,41.3757853800346,433.1,420.1,18.5,250_500m,250_500m,"2017,2019,2020,2021,2022,2023,2024,2025",undirected_osm_highway_utm31n,250_500m,phase1_axis,False,False,4450.857142857143,7,3310.7916666666665,24,-1140.0654761904766,-0.29590935899147475
3026,AV. PARAL·LEL - ENTENÇA (Mar),2.156378628652,41.3749387606281,440.7,603.1,13.8,500_1000m,250_500m,"2017,2018,2019,2020,2021,2022,2023,2024,2025",undirected_osm_highway_utm31n,500_1000m,other,False,False,13376.333333333334,6,12648.91304347826,23,-727.4202898550739,-0.0559156902220348
4069,MALLORCA - BALMES  (sentit Llobregat),2.15928875441747,41.3913375903375,442.2,478.0,13.9,250_500m,250_500m,"2017,2018,2019,2020,2021,2022,2023,2024,2025",undirected_osm_highway_utm31n,250_500m,other,False,False,15692.714285714286,7,15978.25,8,285.53571428571377,0.018031876040245365
4070,PELAI - RONDA UNIVERSITAT  (sentit Besòs),2.16682285923792,41.3857203495775,444.3,525.1,5.0,500_1000m,250_500m,"2017,2018,2019,2020,2021,2022,2023,2024,2025",undirected_osm_highway_utm31n,500_1000m,tac2020_other,False,True,8124.0,7,8596.458333333334,24,472.45833333333394,0.05652765301405083
5019,TRAFALGAR - MENDEZ NÚÑEZ  (sentit Besòs),2.17786829912579,41.3902876037345,455.7,461.8,29.3,250_500m,250_500m,"2017,2018,2019,2020,2021,2022,2025",undirected_osm_highway_utm31n,250_500m,other,False,False,4600.285714285715,7,8157.888888888889,9,3557.603174603174,0.572867007539239
3022,CREU COBERTA - PL. ESPANYA (Pujada),2.1467520255421,41.3752006812414,459.7,803.2,12.1,500_1000m,250_500m,"2017,2018,2019,2020,2021,2022,2023,2024,2025",undirected_osm_highway_utm31n,500_1000m,other,False,False,7225.857142857143,7,7134.95,20,-90.9071428571433,-0.012660619455642674
3021,CREU COBERTA - BÉJAR (Baixada),2.14676982982649,41.3751288229608,465.9,803.2,11.8,500_1000m,250_500m,"2017,2018,2019,2020,2021,2022,2023,2024,2025",undirected_osm_highway_utm31n,500_1000m,other,False,False,6847.142857142857,7,6375.875,16,-471.2678571428569,-0.07131012758836697
4099,BALMES - MALLORCA (baixada),2.15934927414176,41.3917902636396,473.8,480.6,1.9,250_500m,250_500m,"2017,2018,2019,2020,2021,2022,2023,2024,2025",undirected_osm_highway_utm31n,250_500m,other,False,False,31958.14285714286,7,29048.625,24,-2909.5178571428587,-0.09545586086816549
6026,PG. SANT JOAN - INDÚSTRIA (Baixada),2.16549561683824,41.4022539572222,528.8,725.5,19.1,500_1000m,500_1000m,"2017,2018,2019,2020,2021,2022,2023,2024,2025",undirected_osm_highway_utm31n,500_1000m,other,False,False,9964.0,7,9173.875,24,-790.125,-0.08261882678104726
4019,MARINA - DIPUTACIÓ (pujada),2.17953138379849,41.4004509378448,534.3,635.8,37.0,500_1000m,500_1000m,"2017,2018,2019,2020,2021,2022,2023,2024,2025",undirected_osm_highway_utm31n,500_1000m,other,False,False,32338.285714285714,7,27500.272727272728,22,-4838.012987012986,-0.1620559225489817
4032,VALÈNCIA - SARDENYA  (sentit Besòs),2.17592696473159,41.4021296117717,545.9,750.0,3.0,500_1000m,500_1000m,"2017,2018,2019,2020,2021,2022,2023,2024,2025",undirected_osm_highway_utm31n,500_1000m,tac2020_other,False,True,15365.6,5,15073.136363636364,22,-292.4636363636364,-0.019217133940097497
4081,ROSSELLÓ - PG. DE GRÀCIA (sentit Besòs),2.16105455665482,41.3961020872117,547.7,643.2,35.5,500_1000m,500_1000m,"2017,2018,2019,2020,2021,2022,2023,2024,2025",undirected_osm_highway_utm31n,500_1000m,other,False,False,9209.0,7,8684.916666666666,24,-524.0833333333339,-0.05859346217951078
4050,PASSEIG DE GRÀCIA - PROVENÇA (Pujada),2.16128392270725,41.3951762991631,568.1,735.5,15.6,500_1000m,500_1000m,"2017,2019,2020,2021,2022,2023,2024,2025",undirected_osm_highway_utm31n,500_1000m,other,False,False,13082.714285714286,7,13745.217391304348,23,662.5031055900618,0.04939909882080151
4045,PASSEIG DE GRÀCIA - ROSSELLÓ (Baixada),2.16121790070137,41.3951049670639,576.6,735.5,17.0,500_1000m,500_1000m,"2017,2019,2020,2021,2022,2023,2024,2025",undirected_osm_highway_utm31n,500_1000m,other,False,False,5114.142857142857,7,4645.166666666667,24,-468.9761904761899,-0.09618255850272384
4041,PROVENÇA - BALMES  (sentit Llobregat),2.15808497115376,41.3921622573913,578.1,617.6,14.0,500_1000m,500_1000m,"2017,2018,2019,2020,2021,2022,2023,2024,2025",undirected_osm_highway_utm31n,500_1000m,other,False,False,8702.142857142857,7,8124.347826086957,23,-577.7950310558999,-0.06870384331539903
4038,SARDENYA - CASP  (sentit mar),2.18173768883239,41.3970756592755,588.9,801.5,18.7,500_1000m,500_1000m,"2017,2018,2019,2020,2021,2022,2023,2024,2025",undirected_osm_highway_utm31n,500_1000m,other,False,False,8052.285714285715,7,7663.75,24,-388.5357142857147,-0.04945457069529624
5014,PELAI - BALMES,2.16922932842103,41.3855471554975,601.3,626.1,4.5,500_1000m,500_1000m,"2017,2018,2019,2021,2022,2023,2024,2025",undirected_osm_highway_utm31n,500_1000m,tac2020_other,False,True,26759.285714285714,7,20846.809523809523,21,-5912.476190476191,-0.2496806265173177
6005,CÒRSEGA - NÀPOLS  (sentit Llobregat),2.16818331001933,41.4031772143077,611.6,843.3,9.9,500_1000m,500_1000m,"2017,2018,2019,2020,2021,2022,2023,2024,2025",undirected_osm_highway_utm31n,500_1000m,other,False,False,14161.285714285714,7,16748.375,16,2587.0892857142862,0.16778935546438056
5012,FONTANELLA - PL. CATALUNYA,2.17174353946815,41.3872745114631,616.9,776.2,16.4,500_1000m,500_1000m,"2017,2018,2019,2020,2021,2022,2023,2024,2025",undirected_osm_highway_utm31n,500_1000m,other,False,False,11373.833333333334,6,11221.916666666666,24,-151.91666666666788,-0.013446684062806469
4083,MARINA - CASP (Pujada),2.18183500793533,41.398739728411,617.5,801.3,25.9,500_1000m,500_1000m,"2017,2018,2019,2020,2021,2022,2023,2024,2025",undirected_osm_highway_utm31n,500_1000m,other,False,False,18198.0,6,17085.75,24,-1112.25,-0.06306691517446161
6004,ROSSELLÓ - NÀPOLS (sentit Besòs),2.17019732723134,41.4029424426241,622.8,832.7,9.8,500_1000m,500_1000m,"2017,2018,2019,2020,2021,2022,2023,2024,2025",undirected_osm_highway_utm31n,500_1000m,other,False,False,23899.14285714286,7,23150.590909090908,22,-748.5519480519506,-0.031822289139284976
3028,AV. PARAL·LEL -  JAUME FABRA (Pujada),2.16029419260348,41.375029348858,638.5,682.1,3.3,500_1000m,500_1000m,"2017,2019,2020,2021,2022,2023,2024,2025",undirected_osm_highway_utm31n,500_1000m,other,False,False,14431.142857142857,7,13615.75,24,-815.3928571428569,-0.058161358818416886
4040,BALMES - ROSSELLÓ (baixada),2.15768899888382,41.3930505058183,670.8,697.0,17.5,500_1000m,500_1000m,"2017,2018,2019,2020,2021,2022,2023,2024,2025",undirected_osm_highway_utm31n,500_1000m,other,False,False,31046.85714285714,7,29274.466666666667,15,-1772.3904761904741,-0.058781892754243614
5017,PG. LLUÍS COMPANYS - ALMOGÀVERS (Pujada),2.18142013340698,41.3910021306038,679.3,842.1,22.5,500_1000m,500_1000m,"2017,2018,2019,2020,2021,2022,2023,2024,2025",undirected_osm_highway_utm31n,500_1000m,other,False,False,8221.166666666666,6,12216.0,15,3994.833333333334,0.39603443866796795
4086,JARDINS SALVADOR ESPRIU -DIAGONAL  (sentit Llobregat),2.15920458873656,41.3970883113916,681.1,763.3,12.0,500_1000m,500_1000m,"2017,2018,2019,2020,2021,2022,2023,2024,2025",undirected_osm_highway_utm31n,500_1000m,other,False,False,11641.0,7,10222.347826086956,23,-1418.652173913044,-0.12995706229417792
4054,LEPANT - DIPUTACIÓ  (sentit mar),2.18152930913028,41.4007236955616,685.9,785.1,16.7,500_1000m,500_1000m,"2017,2018,2019,2020,2021,2022,2023,2024,2025",undirected_osm_highway_utm31n,500_1000m,other,False,False,18614.714285714286,7,18081.35,20,-533.3642857142877,-0.02907133828359676
2001,PARÍS - VILADOMAT (sentit Besòs),2.1465047471315,41.3885296827205,691.7,815.2,29.2,500_1000m,500_1000m,"2017,2018,2019,2020,2021,2022,2023,2024,2025",undirected_osm_highway_utm31n,500_1000m,other,False,False,9399.0,7,11521.91304347826,23,2122.91304347826,0.2036474036446112
4096,ROSSELLÓ - ARIBAU (sentit Besòs),2.15547146519011,41.391862456137,694.9,736.8,19.5,500_1000m,500_1000m,"2017,2018,2019,2020,2021,2022,2023,2024,2025",undirected_osm_highway_utm31n,500_1000m,other,False,False,7768.142857142857,7,7560.541666666667,24,-207.6011904761899,-0.027088284631549442
4039,ROSSELLÓ - BALMES (sentit Besòs),2.15782762359234,41.3936544186481,709.5,779.0,5.2,500_1000m,500_1000m,"2017,2018,2019,2020,2021,2022,2023,2024,2025",undirected_osm_highway_utm31n,500_1000m,other,False,False,14054.857142857143,7,13764.375,24,-290.4821428571431,-0.020884307604781327
5020,ALMOGÀVERS - ROGER DE FLOR  (sentit Llobregat),2.18214874228289,41.3912139162087,730.8,913.9,20.8,500_1000m,500_1000m,"2017,2018,2019,2020,2021,2022,2023,2024,2025",undirected_osm_highway_utm31n,500_1000m,other,False,False,3798.8571428571427,7,3744.7391304347825,23,-54.11801242236015,-0.0143483131696307
4076,ARAGÓ - PADILLA (sentit Llobregat),2.17932605908427,41.4029586518706,737.7,863.9,11.6,500_1000m,500_1000m,"2017,2019,2020,2021,2022,2023,2024,2025",undirected_osm_highway_utm31n,500_1000m,tac2020_other,False,True,41140.142857142855,7,33760.181818181816,22,-7379.961038961039,-0.19770230135924116
3030,VILADOMAT - PARLAMENT  (sentit mar),2.16244637583804,41.3757914645701,744.2,869.0,21.2,500_1000m,500_1000m,"2017,2018,2019,2020,2021,2022,2023,2024,2025",undirected_osm_highway_utm31n,500_1000m,other,False,False,7359.142857142857,7,10332.2,20,2973.057142857144,0.3393217660511674
4006,PARÍS - VILLARROEL,2.14982266490774,41.3910511523403,758.2,933.0,20.6,500_1000m,500_1000m,"2017,2018,2019,2020,2021,2022,2023,2024,2025",undirected_osm_highway_utm31n,500_1000m,other,False,False,11630.285714285714,7,28201.041666666668,24,16570.755952380954,0.8857463825608178
5018,PG. LLUÍS COMPANYS - REC COMTAL (Baixada),2.18177593556833,41.3896230949241,768.3,922.9,10.4,500_1000m,500_1000m,"2017,2018,2019,2020,2021,2022,2023,2024,2025",undirected_osm_highway_utm31n,500_1000m,other,False,False,14789.4,5,15855.0,22,1065.6000000000004,0.06957420004182246
6007,INDÚSTRIA - NÀPOLS  (sentit Besòs),2.16788571857009,41.404637037895,771.5,1065.6,15.1,1_2km,500_1000m,"2017,2018,2019,2020,2021,2022,2023,2024,2025",undirected_osm_highway_utm31n,1_2km,tac2020_other,False,True,4229.0,7,3806.1666666666665,24,-422.8333333333335,-0.10534300006895236
4094,VILLARROEL - PARÍS  (sentit mar),2.14902608916375,41.3910706879931,785.8,936.7,18.1,500_1000m,500_1000m,"2017,2018,2019,2020,2021,2022,2023,2024,2025",undirected_osm_highway_utm31n,500_1000m,other,False,False,10887.57142857143,7,11060.583333333334,24,173.0119047619046,0.015765834558703062
4037,GRAN VIA - LEPANT (Besòs),2.18315468669706,41.400525643884,792.3,966.8,11.2,500_1000m,500_1000m,"2017,2019,2020,2021,2022,2023,2024,2025",undirected_osm_highway_utm31n,500_1000m,tac2020_other,True,True,36152.57142857143,7,38782.65217391304,23,2630.080745341613,0.07022495946414864
3029,RONDA DE SANT PAU - MARQUES DE CAMPO SAGRADO  (sentit muntanya),2.1651407805836,41.3771536877082,818.2,949.4,6.8,500_1000m,500_1000m,"2017,2018,2019,2020,2021,2022,2023,2024,2025",undirected_osm_highway_utm31n,500_1000m,other,False,False,13699.0,7,12991.916666666666,24,-707.0833333333339,-0.05299546827411383
4055,PADILLA - GRAN VIA  (sentit muntanya),2.18306888271222,41.4012229046827,824.1,994.7,15.2,500_1000m,500_1000m,"2017,2018,2019,2020,2021,2022,2023,2024,2025",undirected_osm_highway_utm31n,500_1000m,other,False,False,11948.142857142857,7,17094.0,21,5145.857142857143,0.3581516678877179
4007,AV. DIAGONAL - RAMBLA CATALUNYA (Baixada),2.15750682596104,41.3959672761549,839.3,874.9,29.8,500_1000m,500_1000m,"2017,2019,2020,2021,2022,2023,2024,2025",undirected_osm_highway_utm31n,500_1000m,other,False,False,16851.0,7,16558.25,24,-292.75,-0.01752553517393096
4003,ARIBAU - CÒRSEGA  (sentit muntanya),2.15359903533125,41.3927377009934,844.8,870.2,19.2,500_1000m,500_1000m,"2017,2018,2019,2020,2021,2022,2023,2024,2025",undirected_osm_highway_utm31n,500_1000m,other,False,False,19737.0,7,22039.434782608696,23,2302.434782608696,0.11033829211170065
4011,CASANOVA - PARÍS  (sentit muntanya),2.15007571947828,41.3919934955964,850.8,938.2,34.6,500_1000m,500_1000m,"2017,2018,2019,2020,2021,2022,2023,2024,2025",undirected_osm_highway_utm31n,500_1000m,other,False,False,16509.285714285714,7,14872.666666666666,24,-1636.6190476190477,-0.10439791679099031
4012,LONDRES - CASANOVA,2.1490220490932,41.3921410662462,895.2,1075.5,24.7,1_2km,500_1000m,"2017,2018,2019,2020,2021,2022,2023,2024,2025",undirected_osm_highway_utm31n,1_2km,other,False,False,4394.6,5,4377.958333333333,24,-16.641666666667334,-0.003794032709034667
3032,COMTE BORRELL- MARQUÈS DE CAMPO SAGRADO  (sentit mar),2.16475845609665,41.3757177171978,898.0,1131.1,3.0,1_2km,500_1000m,"2017,2018,2019,2020,2021,2022,2023,2024,2025",undirected_osm_highway_utm31n,1_2km,other,False,False,2914.8571428571427,7,3043.0,20,128.14285714285734,0.04302305990946653
6008,SANT ANTONI MARIA CLARET - SICÍLIA  (sentit Llobregat),2.16718733665132,41.4058213534936,901.8,1282.2,17.1,1_2km,500_1000m,"2017,2018,2019,2020,2021,2022,2023,2024,2025",undirected_osm_highway_utm31n,1_2km,other,False,False,21402.333333333332,6,21970.133333333335,15,567.8000000000029,0.026184004907998215
4001,URGELL - BUENOS AIRES  (sentit mar),2.14641817842831,41.3912813283886,918.1,1243.2,4.7,1_2km,500_1000m,"2017,2018,2019,2020,2021,2022,2023,2024,2025",undirected_osm_highway_utm31n,1_2km,other,False,False,9491.0,5,6040.826086956522,23,-3450.173913043478,-0.4518032091900448
3007,GRAN VIA - FARELL (Sortida),2.14429511912127,41.3714598785271,922.6,1168.6,18.5,1_2km,500_1000m,"2017,2018,2019,2020,2021,2022,2023,2024,2025",undirected_osm_highway_utm31n,1_2km,tac2020_other,True,True,45696.28571428572,7,42433.17391304348,23,-3263.1118012422376,-0.07408655926929164
4005,AV. DIAGONAL - RAMBLA CATALUNYA (Pujada),2.15651996801086,41.3958138514847,923.5,1005.5,27.1,1_2km,500_1000m,"2017,2019,2020,2021,2022,2023,2024,2025",undirected_osm_highway_utm31n,1_2km,other,False,False,11380.285714285714,7,12500.625,24,1120.3392857142862,0.0938961079717906
4089,BÀLMES - PARÍS (baixada),2.1554440540201,41.3947839585255,939.6,946.6,2.4,500_1000m,500_1000m,"2017,2019,2020,2021,2022,2023,2024,2025",undirected_osm_highway_utm31n,500_1000m,other,False,False,27766.166666666668,6,25285.875,24,-2480.291666666668,-0.09357231370915464
4088,PARÍS - ARIBAU  (sentit Besòs),2.1532501090812,41.3936224740716,945.9,1043.5,17.0,1_2km,500_1000m,"2017,2018,2019,2020,2021,2022,2023,2024,2025",undirected_osm_highway_utm31n,1_2km,other,False,False,12399.42857142857,7,10907.958333333334,24,-1491.4702380952367,-0.12815774345021147
4087,MUNTANER - LONDRES  (sentit mar),2.15089365575303,41.3930509929197,949.1,1070.2,7.6,1_2km,500_1000m,"2017,2018,2019,2020,2021,2022,2023,2025",undirected_osm_highway_utm31n,1_2km,other,False,False,12639.142857142857,7,9160.625,8,-3478.517857142857,-0.3218841666850487
5027,PG. PUJADES - WELLINGTON (Llobregat),2.18501329421997,41.3901733502094,993.4,1208.7,8.9,1_2km,500_1000m,"2017,2019,2020,2021,2022,2023,2024,2025",undirected_osm_highway_utm31n,1_2km,other,False,False,2132.0,7,2209.478260869565,23,77.47826086956502,0.03569590030004921
3027,AV. PARAL·LEL - COMTE BORRELL (Muntanya),2.16545762827654,41.375002586274,995.7,1122.9,2.5,1_2km,500_1000m,"2017,2019,2020,2021,2022,2023,2024,2025",undirected_osm_highway_utm31n,1_2km,other,False,False,11445.0,7,10380.944444444445,18,-1064.0555555555547,-0.09758109286515015
5026,PG. PUJADES - ROGER DE FLOR (Besós),2.18510436978086,41.3901035183585,1003.1,1214.7,12.9,1_2km,1_2km,"2017,2018,2019,2020,2021,2022,2023,2024,2025",undirected_osm_highway_utm31n,1_2km,other,False,False,4824.0,7,3661.55,20,-1162.4499999999998,-0.2757169043935068
2004,NUMÀNCIA - MARQUES DE SENTMENAT V (sentit mar),2.13747872461352,41.3847091760812,1012.5,1268.3,5.0,1_2km,1_2km,"2017,2018,2019,2020,2021,2022,2023,2024,2025",undirected_osm_highway_utm31n,1_2km,other,False,False,23720.0,7,24701.095238095237,21,981.0952380952367,0.040529010144634725
4018,AV. MERIDIANA - LEPANT (Baixada),2.18674524208719,41.396298174752,1013.1,1442.5,17.0,1_2km,1_2km,"2017,2018,2019,2020,2021,2022,2023,2024,2025",undirected_osm_highway_utm31n,1_2km,other,False,False,4901.428571428572,7,5761.041666666667,24,859.6130952380954,0.1615915954496927
4056,CONSELL DE CENT - CASTILLEJOS,2.1830778515996,41.4040640465821,1026.9,1071.2,10.9,1_2km,1_2km,"2017,2018,2019,2020,2021,2022,2025",undirected_osm_highway_utm31n,1_2km,phase1_axis,False,False,7866.285714285715,7,8570.125,8,703.8392857142853,0.08569632222686074
1015,AV. SARRIÀ - AV. JOSEP TARRADELLAS,2.14307827376168,41.3905703600706,1041.6,1160.9,21.0,1_2km,1_2km,"2017,2018,2019,2020,2021,2022,2023,2024,2025",undirected_osm_highway_utm31n,1_2km,other,False,False,36414.57142857143,7,25947.5,24,-10467.071428571428,-0.33889374265286953
4014,AV. DIAGONAL - MUNTANER (Baixada),2.15026113948453,41.3941742332562,1081.8,1312.5,16.4,1_2km,1_2km,"2017,2019,2020,2021,2022,2023,2024,2025",undirected_osm_highway_utm31n,1_2km,other,False,False,10620.857142857143,7,10562.375,24,-58.48214285714312,-0.005521564513358612
8039,VIA AUGUSTA - LA GRANADA DEL PENEDÉS (Baixada),2.15410931845948,41.3975124778552,1104.2,1290.3,11.2,1_2km,1_2km,"2017,2018,2019,2020,2021,2022,2023,2024,2025",undirected_osm_highway_utm31n,1_2km,other,False,False,6499.142857142857,7,5995.285714285715,21,-503.8571428571422,-0.08069685396726634
8038,VIA AUGUSTA - LUÍS ANTÚNEZ (Pujada),2.15401381751333,41.3978098948573,1112.1,1293.6,6.8,1_2km,1_2km,"2017,2018,2019,2020,2021,2022,2023,2024,2025",undirected_osm_highway_utm31n,1_2km,other,False,False,5755.857142857143,7,4210.958333333333,24,-1544.89880952381,-0.31252771548387237
2018,PG. SANT ANTONI - ALCOLEA (Besòs),2.136317347654,41.3762008780484,1139.4,1331.5,16.0,1_2km,1_2km,"2017,2018,2019,2020,2021,2022,2023,2024,2025",undirected_osm_highway_utm31n,1_2km,other,False,False,3570.2,5,4302.583333333333,24,732.3833333333332,0.18659400086882982
4093,ARIBAU - DIAGONAL  (sentit muntanya),2.15072212519473,41.394889827339,1152.6,1412.9,9.7,1_2km,1_2km,"2017,2018,2019,2020,2021,2022,2023,2024,2025",undirected_osm_highway_utm31n,1_2km,other,False,False,14914.285714285714,7,14936.083333333334,24,21.797619047620174,0.001460459191459762
3034,AV. PARAL·LEL - RONDA SANT PAU (Baixada),2.16831302975081,41.3748330708772,1185.4,1343.2,25.9,1_2km,1_2km,"2017,2018,2019,2020,2021,2022,2023,2024,2025",undirected_osm_highway_utm31n,1_2km,other,False,False,13929.285714285714,7,17899.25,12,3969.9642857142862,0.2507653028426713
4036,BALMES - LA GRANADA (baixada),2.15303677508137,41.396634928461,1199.1,1245.6,9.6,1_2km,1_2km,"2017,2018,2019,2020,2021,2022,2023,2024,2025",undirected_osm_highway_utm31n,1_2km,other,False,False,28424.14285714286,7,26208.333333333332,24,-2215.8095238095266,-0.0811614582874185
3011,GRAN VIA - TRAJÀ (Entrada),2.14166976251838,41.3692427641998,1245.6,1499.0,1.7,1_2km,1_2km,"2017,2020,2021,2022,2023,2024,2025",undirected_osm_highway_utm31n,1_2km,tac2020_other,True,True,39323.0,7,37067.782608695656,23,-2255.2173913043443,-0.05906139037345248
3036,AV. PARAL·LEL - ABAT SAFONT (Pujada),2.16948927505589,41.3749768556568,1254.6,1471.2,9.0,1_2km,1_2km,"2017,2018,2019,2020,2021,2022,2023,2024,2025",undirected_osm_highway_utm31n,1_2km,other,False,False,22014.428571428572,7,19335.130434782608,23,-2679.2981366459644,-0.12977441146073154
8001,TRAVESSERA DE GRÀCIA - BALMES,2.15226502058198,41.3978316255444,1258.3,1422.9,4.6,1_2km,1_2km,"2017,2019,2020,2021,2022,2023,2024,2025",undirected_osm_highway_utm31n,1_2km,other,False,False,16401.6,5,11688.42857142857,21,-4713.171428571428,-0.3387795496263717
2002,ENTENÇA - DEU I MATA  (sentit muntanya),2.13796914924406,41.3900018374214,1262.4,1391.6,22.8,1_2km,1_2km,"2017,2018,2019,2020,2021,2022,2023,2024,2025",undirected_osm_highway_utm31n,1_2km,other,False,False,21646.428571428572,7,23501.5,18,1855.0714285714275,0.08222377011827753
3008,GRAN VIA - MOIANÈS (Sortida),2.14132174763906,41.3691598112449,1268.9,1533.6,8.5,1_2km,1_2km,"2017,2018,2019,2020,2021,2022,2023,2024,2025",undirected_osm_highway_utm31n,1_2km,tac2020_other,True,True,34576.57142857143,7,34739.34782608696,23,162.77639751553215,0.004696661271591296
1002,AV. DIAGONAL - AV. SARRIÀ (Entrada),2.13996624545115,41.3914833997392,1270.0,1576.4,7.4,1_2km,1_2km,"2017,2018,2019,2020,2021,2022,2023,2024,2025",undirected_osm_highway_utm31n,1_2km,other,False,False,15584.42857142857,7,14341.0,12,-1243.4285714285706,-0.08314967950831864
4085,VALÈNCIA - DOS DE MAIG  (sentit Besòs),2.18255362625234,41.4071224828227,1272.9,1458.7,10.9,1_2km,1_2km,"2017,2018,2019,2020,2021,2022,2023,2024,2025",undirected_osm_highway_utm31n,1_2km,tac2020_other,False,True,13226.857142857143,7,12733.181818181818,22,-493.6753246753251,-0.03803806678857313
1005,AV. DIAGONAL - BEETHOVEN (Sortida),2.13989839005131,41.391564053921,1280.6,1576.4,9.0,1_2km,1_2km,"2017,2019,2020,2021,2022,2023,2024,2025",undirected_osm_highway_utm31n,1_2km,other,False,False,13290.57142857143,7,20064.416666666668,12,6773.8452380952385,0.4118930624306607
6022,CÒRSEGA - CARTAGENA  (sentit Llobregat),2.1760050615462,41.4090226084192,1306.1,1744.9,29.9,1_2km,1_2km,"2017,2018,2019,2020,2021,2022,2023,2024,2025",undirected_osm_highway_utm31n,1_2km,other,False,False,9401.2,5,8284.78947368421,19,-1116.4105263157908,-0.12641610068598474
4057,ARAGÓ - INDEPENDÈNCIA (sentit Llobregat),2.18431180885805,41.4067177814795,1318.7,1417.1,7.0,1_2km,1_2km,"2017,2019,2020,2021,2022,2023,2024,2025",undirected_osm_highway_utm31n,1_2km,tac2020_other,False,True,37049.166666666664,6,34584.857142857145,14,-2464.3095238095193,-0.06882992792725595
6023,ROSSELLÓ - CASTILLEJOS (sentit Besòs),2.17812948884698,41.4089008487539,1319.5,1769.4,20.0,1_2km,1_2km,"2017,2018,2019,2020,2021,2022,2023,2024,2025",undirected_osm_highway_utm31n,1_2km,other,False,False,20444.571428571428,7,16546.916666666668,24,-3897.6547619047597,-0.21151761109620182
8027,GRAN DE GRÀCIA - RAMBLA DEL PRAT (sentit muntanya),2.15271723555697,41.4023133243744,1324.5,1568.5,13.3,1_2km,1_2km,"2017,2018,2019,2020,2021,2022,2023,2024,2025",undirected_osm_highway_utm31n,1_2km,other,False,False,10756.42857142857,7,10244.708333333334,24,-511.7202380952367,-0.04874227036981438
8018,MUNTANER - AVENIR (sentit mar),2.14729341908372,41.3957928679685,1325.4,1533.7,28.0,1_2km,1_2km,"2017,2018,2019,2020,2021,2022,2023,2024,2025",undirected_osm_highway_utm31n,1_2km,other,False,False,13818.857142857143,7,12617.0,20,-1201.8571428571431,-0.09098900808854538
5016,AV. MARQUÉS DE L'ARGENTERA - COMERÇ (Besós),2.18515306818641,41.3846574778002,1327.2,1630.3,14.5,1_2km,1_2km,"2017,2018,2019,2020,2021,2022,2023,2025",undirected_osm_highway_utm31n,1_2km,other,False,False,12212.42857142857,7,17546.85714285714,7,5334.428571428571,0.36242068515253223
5015,AV. MARQUÉS DE L'ARGENTERA - COMERÇ (Llobregat),2.18466469757436,41.3841889492404,1335.3,1638.9,2.2,1_2km,1_2km,"2017,2018,2019,2020,2022,2023,2025",undirected_osm_highway_utm31n,1_2km,other,False,False,2481.1428571428573,7,3485.8571428571427,7,1004.7142857142853,0.33999468248991693
2011,TRAVESSERA DE LES CORTS - VILAMUR (Llobregat),2.13371166810962,41.3860268567946,1355.7,1625.6,11.9,1_2km,1_2km,"2017,2018,2019,2020,2021,2022,2023,2024,2025",undirected_osm_highway_utm31n,1_2km,other,False,False,14382.166666666666,6,15870.52380952381,21,1488.3571428571431,0.09847452709188609
5002,VIA LAIETANA - MANRESA (Baixada),2.18130466272832,41.3819915864222,1368.2,1616.6,1.4,1_2km,1_2km,"2017,2019,2020,2021,2022,2023,2024",undirected_osm_highway_utm31n,1_2km,other,False,False,16827.85714285714,7,10930.375,8,-5897.482142857141,-0.43149006559911385
7007,AV. MERIDIANA - CONSELL DE CENT (Entrada),2.1866805713494,41.4063190756375,1416.2,1575.0,22.1,1_2km,1_2km,"2017,2018,2019,2020,2021,2022,2023,2024,2025",undirected_osm_highway_utm31n,1_2km,other,False,False,1604.142857142857,7,1585.3333333333333,24,-18.809523809523853,-0.011794878374662865
6011,LEPANT - LLORENS I BARBA  (sentit mar),2.16879034684606,41.4104641697786,1422.0,2009.1,20.6,gt_2km_control,1_2km,"2017,2018,2019,2020,2021,2022,2023,2024,2025",undirected_osm_highway_utm31n,control_gt2km,other,False,False,27462.285714285714,7,26776.066666666666,15,-686.2190476190481,-0.02530518113446867
9004,LLULL- MARINA (sentit Besòs),2.19072664073008,41.3926226236707,1422.6,1848.7,15.1,1_2km,1_2km,"2017,2018,2019,2020,2021,2022,2023,2024,2025",undirected_osm_highway_utm31n,1_2km,other,False,False,3651.285714285714,7,3456.913043478261,23,-194.37267080745323,-0.054703349187182226
7017,AV. MERIDIANA - CLOT (Sortida),2.18706002103312,41.406326935864,1439.4,1605.8,8.7,1_2km,1_2km,"2017,2018,2019,2020,2021,2022,2023,2024,2025",undirected_osm_highway_utm31n,1_2km,other,False,False,5272.285714285715,7,3323.875,24,-1948.4107142857147,-0.46133271940769305
2027,C. DE SANTS - SANT MEDIR (Sentit Pl. Espanya),2.13281531900884,41.375427012794,1444.5,1682.7,8.2,1_2km,1_2km,"2017,2018,2019,2020,2021,2022,2023,2024,2025",undirected_osm_highway_utm31n,1_2km,other,False,False,6043.714285714285,7,5219.958333333333,24,-823.7559523809523,-0.14652935116700583
2022,TRAV. DE LES CORTS - GALILEU (Besòs),2.13204774127371,41.3848966969433,1460.1,1761.2,11.6,1_2km,1_2km,"2017,2018,2019,2020,2021,2022,2023,2024,2025",undirected_osm_highway_utm31n,1_2km,other,False,False,3295.285714285714,7,2964.375,24,-330.9107142857142,-0.10582665801313063
2013,NUMÀNCIA - ANGLESOLA  (sentit mar),2.13363873768197,41.3885020912706,1466.5,1721.3,17.4,1_2km,1_2km,"2017,2018,2019,2020,2021,2022,2023,2024,2025",undirected_osm_highway_utm31n,1_2km,other,False,False,29737.0,7,21836.555555555555,18,-7900.444444444445,-0.30880663591937463
6012,PADILLA - ROSALIA DE CASTRO  (sentit muntanya),2.17056617665228,41.410725022038,1469.5,2032.8,2.0,gt_2km_control,1_2km,"2017,2018,2019,2020,2021,2022,2023,2024,2025",undirected_osm_highway_utm31n,control_gt2km,other,False,False,17754.0,7,15599.083333333334,24,-2154.916666666666,-0.1293986908008744
2023,TRAV. DE LES CORTS - GALILEU (Llobregat),2.13156468172109,41.3846559474015,1495.1,1759.2,10.9,1_2km,1_2km,"2017,2018,2019,2020,2021,2022,2023,2024,2025",undirected_osm_highway_utm31n,1_2km,other,False,False,12231.57142857143,7,10760.291666666666,24,-1471.2797619047633,-0.12815777017361718
9005,RAMON TRIAS FARGAS - DR. TRUETA (sentit mar),2.19126302621543,41.3898153718424,1507.7,1945.3,2.1,1_2km,1_2km,"2017,2018,2019,2020,2021,2022,2023,2024,2025",undirected_osm_highway_utm31n,1_2km,other,False,False,7930.571428571428,7,6720.045454545455,22,-1210.5259740259735,-0.16563017355763243
1014,AV. SARRIÀ - DOCTOR FLEMING (pujada),2.1359160000107,41.3916298692755,1511.0,1613.8,18.0,1_2km,1_2km,"2017,2018,2019,2020,2021,2022,2023,2024,2025",undirected_osm_highway_utm31n,1_2km,other,False,False,12248.6,5,11891.125,24,-357.47500000000036,-0.02961932119310262
5010,PG. COLOM - PL. D’IDRISSA DAILO (Llobregat),2.18137804232241,41.3805492721174,1513.9,1821.0,5.1,1_2km,1_2km,"2017,2018,2019,2020,2021,2022,2023,2024,2025",undirected_osm_highway_utm31n,1_2km,other,False,False,20017.85714285714,7,18522.8,15,-1495.057142857142,-0.07762232664174995
8020,AV.DE LA RIERA DE CASSOLES - VALLIRANA (Baixada),2.15035152730765,41.4024623783223,1514.4,1839.6,4.0,1_2km,1_2km,"2017,2018,2019,2020,2021,2022,2023,2024,2025",undirected_osm_highway_utm31n,1_2km,other,False,False,14060.42857142857,7,12887.09090909091,22,-1173.3376623376607,-0.08713826192066065
5007,PL. PAU VILA - DOCTOR AIGUADER (Sentit Pla de Palau),2.18530039455833,41.3823228889574,1525.3,1941.2,7.6,1_2km,1_2km,"2017,2018,2019,2020,2021,2022,2023,2024,2025",undirected_osm_highway_utm31n,1_2km,other,False,False,13436.0,7,13683.833333333334,12,247.83333333333394,0.018277415616580583
2020,AV. MADRID - TENOR MASINI (Besòs),2.13105365778254,41.3803288751531,1533.3,1812.8,8.0,1_2km,1_2km,"2017,2018,2019,2020,2021,2022,2023,2024,2025",undirected_osm_highway_utm31n,1_2km,other,False,False,13804.142857142857,7,14815.78947368421,19,1011.6466165413531,0.07072471426392468
2021,AV. MADRID - LLUÇÀ (Llobregat),2.13101466622061,41.380386227348,1535.7,1812.8,5.0,1_2km,1_2km,"2017,2018,2019,2020,2021,2022,2023,2024,2025",undirected_osm_highway_utm31n,1_2km,other,False,False,3935.5714285714284,7,4871.1578947368425,19,935.5864661654141,0.21327558131596547
8032,RIERA DE CASSOLES - LES CAROLINES (Pujada),2.15005680018936,41.4029648690438,1557.6,1902.4,3.0,1_2km,1_2km,"2017,2018,2019,2020,2021,2022,2023,2024,2025",undirected_osm_highway_utm31n,1_2km,other,False,False,2948.285714285714,7,5963.590909090909,22,3015.305194805195,0.7044489135331968
5004,PAS SOTA MURALLA - LLAUDER (Llobregat),2.18397743124051,41.3810969944889,1568.2,1893.2,3.0,1_2km,1_2km,"2017,2018,2019,2020,2021,2022,2023,2024,2025",undirected_osm_highway_utm31n,1_2km,other,False,False,7041.142857142857,7,3461.7272727272725,22,-3579.4155844155844,-0.7100028183811773
5003,PAS SOTA MURALLA - LLAUDER (Besòs),2.18403932544855,41.3810405336813,1576.3,1893.2,5.2,1_2km,1_2km,"2017,2018,2019,2020,2021,2022,2023,2024,2025",undirected_osm_highway_utm31n,1_2km,other,False,False,25620.285714285714,7,22731.78947368421,19,-2888.496240601504,-0.11962008624775855
5008,DOCTOR AIGUADER - PIZARRO (Llobregat),2.18738889851896,41.3829434202415,1593.9,2140.5,6.9,gt_2km_control,1_2km,"2017,2018,2019,2020,2021,2022,2023,2024,2025",undirected_osm_highway_utm31n,control_gt2km,other,False,False,17017.285714285714,7,14549.42857142857,21,-2467.857142857143,-0.15667791477616255
5001,PG. COLOM - SIMÓ OLLER (Besòs),2.18103833666584,41.3796065580548,1597.8,1965.7,21.5,1_2km,1_2km,"2017,2018,2019,2020,2021,2022,2023,2024,2025",undirected_osm_highway_utm31n,1_2km,other,False,False,16372.857142857143,7,15549.260869565218,23,-823.5962732919252,-0.051611806461600906
6017,RONDA DEL MIG - PL. ALFONS X EL SAVI (Llobregat),2.16353512531538,41.4120931847174,1629.5,2049.5,1.7,gt_2km_control,1_2km,"2017,2018,2019,2020,2021,2022,2023,2024,2025",undirected_osm_highway_utm31n,control_gt2km,other,False,False,11165.0,7,10290.826086956522,23,-874.173913043478,-0.08153105810904648
9001,MARINA - DOCTOR TRUETA (Baixada),2.19298716682227,41.3901072108817,1641.7,2141.5,13.3,gt_2km_control,1_2km,"2017,2020,2021,2022,2023,2024,2025",undirected_osm_highway_utm31n,control_gt2km,other,False,False,8171.571428571428,7,9046.222222222223,18,874.6507936507942,0.10168600485830659
6024,CAMÈLIES - CA L'ALEGRE DE DALT,2.15951705918456,41.4112805581794,1643.8,1997.5,2.9,1_2km,1_2km,"2017,2019,2020,2021,2022,2023,2024,2025",undirected_osm_highway_utm31n,1_2km,other,False,False,4414.428571428572,7,4185.875,24,-228.55357142857156,-0.05316263464923843
8019,ARIBAU - MADRAZO (sentit muntanya),2.14637791655911,41.3986366019623,1648.1,1900.4,32.2,1_2km,1_2km,"2017,2018,2019,2020,2021,2022,2023,2024,2025",undirected_osm_highway_utm31n,1_2km,other,False,False,10060.57142857143,7,11724.833333333334,24,1664.2619047619046,0.1530851344869415
8022,TRAVESSERA DE DALT - MASSENS (Besòs),2.15558296051155,41.4097909899958,1664.1,1812.0,8.8,1_2km,1_2km,"2017,2018,2020,2021,2022,2023,2024,2025",undirected_osm_highway_utm31n,1_2km,other,False,False,31048.85714285714,7,31281.958333333332,24,233.10119047619082,0.007479519573001525
3017,GRAN VIA - QUÍMICA (Sortida),2.1377325012082,41.3664811613027,1683.8,1951.3,9.6,1_2km,1_2km,"2017,2018,2019,2020,2021,2022,2023,2024,2025",undirected_osm_highway_utm31n,1_2km,tac2020_other,True,True,15225.857142857143,7,35939.57142857143,14,20713.714285714283,0.8588438462553274
7038,MERIDIANA - VALÈNCIA (ENTRADA),2.18674458687986,41.4096142757266,1697.9,1772.1,30.1,1_2km,1_2km,"2019,2020,2021,2022,2023,2024,2025",undirected_osm_highway_utm31n,1_2km,other,False,False,27676.571428571428,7,15629.833333333334,18,-12046.738095238094,-0.5714047773807795
6006,SANT ANTONI MARIA CLARET - INDEPENDÈNCIA  (sentit Llobregat),2.17627370057039,41.4126333101318,1707.4,2347.5,14.9,gt_2km_control,1_2km,"2017,2019,2020,2021,2022,2023,2024,2025",undirected_osm_highway_utm31n,control_gt2km,other,False,False,28607.285714285714,7,26402.625,24,-2204.6607142857138,-0.08019799361105129
8021,TRAVESSERA DE DALT - GRANJA (Llobregat),2.15348018100593,41.4090348542492,1711.0,1779.3,5.2,1_2km,1_2km,"2017,2018,2019,2020,2021,2022,2023,2024,2025",undirected_osm_highway_utm31n,1_2km,other,False,False,28708.285714285714,7,27783.708333333332,24,-924.5773809523816,-0.03273596420755176
9010,RAMON TURRÓ - PAMPLONA (sentit Llobregat),2.19458565832871,41.3936008285249,1712.5,2337.5,28.7,gt_2km_control,1_2km,"2017,2018,2019,2020,2021,2022,2023,2024,2025",undirected_osm_highway_utm31n,control_gt2km,other,False,False,2022.7142857142858,7,1783.5416666666667,24,-239.17261904761904,-0.12583922740101716
6010,TÚNEL DE LA ROVIRA - BOCA SUD (Sentit Guinardó),2.16673197958124,41.413320003565,1735.0,2253.1,2.9,gt_2km_control,1_2km,"2017,2018,2019,2020,2021,2022,2023,2024,2025",undirected_osm_highway_utm31n,control_gt2km,other,False,False,19867.285714285714,7,20119.53846153846,13,252.2527472527472,0.01261696064829465
10019,BADAJOZ - PUJADES (sentit muntanya),2.19543251945246,41.3987156768697,1740.3,2381.6,7.0,gt_2km_control,1_2km,"2017,2018,2019,2020,2021,2022,2023,2024,2025",undirected_osm_highway_utm31n,control_gt2km,other,False,False,4834.142857142857,7,5762.782608695652,23,928.6397515527951,0.17571661542531736
1032,GRAN VÍA CARLES III - TRAV. DE LES CORTS (Pujada),2.12817127446172,41.3829592063285,1758.8,2400.7,18.5,gt_2km_control,1_2km,"2017,2018,2019,2020,2021,2022,2023,2024,2025",undirected_osm_highway_utm31n,control_gt2km,tac2020_other,True,True,16848.714285714286,7,16364.458333333334,24,-484.2559523809523,-0.02916254205690727
9002,AV. D'ICÀRIA - TRIAS FARGAS (Besòs),2.19387261397669,41.3884077997946,1759.0,2248.4,3.8,gt_2km_control,1_2km,"2017,2018,2019,2020,2021,2022,2023,2024,2025",undirected_osm_highway_utm31n,control_gt2km,other,False,False,1330.8333333333333,6,1385.0434782608695,23,54.21014492753625,0.03992621895377013
5006,PG. JOAN DE BORBÓ - MAQUINISTA (Sentit Pla de Palau),2.18709640644174,41.3806760096672,1761.9,2201.0,6.2,gt_2km_control,1_2km,"2017,2018,2019,2020,2021,2022,2023,2025",undirected_osm_highway_utm31n,control_gt2km,other,False,False,7628.2,5,8900.2,10,1272.000000000001,0.1542218418088126
1033,GRAN VÍA CARLES III - TRAV. DE LES CORTS (Baixada),2.12810394464394,41.3818510282584,1764.3,2172.3,2.5,gt_2km_control,1_2km,"2017,2018,2019,2020,2021,2022,2023,2024,2025",undirected_osm_highway_utm31n,control_gt2km,tac2020_other,True,True,19123.714285714286,7,18613.571428571428,21,-510.1428571428587,-0.027038189208209218
8016,VIA AUGUSTA - AMIGÓ (Baixada),2.1415638908826,41.398140808461,1776.1,2042.3,5.6,gt_2km_control,1_2km,"2017,2018,2019,2020,2021,2022,2023,2024,2025",undirected_osm_highway_utm31n,control_gt2km,other,False,False,16972.714285714286,7,12967.391304347826,23,-4005.32298136646,-0.26916916753065223
7037,MERIDIANA - VALÈNCIA (SORTIDA),2.186999,41.410514,1791.4,1905.1,4.1,1_2km,1_2km,"2019,2020,2021,2022,2023,2024,2025",undirected_osm_highway_utm31n,1_2km,other,False,False,19001.571428571428,7,10377.521739130434,23,-8624.049689440993,-0.6048795867373844
6030,SARDENYA - PL. SANLLEHY  (sentit mar),2.16156078355721,41.4132433960373,1792.2,2165.5,10.2,gt_2km_control,1_2km,"2017,2018,2019,2020,2021,2022,2023,2024,2025",undirected_osm_highway_utm31n,control_gt2km,other,False,False,6489.714285714285,7,7440.04347826087,23,950.3291925465846,0.1366581867061054
8031,CAN RÀBIA - RDA. GENERAL MITRE (Baixada),2.13395498754504,41.3938179666502,1797.5,1996.1,19.9,1_2km,1_2km,"2017,2018,2019,2020,2021,2022,2023,2024,2025",undirected_osm_highway_utm31n,1_2km,other,False,False,5871.428571428572,7,6010.708333333333,24,139.27976190476147,0.02344462827908167
5028,PG. JOSEP CARNER - VILÀ I VILÀ (Besòs),2.17553231553291,41.3729552170708,1800.1,2099.6,15.1,gt_2km_control,1_2km,"2017,2018,2019,2020,2021,2022,2023,2025",undirected_osm_highway_utm31n,control_gt2km,other,False,False,17661.14285714286,7,19011.0,10,1349.8571428571413,0.073650851480064
6029,CAMÈLIES - ABD EL-KADER  (sentit Besòs),2.16429547778027,41.4139083426613,1817.5,2242.6,5.3,gt_2km_control,1_2km,"2017,2018,2019,2020,2021,2022,2023,2024,2025",undirected_osm_highway_utm31n,control_gt2km,other,False,False,1771.142857142857,7,2296.782608695652,23,525.6397515527949,0.25988425760004574
8036,VIA AUGUSTA - ARIBAU (Sentit Pl. Molina),2.14547737379229,41.4002711868881,1844.4,2104.2,21.4,gt_2km_control,1_2km,"2017,2018,2019,2020,2021,2022,2023,2024,2025",undirected_osm_highway_utm31n,control_gt2km,other,False,False,18260.428571428572,7,11812.052631578947,19,-6448.375939849626,-0.4356159257530372
9006,MARINA - SALVADOR ESPRIU (Pujada),2.19509317609503,41.3887124684234,1848.1,2350.0,29.6,gt_2km_control,1_2km,"2017,2018,2019,2020,2021,2022,2023,2024,2025",undirected_osm_highway_utm31n,control_gt2km,other,False,False,15370.42857142857,7,15246.23076923077,13,-124.19780219780114,-0.008113130963771198
1011,AV. DIAGONAL - GANDESA (Entrada),2.12863069882455,41.3885945980044,1851.8,2196.2,12.5,gt_2km_control,1_2km,"2017,2018,2019,2020,2021,2022,2023,2024,2025",undirected_osm_highway_utm31n,control_gt2km,other,False,False,29213.85714285714,7,27823.5,16,-1390.3571428571413,-0.04876216904058239
8037,VIA AUGUSTA - BRUSI (Sentit Rda. General Mitre),2.14542034210574,41.4003389433751,1853.1,2104.2,20.5,gt_2km_control,1_2km,"2017,2018,2019,2020,2021,2022,2023,2024,2025",undirected_osm_highway_utm31n,control_gt2km,other,False,False,11699.57142857143,7,9688.05,20,-2011.52142857143,-0.18865904383476462
4030,AV. DIAGONAL - LLACUNA (Baixada),2.19457865442584,41.4050943577355,1873.6,2169.9,28.1,gt_2km_control,1_2km,"2017,2018,2019,2020,2021,2022,2023,2024,2025",undirected_osm_highway_utm31n,control_gt2km,other,False,False,3159.8333333333335,6,2389.9565217391305,23,-769.876811594203,-0.27924410955484813
6031,AV. MARE DE DÉU DE MONTSERRAT - FRANÇA  (sentit Llobregat),2.16381938849337,41.4145445416464,1893.3,2333.4,9.6,gt_2km_control,1_2km,"2017,2018,2019,2020,2021,2022,2023,2024,2025",undirected_osm_highway_utm31n,control_gt2km,other,False,False,10177.42857142857,7,11382.791666666666,24,1205.3630952380954,0.11193032894137467
7033,VALÈNCIA - TER  (sentit Besòs),2.18792226740502,41.4111647516047,1895.0,2025.9,12.0,gt_2km_control,1_2km,"2017,2018,2019,2020,2021,2022,2023,2024,2025",undirected_osm_highway_utm31n,control_gt2km,tac2020_other,False,True,8978.142857142857,7,8466.434782608696,23,-511.7080745341609,-0.05868355504434142
8006,RDA. GENERAL MITRE - DR. FLEMING (Sentit Via Augusta),2.13390359783985,41.3950958433231,1903.2,2082.6,0.9,gt_2km_control,1_2km,"2017,2018,2020,2021,2022,2023,2024,2025",undirected_osm_highway_utm31n,control_gt2km,other,False,False,14804.0,7,12912.416666666666,12,-1891.583333333334,-0.13670803379371854
8004,BALMES - COPÈRNIC (Baixada),2.14535372288956,41.4023599304821,1908.1,2138.3,12.4,gt_2km_control,1_2km,"2017,2018,2019,2020,2021,2022,2023,2024",undirected_osm_highway_utm31n,control_gt2km,other,False,False,14623.285714285714,7,12518.833333333334,6,-2104.45238095238,-0.15538099303887698
8002,GANDUXER - VALERO  (sentit muntanya),2.13622497403366,41.3967031150866,1923.2,2218.8,28.4,gt_2km_control,1_2km,"2017,2019,2020,2021,2022,2023,2024,2025",undirected_osm_highway_utm31n,control_gt2km,other,False,False,20101.0,7,16148.318181818182,22,-3952.681818181818,-0.2189536581739837
2012,AV. MADRID - PORTBOU  (sentit Besòs),2.12645591588704,41.3778875629361,1929.9,2312.2,22.9,gt_2km_control,1_2km,"2017,2018,2019,2020,2021,2022,2023,2024,2025",undirected_osm_highway_utm31n,control_gt2km,other,False,False,11725.42857142857,7,11731.15,20,5.721428571428987,0.00048783147699538176
6014,RONDA GUINARDÓ - CARTAGENA (Besòs),2.17243227868356,41.414869691888,1950.9,2652.4,28.7,gt_2km_control,1_2km,"2017,2019,2020,2021,2022,2023,2024,2025",undirected_osm_highway_utm31n,control_gt2km,other,False,False,17288.5,6,15582.217391304348,23,-1706.282608695652,-0.10391118733264193
2025,C. DE SANTS - SUGRANYES (Sentit Pl. Espanya),2.12637855996629,41.3755780639749,1966.3,2217.2,3.8,gt_2km_control,1_2km,"2017,2018,2019,2020,2021,2022,2023,2024,2025",undirected_osm_highway_utm31n,control_gt2km,other,False,False,3514.4285714285716,7,2897.75,24,-616.6785714285716,-0.19294236967658485
8015,VIA AUGUSTA - MODOLELL (Pujada),2.13705166293246,41.3978177127565,1977.5,2288.0,11.0,gt_2km_control,1_2km,"2017,2018,2019,2020,2021,2022,2023,2024,2025",undirected_osm_highway_utm31n,control_gt2km,other,False,False,23002.14285714286,7,16714.375,24,-6287.767857142859,-0.31931825168265426
8034,AV. REPÚBLICA ARGENTINA - BALLESTER,2.14767175700735,41.4079918510431,2002.0,2324.7,17.1,gt_2km_control,gt_2km_control,"2017,2018,2019,2020,2021,2022,2023,2024,2025",undirected_osm_highway_utm31n,control_gt2km,other,False,False,25015.714285714286,7,18055.333333333332,21,-6960.380952380954,-0.3260630821629711
6015,RONDA GUINARDÓ - SANT QUINTÍ (Llobregat),2.17265757568452,41.415369266056,2009.1,2787.9,27.6,gt_2km_control,gt_2km_control,"2017,2018,2019,2020,2021,2022,2023,2024,2025",undirected_osm_highway_utm31n,control_gt2km,other,False,False,2919.714285714286,7,3009.285714285714,21,89.57142857142844,0.030216982240962587
8005,BALMES - COPÈRNIC (Pujada),2.14410203561557,41.4029602727686,2027.3,2274.6,2.6,gt_2km_control,gt_2km_control,"2017,2018,2019,2020,2021,2022,2023,2024,2025",undirected_osm_highway_utm31n,control_gt2km,other,False,False,17482.428571428572,7,15458.823529411764,17,-2023.6050420168085,-0.12301635231492725
9009,SALVADOR ESPRIU - ROSA SENSAT (sentit Llobregat),2.19782134249268,41.3893807249814,2053.9,2721.8,22.9,gt_2km_control,gt_2km_control,"2017,2018,2019,2020,2021,2022,2023,2024,2025",undirected_osm_highway_utm31n,control_gt2km,other,False,False,16624.571428571428,7,17458.75,24,834.1785714285725,0.04895914816074942
8017,MUNTANER - COPÈRNIC (sentit mar),2.14075512429096,41.4007021278479,2054.5,2316.1,27.8,gt_2km_control,gt_2km_control,"2017,2018,2019,2020,2021,2022,2023,2024,2025",undirected_osm_highway_utm31n,control_gt2km,other,False,False,8920.714285714286,7,13050.708333333334,24,4129.994047619048,0.3804663904522947
1008,CAPITÀ ARENAS - MANILA (baixada),2.12637832464327,41.3896380640375,2070.0,2492.2,13.6,gt_2km_control,gt_2km_control,"2017,2018,2019,2020,2021,2022,2023,2024,2025",undirected_osm_highway_utm31n,control_gt2km,other,False,False,8976.5,6,8421.125,24,-555.375,-0.0638666215482857
8011,RDA. GENERAL MITRE - BALLESTER (Llobregat),2.14489266330133,41.4056059073984,2070.8,2483.8,1.6,gt_2km_control,gt_2km_control,"2017,2018,2019,2020,2021,2022,2023,2024,2025",undirected_osm_highway_utm31n,control_gt2km,other,False,False,25067.85714285714,7,24885.041666666668,24,-182.81547619047342,-0.007319546883291395
1009,PG. MANUEL GIRONA - BENET I MATEU (sentit Llobregat),2.12763920293606,41.3919462558656,2090.9,2400.6,36.0,gt_2km_control,gt_2km_control,"2017,2019,2020,2021,2022,2023,2024,2025",undirected_osm_highway_utm31n,control_gt2km,other,False,False,11247.57142857143,7,10589.166666666666,24,-658.4047619047633,-0.06032076640218165
8003,RDA. GENERAL MITRE - SARAGOSSA (Besòs),2.14450736435098,41.4054395416092,2092.4,2517.9,11.5,gt_2km_control,gt_2km_control,"2017,2018,2019,2020,2021,2022,2023,2024,2025",undirected_osm_highway_utm31n,control_gt2km,other,False,False,28905.0,7,29272.666666666668,24,367.6666666666679,0.012639611816080532
10015,BILBAO - CONCILI DE TRENTO (sentit mar),2.19214727380226,41.4112919076192,2130.8,2342.0,2.8,gt_2km_control,gt_2km_control,"2017,2018,2019,2020,2021,2022,2023,2024,2025",undirected_osm_highway_utm31n,control_gt2km,other,False,False,14402.42857142857,7,14338.375,24,-64.05357142857065,-0.004457333791643592
8041,PG. SANT JOAN BOSCO - PL. PRAT DE LA RIBA (Pujada),2.1284071416532,41.3938242376625,2151.7,2350.8,20.4,gt_2km_control,gt_2km_control,"2017,2018,2019,2020,2021,2022,2023,2024,2025",undirected_osm_highway_utm31n,control_gt2km,other,False,False,10092.857142857143,7,10112.041666666666,24,19.184523809522943,0.0018989978376655614
8035,PG. SANT JOAN BOSCO - F. CARBONELL (Baixada),2.1282769854829,41.3938262901109,2160.7,2350.8,12.0,gt_2km_control,gt_2km_control,"2017,2018,2019,2020,2021,2022,2023,2024,2025",undirected_osm_highway_utm31n,control_gt2km,other,False,False,4022.714285714286,7,3946.1666666666665,24,-76.54761904761926,-0.019212226667541188
11033,AV. VALLCARCA - AGRAMUNT (Pujada),2.14728360572434,41.4100782574757,2167.8,2417.7,4.8,gt_2km_control,gt_2km_control,"2017,2018,2019,2020,2021,2022,2023,2024,2025",undirected_osm_highway_utm31n,control_gt2km,other,False,False,13756.714285714286,7,15857.541666666666,24,2100.82738095238,0.1421181854753737
11034,AV. VALLCARCA - AGRAMUNT (Baixada),2.14706311474828,41.410195605979,2190.4,2483.9,2.5,gt_2km_control,gt_2km_control,"2017,2018,2019,2020,2021,2022,2023,2024,2025",undirected_osm_highway_utm31n,control_gt2km,other,False,False,4790.2,5,4743.277777777777,18,-46.922222222222445,-0.009843753184359372
1006,AV. DIAGONAL - PLAÇA PIUS XII (Entrada),2.12380055719989,41.387374634778,2193.8,2648.8,17.0,gt_2km_control,gt_2km_control,"2017,2018,2019,2020,2021,2022,2023,2024",undirected_osm_highway_utm31n,control_gt2km,other,False,False,20957.285714285714,7,21093.571428571428,7,136.28571428571377,0.006481969725530945
10005,ARAGÓ - BILBAO (Besòs),2.19188571810162,41.4122858738082,2198.1,2321.7,13.2,gt_2km_control,gt_2km_control,"2017,2018,2019,2020,2021,2022,2023,2024,2025",undirected_osm_highway_utm31n,control_gt2km,tac2020_other,False,True,6709.857142857143,7,4924.875,24,-1784.9821428571431,-0.3092787669804302
1007,AV. DIAGONAL- DOCTOR FERRAN (Sortida),2.12373816821195,41.3874730063351,2201.7,2648.8,15.7,gt_2km_control,gt_2km_control,"2017,2018,2019,2020,2021,2022,2023,2024,2025",undirected_osm_highway_utm31n,control_gt2km,other,False,False,36924.28571428572,7,38906.769230769234,13,1982.4835164835167,0.052298767700724724
6019,PG. MARAGALL - ESCORNALBOU (Sentit Horta),2.18043457545689,41.4170241932517,2241.7,2732.5,3.4,gt_2km_control,gt_2km_control,"2017,2018,2019,2020,2021,2022,2023,2024,2025",undirected_osm_highway_utm31n,control_gt2km,other,False,False,12341.142857142857,7,5541.238095238095,21,-6799.9047619047615,-0.8007206695342788
6018,PG. MARAGALL - ESCORNALBOU (Sentit Eixample),2.18033774951808,41.4170757293736,2245.6,2740.6,5.2,gt_2km_control,gt_2km_control,"2017,2018,2019,2020,2021,2022,2023,2024,2025",undirected_osm_highway_utm31n,control_gt2km,other,False,False,11014.142857142857,7,9089.5,24,-1924.6428571428569,-0.19206026008526678
9003,AV. LITORAL - ARQUITECTE SERT (sentit mar),2.20050274423041,41.3904874381431,2256.1,2993.7,1.4,gt_2km_control,gt_2km_control,"2017,2018,2019,2020,2021,2022,2023,2024,2025",undirected_osm_highway_utm31n,control_gt2km,other,False,False,12077.714285714286,7,11292.857142857143,21,-784.8571428571431,-0.06719154524437876
7004,MALLORCA - BISCAIA,2.18982242141438,41.4142885384999,2270.5,2425.2,1.0,gt_2km_control,gt_2km_control,"2017,2018,2019,2020,2021,2022,2023,2024,2025",undirected_osm_highway_utm31n,control_gt2km,other,False,False,11156.285714285714,7,7864.041666666667,24,-3292.244047619047,-0.3497023990182324
8008,RDA. GENERAL MITRE - GANDUXER (Besòs),2.13459295713598,41.3997149392181,2271.6,2597.6,13.4,gt_2km_control,gt_2km_control,"2017,2018,2019,2020,2021,2022,2023,2024,2025",undirected_osm_highway_utm31n,control_gt2km,other,False,False,23090.428571428572,7,22654.083333333332,24,-436.34523809524035,-0.019078068806882342
1031,JOAN XXIII - MENÉNDEZ PELAYO (Besòs),2.12199741972438,41.3821472222222,2274.1,3179.8,18.8,gt_2km_control,gt_2km_control,"2017,2018,2019,2020,2021,2022,2023,2024,2025",undirected_osm_highway_utm31n,control_gt2km,other,False,False,2374.285714285714,7,2226.5,24,-147.78571428571422,-0.06426579459236859
8009,RDA. GENERAL MITRE - TORRAS I PUJALT (Llobregat),2.13459554529033,41.3998658842146,2283.8,2597.6,5.1,gt_2km_control,gt_2km_control,"2017,2018,2019,2020,2021,2022,2023,2024,2025",undirected_osm_highway_utm31n,control_gt2km,other,False,False,20320.571428571428,7,18025.833333333332,24,-2294.7380952380954,-0.11982782961228367
2017,SANTS - RIERA BLANCA (sentit Hospitalet),2.12239111942769,41.3756480686338,2293.9,2541.5,6.5,gt_2km_control,gt_2km_control,"2017,2018,2019,2020,2021,2022,2023,2024,2025",undirected_osm_highway_utm31n,control_gt2km,other,False,False,13398.166666666666,6,14911.666666666666,15,1513.5,0.10702602265513406
1027,DOCTOR FERRAN - PG. MANUEL GIRONA (baixada),2.1237037935422,41.3906592623485,2320.2,2772.8,9.4,gt_2km_control,gt_2km_control,"2017,2018,2019,2020,2021,2022,2023,2024,2025",undirected_osm_highway_utm31n,control_gt2km,other,False,False,10424.142857142857,7,10595.684210526315,19,171.54135338345804,0.016322223893341814
7021,NAVAS DE TOLOSA - JOSEP ESTIVILL  (sentit mar),2.18489734749009,41.4167849231015,2325.2,2650.8,13.5,gt_2km_control,gt_2km_control,"2017,2018,2019,2020,2021,2022,2023,2024,2025",undirected_osm_highway_utm31n,control_gt2km,other,False,False,10556.857142857143,7,9322.166666666666,24,-1234.690476190477,-0.12438053828954132
17005,AV. DIAGONAL - PERE IV (Pujada),2.20015975809711,41.4067401081025,2372.3,2660.1,30.2,gt_2km_control,gt_2km_control,"2017,2018,2019,2020,2021,2022,2023,2024,2025",undirected_osm_highway_utm31n,control_gt2km,other,False,False,5721.285714285715,7,6790.25,24,1068.9642857142853,0.1712942043857435
8028,VIA AUGUSTA - DOCTOR ROUX (Pujada),2.12952392983991,41.3978038708747,2372.9,2564.4,13.7,gt_2km_control,gt_2km_control,"2017,2018,2019,2020,2021,2022,2023,2024,2025",undirected_osm_highway_utm31n,control_gt2km,other,False,False,27831.571428571428,7,15647.454545454546,22,-12184.116883116882,-0.5758627843128927
8012,VIA AUGUSTA - VERGÓS (Baixada),2.12881738500021,41.3977497606527,2409.9,2634.9,5.5,gt_2km_control,gt_2km_control,"2017,2018,2019,2020,2021,2022,2023,2024,2025",undirected_osm_highway_utm31n,control_gt2km,other,False,False,25921.333333333332,6,20581.583333333332,12,-5339.75,-0.2306696475076464
1029,ARISTIDES MAILLOL - CARDENAL REIG (Pujada),2.12026132638103,41.3789667368511,2445.4,2994.2,16.7,gt_2km_control,gt_2km_control,"2017,2018,2019,2020,2021,2022,2023,2024,2025",undirected_osm_highway_utm31n,control_gt2km,other,False,False,7805.428571428572,7,8608.42857142857,14,802.9999999999991,0.09792232743686569
1028,ARISTIDES MAILLOL - CARDENAL REIG (Baixada),2.12016648138265,41.3788618827201,2453.3,2994.2,5.8,gt_2km_control,gt_2km_control,"2017,2018,2019,2020,2021,2022,2025",undirected_osm_highway_utm31n,control_gt2km,other,False,False,10888.142857142857,7,10604.583333333334,12,-283.55952380952294,-0.02638808826615069
8033,VERGÓS - RAFAEL BATLLE (Besòs),2.12645980606712,41.3966273619804,2471.6,2772.5,3.2,gt_2km_control,gt_2km_control,"2017,2018,2019,2020,2021,2022,2023,2025",undirected_osm_highway_utm31n,control_gt2km,other,False,False,13403.714285714286,7,19493.81818181818,11,6090.103896103894,0.37456554494326255
8040,VERGÒS - RAFAEL BATLLE (Llobregat),2.12639231598963,41.3966373783215,2476.7,2772.5,2.8,gt_2km_control,gt_2km_control,"2017,2018,2019,2020,2021,2022,2023,2024,2025",undirected_osm_highway_utm31n,control_gt2km,other,False,False,4007.4285714285716,7,4218.681818181818,22,211.25324675324646,0.05137293227259043
11019,AV. REPÚBLICA ARGENTINA - VIADUCTE VALLCARCA (Baixada),2.14369728978358,41.4114146278194,2494.8,2777.8,15.7,gt_2km_control,gt_2km_control,"2017,2018,2019,2020,2021,2022,2023,2024,2025",undirected_osm_highway_utm31n,control_gt2km,other,False,False,5947.857142857143,7,6214.625,24,266.7678571428569,0.04387437461760513
13019,RONDA GUINARDO - ART(sentit Llobregat),2.17674362129268,41.4198546486386,2509.9,3279.0,16.2,gt_2km_control,gt_2km_control,"2018,2019,2020,2021,2022,2023,2024,2025",undirected_osm_highway_utm31n,control_gt2km,other,False,False,975.0,6,1326.7083333333333,24,351.70833333333326,0.308018745154512
8042,MUNTANER - ARIMON  (sentit mar),2.13670977051136,41.4038870055706,2532.1,2779.0,11.4,gt_2km_control,gt_2km_control,"2017,2018,2019,2020,2021,2022,2023,2024,2025",undirected_osm_highway_utm31n,control_gt2km,other,False,False,13834.857142857143,7,14639.695652173914,23,804.8385093167708,0.05654543212386898
1013,AV. PEDRALBES - PG. MANUEL GIRONA (Baixada),2.1200198822005,41.38923227805,2554.5,3038.9,0.3,gt_2km_control,gt_2km_control,"2017,2018,2019,2020,2021,2022,2023,2024,2025",undirected_osm_highway_utm31n,control_gt2km,other,False,False,6492.0,7,6388.782608695652,23,-103.21739130434798,-0.016026914484305266
11018,AV. REPÚBLICA ARGENTINA - VIADUCTE VALLCARCA (Pujada),2.14291541285985,41.4115300088469,2554.5,2837.0,11.5,gt_2km_control,gt_2km_control,"2017,2018,2019,2020,2021,2022,2023,2024,2025",undirected_osm_highway_utm31n,control_gt2km,other,False,False,16494.14285714286,7,16677.904761904763,21,183.7619047619046,0.011079435714021812
10002,BAC DE RODA - BOLIVIA (Pujada),2.19898280387419,41.4113366439258,2559.0,2843.3,7.1,gt_2km_control,gt_2km_control,"2017,2018,2019,2020,2021,2022,2023,2024,2025",undirected_osm_highway_utm31n,control_gt2km,other,False,False,17059.14285714286,7,21895.272727272728,22,4836.129870129869,0.24958445835885357
7006,SANT ANTONI MARIA CLARET - ESPRONCEDA  (sentit Llobregat),2.18530031005948,41.4193388069758,2602.3,2981.4,16.6,gt_2km_control,gt_2km_control,"2017,2019,2020,2021,2022,2023,2024,2025",undirected_osm_highway_utm31n,control_gt2km,other,False,False,13234.5,6,10402.272727272728,22,-2832.227272727272,-0.24080274260679602
1022,AV. PEDRALBES - PG. MANUEL GIRONA (Pujada),2.11915017830002,41.3899967348895,2649.8,3140.8,4.7,gt_2km_control,gt_2km_control,"2017,2018,2019,2020,2021,2022,2023,2024,2025",undirected_osm_highway_utm31n,control_gt2km,other,False,False,3914.5714285714284,7,4009.2727272727275,22,94.70129870129904,0.02390400572440221
8053,BALMES - CASTANYER (Pujada),2.13826741814546,41.4075764369837,2665.4,2996.9,24.2,gt_2km_control,gt_2km_control,"2017,2018,2019,2020,2021,2022,2023,2025",undirected_osm_highway_utm31n,control_gt2km,other,False,False,15413.57142857143,7,15703.0,8,289.42857142857065,0.01860339397070021
7010,AV. MERIDIANA - SANT ANTONI MARIA CLARET (Entrada),2.18684097776751,41.419855924451,2702.0,2944.8,15.7,gt_2km_control,gt_2km_control,"2017,2018,2020,2021,2022,2024,2025",undirected_osm_highway_utm31n,control_gt2km,other,False,False,21766.571428571428,7,15332.15,20,-6434.421428571428,-0.3504234412646259
8054,EDUARDO CONDE - CARDENAL VIVES I TUTÓ (sentit muntanya),2.1210257358625,41.3946480013943,2719.6,3158.3,16.0,gt_2km_control,gt_2km_control,"2017,2018,2019,2020,2021,2022,2023,2024,2025",undirected_osm_highway_utm31n,control_gt2km,other,False,False,8392.857142857143,7,8098.761904761905,21,-294.0952380952385,-0.03566980523746821
7034,FELIP II - JOSEP ESTIVILL (sentit muntanya),2.18760966783871,41.4198803521817,2729.3,3031.3,34.5,gt_2km_control,gt_2km_control,"2017,2018,2020,2021,2022,2023,2024,2025",undirected_osm_highway_utm31n,control_gt2km,other,False,False,14749.57142857143,7,14122.652173913044,23,-626.9192546583854,-0.043433981232899654
8051,AV. J.V.FOIX - CARDENAL VIVES I TUTOR (Pujada),2.12070820366511,41.3945729221465,2738.5,3175.5,21.8,gt_2km_control,gt_2km_control,"2017,2018,2019,2020,2022,2023,2024,2025",undirected_osm_highway_utm31n,control_gt2km,other,False,False,3457.714285714286,7,3064.6666666666665,21,-393.04761904761926,-0.12066895098883457
1003,AV. DIAGONAL - ADOLF FLORENSA (Entrada),2.11646676063538,41.385345761979,2755.9,3248.7,18.6,gt_2km_control,gt_2km_control,"2017,2019,2020,2021,2022,2023,2025",undirected_osm_highway_utm31n,control_gt2km,other,False,False,18328.14285714286,7,18056.75,8,-271.3928571428587,-0.014918163504436421
1004,AV. DIAGONAL - PASCUAL VILA (Sortida),2.11625845637075,41.3855740484895,2776.3,3300.3,8.7,gt_2km_control,gt_2km_control,"2017,2018,2019,2020,2021,2022,2023,2025",undirected_osm_highway_utm31n,control_gt2km,other,False,False,38320.0,7,39274.71428571428,7,954.7142857142826,0.02460895630128057
7035,FELIP II - AV. MERIDIANA  (sentit muntanya),2.18623522183881,41.4209248776034,2794.5,3095.8,17.4,gt_2km_control,gt_2km_control,"2017,2018,2019,2020,2021,2022,2023,2024,2025",undirected_osm_highway_utm31n,control_gt2km,other,False,False,7433.0,7,8078.347826086957,23,645.347826086957,0.08325782891214573
11024,ESTEVE TERRADES - JOSEP JOVER (Baixada),2.14094732742427,41.4133275465274,2806.6,3110.6,8.4,gt_2km_control,gt_2km_control,"2017,2018,2019,2020,2021,2022,2023,2024,2025",undirected_osm_highway_utm31n,control_gt2km,other,False,False,15043.285714285714,7,14815.384615384615,13,-227.90109890109852,-0.015265617804784526
11022,CRAYWINCKEL - AV. REPÚBLICA ARGENTINA (sentit Llobregat),2.13953949979911,41.4121269843752,2822.1,3134.1,22.4,gt_2km_control,gt_2km_control,"2017,2018,2019,2020,2022,2023,2024,2025",undirected_osm_highway_utm31n,control_gt2km,other,False,False,7333.0,5,7228.708333333333,24,-104.29166666666697,-0.01432434265896454
13011,PG. MARAGALL - ACÀCIES (Sentit Eixample),2.17840405922296,41.4228928720644,2858.2,3472.8,23.5,gt_2km_control,gt_2km_control,"2017,2018,2019,2020,2021,2022,2023,2024,2025",undirected_osm_highway_utm31n,control_gt2km,other,False,False,9499.0,7,12316.952380952382,21,2817.9523809523816,0.2597900259199655
11023,ESTEVE TERRADES - JOSEP JOVER (Pujada),2.14040694254619,41.4139797834488,2887.1,3185.0,4.9,gt_2km_control,gt_2km_control,"2017,2018,2019,2020,2021,2022,2023,2024,2025",undirected_osm_highway_utm31n,control_gt2km,other,False,False,4605.5,6,3891.478260869565,23,-714.021739130435,-0.16846214035575358
11026,AV. VALLCARCA - GUSTAVO BÈCQUER (Baixada),2.14222140513191,41.4156068443148,2891.8,3271.0,10.9,gt_2km_control,gt_2km_control,"2017,2018,2019,2020,2021,2022,2023,2024,2025",undirected_osm_highway_utm31n,control_gt2km,other,False,False,4334.428571428572,7,4256.25,24,-78.17857142857156,-0.01820129319528263
8052,AV. DE PEDRALBES - C. DE BOSCH I GIMPERA (Pujada),2.11668114163942,41.3919235578205,2916.8,3420.9,13.0,gt_2km_control,gt_2km_control,"2017,2018,2019,2020,2021,2022,2023,2024,2025",undirected_osm_highway_utm31n,control_gt2km,other,False,False,8091.142857142857,7,5157.454545454545,22,-2933.688311688312,-0.45032683633825954
11030,AV. TIBIDABO - PG. SANT GERVASI (pujada),2.13678347788775,41.4106242123752,2929.2,3400.1,11.6,gt_2km_control,gt_2km_control,"2017,2018,2019,2020,2021,2022,2023,2024,2025",undirected_osm_highway_utm31n,control_gt2km,other,False,False,3010.4285714285716,7,2584.5,24,-425.92857142857156,-0.15255038550580569
8014,PG. BONANOVA - IRADIER (Besós),2.12716611621782,41.403110516765,2946.2,3147.9,30.2,gt_2km_control,gt_2km_control,"2017,2018,2019,2020,2021,2022,2023,2024,2025",undirected_osm_highway_utm31n,control_gt2km,other,False,False,13514.57142857143,7,13756.652173913044,23,242.0807453416146,0.01775403316008628
8013,PG. BONANOVA - IRADIER (Llobregat),2.12652103599924,41.402779293201,2952.0,3159.1,23.9,gt_2km_control,gt_2km_control,"2017,2018,2019,2020,2021,2022,2023,2024,2025",undirected_osm_highway_utm31n,control_gt2km,other,False,False,5990.571428571428,7,5716.391304347826,23,-274.18012422360243,-0.04684908921968223
8045,PG. SANT GERVASI - PL. BONANOVA (Besòs),2.1340414460214,41.4071207085061,2954.8,3275.2,7.4,gt_2km_control,gt_2km_control,"2017,2018,2019,2020,2021,2022,2023,2024,2025",undirected_osm_highway_utm31n,control_gt2km,other,False,False,9794.285714285714,7,9533.454545454546,22,-260.8311688311678,-0.026991981599174153
11025,AV. VALLCARCA - GUSTAVO BÈCQUER (Pujada),2.14191349787258,41.4162357214964,2958.7,3339.0,6.5,gt_2km_control,gt_2km_control,"2017,2018,2019,2020,2021,2022,2023,2024,2025",undirected_osm_highway_utm31n,control_gt2km,other,False,False,4096.571428571428,7,3760.6521739130435,23,-335.91925465838494,-0.08555799406552111
8046,PG. SANT GERVASI - TEODORA LAMADRID (Llobregat),2.13397532502848,41.4071939922631,2964.6,3275.2,4.0,gt_2km_control,gt_2km_control,"2017,2018,2019,2020,2021,2022,2023,2024,2025",undirected_osm_highway_utm31n,control_gt2km,other,False,False,11479.714285714286,7,11396.416666666666,24,-83.29761904762017,-0.007282524073895402
8023,VIA AUGUSTA - PG. BONANOVA (Sortida),2.12309031397302,41.4005494594285,2970.6,3238.8,5.7,gt_2km_control,gt_2km_control,"2017,2018,2019,2020,2021,2022,2023,2024,2025",undirected_osm_highway_utm31n,control_gt2km,other,False,False,18356.571428571428,7,13784.842105263158,19,-4571.729323308269,-0.2864180360783344
11021,PG. SANT GERVASI - GARCÍA MARIÑO (pujada),2.13790255158388,41.4129384515837,2985.9,3452.9,6.2,gt_2km_control,gt_2km_control,"2017,2018,2019,2020,2021,2022,2023,2025",undirected_osm_highway_utm31n,control_gt2km,other,False,False,14727.857142857143,7,14967.666666666666,12,239.80952380952294,0.016151574806468005
11008,TÚNEL DE LA ROVIRA - BOCA NORD (Sentit Horta),2.15838144072675,41.423738999396,2986.5,3690.8,0.9,gt_2km_control,gt_2km_control,"2017,2018,2019,2020,2021,2022,2023,2024",undirected_osm_highway_utm31n,control_gt2km,other,False,False,17279.428571428572,7,16772.833333333332,6,-506.59523809524035,-0.02975617998727209
11009,TÚNEL DE LA ROVIRA - BOCA NORD (Sentit Guinardó),2.15820319678061,41.4237056720282,2986.7,3637.5,1.6,gt_2km_control,gt_2km_control,"2017,2018,2019,2020,2021,2022,2023,2024,2025",undirected_osm_highway_utm31n,control_gt2km,other,False,False,18529.714285714286,7,16789.6,15,-1740.1142857142877,-0.09861597406567846
11020,AV. REPÚBLICA ARGENTINA - PL. ALFONSO COMÍN (baixada),2.13814411812842,41.4138256777568,3026.6,3346.4,20.2,gt_2km_control,gt_2km_control,"2017,2018,2019,2020,2021,2022,2023,2024,2025",undirected_osm_highway_utm31n,control_gt2km,other,False,False,12412.714285714286,7,14965.8,20,2553.085714285713,0.18704630501931874
7016,CONCEPCIÓ ARENAL - CIENFUEGOS,2.18403425048882,41.4237442181239,3037.8,3481.6,11.6,gt_2km_control,gt_2km_control,"2017,2018,2019,2020,2021,2022,2023,2024,2025",undirected_osm_highway_utm31n,control_gt2km,other,False,False,5048.142857142857,7,5538.952380952381,21,490.80952380952385,0.09278495737679471
8043,PG. REINA ELISENDA - PARRÒQUIA (Besòs),2.12102580872942,41.3998044404832,3046.5,3280.3,8.5,gt_2km_control,gt_2km_control,"2017,2018,2019,2020,2021,2022,2023,2024,2025",undirected_osm_highway_utm31n,control_gt2km,other,False,False,5993.428571428572,7,7589.583333333333,24,1596.1547619047615,0.23611306218534267
11005,PG. SANT GERVASI - PL. ALFONS COMÍN (sentit muntanya),2.13772155292881,41.4136942318135,3046.6,3389.6,14.6,gt_2km_control,gt_2km_control,"2017,2018,2019,2020,2021,2022,2023,2024,2025",undirected_osm_highway_utm31n,control_gt2km,other,False,False,7952.285714285715,7,7991.083333333333,24,38.797619047618355,0.004866938162852108
8044,PG. REINA ELISENDA - MAJOR DE SARRIÀ (Llobregat),2.12099352595748,41.3998514106913,3051.9,3280.3,9.4,gt_2km_control,gt_2km_control,"2017,2018,2019,2020,2021,2022,2023,2024,2025",undirected_osm_highway_utm31n,control_gt2km,other,False,False,9745.833333333334,6,9026.826086956522,23,-719.007246376812,-0.07663902298563485
7008,AV. MERIDIANA - GARCILASO (Sortida),2.18701281753419,41.4233989454597,3074.9,3346.8,6.8,gt_2km_control,gt_2km_control,"2017,2018,2020,2021,2022,2023,2024,2025",undirected_osm_highway_utm31n,control_gt2km,other,False,False,19193.285714285714,7,18108.0625,16,-1085.2232142857138,-0.05820323441174757
13007,RAMÓN ALBÓ - PG. MARAGALL (sentit muntanya),2.17734136943823,41.4250107991737,3084.5,3730.9,20.7,gt_2km_control,gt_2km_control,"2017,2018,2019,2020,2021,2022,2023,2024,2025",undirected_osm_highway_utm31n,control_gt2km,other,False,False,17830.571428571428,7,12345.318181818182,22,-5485.253246753246,-0.36763758346570086
11007,ESTEVE TERRADES - PL. ALFONS COMÍN (Pujada),2.13828231395387,41.4153164010651,3118.5,3460.6,1.4,gt_2km_control,gt_2km_control,"2017,2018,2019,2020,2021,2022,2023,2024",undirected_osm_highway_utm31n,control_gt2km,other,False,False,12803.42857142857,7,12393.333333333334,6,-410.0952380952367,-0.032554298575920626
17008,PG. VALL D'HEBRON - C. DE TICIÀ (LLOBREGAT),2.13846491209867,41.4165583078464,3195.3,3620.6,10.8,gt_2km_control,gt_2km_control,"2017,2018,2019,2020,2021,2022,2023,2024,2025",undirected_osm_highway_utm31n,control_gt2km,other,False,False,10354.2,5,10614.125,24,259.9249999999993,0.024793426735339352
1012,AV. DIAGONAL - TORRE MELINA (Lateral Entrada),2.11068541931338,41.3838466937179,3223.8,3771.1,7.5,gt_2km_control,gt_2km_control,"2017,2018,2019,2020,2021,2022,2023,2024,2025",undirected_osm_highway_utm31n,control_gt2km,other,False,False,17025.14285714286,7,16004.681818181818,22,-1020.4610389610407,-0.061809949948854026
1021,GONZÁLEZ TABLAS - AV. EXÈRCIT (Baixada),2.11054763467226,41.3848607688299,3242.8,3808.4,5.9,gt_2km_control,gt_2km_control,"2017,2018,2019,2020,2021,2022,2023,2024,2025",undirected_osm_highway_utm31n,control_gt2km,other,False,False,3988.285714285714,7,3604.4166666666665,24,-383.8690476190477,-0.10120154768909906
8047,AV. DE J.V. FOIX - MONESTIR (Mar),2.11735317281791,41.3991127003447,3245.1,3541.3,5.4,gt_2km_control,gt_2km_control,"2017,2018,2019,2020,2021,2022,2023,2024,2025",undirected_osm_highway_utm31n,control_gt2km,other,False,False,8274.42857142857,7,8249.708333333334,24,-24.72023809523671,-0.002992017880190545
8049,BISBE CATALÀ - BOSCH I GIMPERA (Besòs),2.11525368110666,41.3967089012416,3252.2,3691.2,20.9,gt_2km_control,gt_2km_control,"2017,2018,2019,2020,2021,2022,2023,2024,2025",undirected_osm_highway_utm31n,control_gt2km,other,False,False,5741.0,7,5609.25,24,-131.75,-0.023216390427750255
17009,RDA. DALT SORTIDA 6 LLOBREGAT,2.1382406632968,41.4171472520814,3252.5,3760.0,3.6,gt_2km_control,gt_2km_control,"2017,2018,2019,2020,2021,2022,2023,2024,2025",undirected_osm_highway_utm31n,control_gt2km,other,False,False,13314.857142857143,7,12224.416666666666,24,-1090.440476190477,-0.0854451723758114
8050,BISBE CATALÀ - BOSCH I GIMPERA (Llobregat),2.11441068045148,41.3961138675034,3282.7,3806.2,5.1,gt_2km_control,gt_2km_control,"2017,2018,2019,2020,2021,2022,2023,2024,2025",undirected_osm_highway_utm31n,control_gt2km,other,False,False,4452.714285714285,7,3997.375,24,-455.3392857142853,-0.10787596638543029
13001,PG. MARAGALL - MOSSEN JOSEP BUNDÓ (Sentit Eixample),2.16821263086241,41.4274041222241,3298.7,4293.5,7.1,gt_2km_control,gt_2km_control,"2017,2018,2019,2020,2021,2022,2023,2024,2025",undirected_osm_highway_utm31n,control_gt2km,other,False,False,6817.428571428572,7,8555.545454545454,22,1738.1168831168825,0.22709730543470208
13002,PG. MARAGALL - SABASTIDA (Sentit Horta),2.1682073708822,41.4274779481049,3306.9,4293.5,4.6,gt_2km_control,gt_2km_control,"2017,2018,2019,2020,2021,2022,2023,2024,2025",undirected_osm_highway_utm31n,control_gt2km,other,False,False,8798.142857142857,7,7053.5,20,-1744.6428571428569,-0.22101671271884626
11006,AV. VALLCARCA - CAPELLADES (Pujada),2.14075623218984,41.4197848756243,3309.5,3745.2,1.2,gt_2km_control,gt_2km_control,"2017,2018,2019,2020,2021,2022,2023,2024,2025",undirected_osm_highway_utm31n,control_gt2km,other,False,False,4327.571428571428,7,4068.9166666666665,24,-258.6547619047619,-0.061629724910346795
8048,AV. DE J.V. FOIX - MONESTIR (Muntanya),2.11675614016347,41.3995018447573,3310.8,3620.9,10.1,gt_2km_control,gt_2km_control,"2017,2018,2019,2020,2021,2022,2023,2024,2025",undirected_osm_highway_utm31n,control_gt2km,other,False,False,6463.142857142857,7,5976.25,24,-486.8928571428569,-0.07832242892215469
1001,AV. DIAGONAL - TORRE MELINA (Entrada),2.10952517290599,41.3837355108734,3320.1,3906.3,28.0,gt_2km_control,gt_2km_control,"2017,2018,2019,2020,2021,2022,2023,2024,2025",undirected_osm_highway_utm31n,control_gt2km,other,False,False,32952.142857142855,7,31866.869565217392,23,-1085.2732919254631,-0.03348939395630879
10008,CANTÀBRIA - GUIPÚSCOA (Pujada),2.20106339805483,41.4200433612197,3351.4,3465.0,11.1,gt_2km_control,gt_2km_control,"2017,2018,2019,2020,2021,2022,2023,2024,2025",undirected_osm_highway_utm31n,control_gt2km,other,False,False,3612.8571428571427,7,4337.64705882353,17,724.7899159663871,0.1828331371232217
1016,AV. ESPLUGUES - SANTA CATERINA DE SIENA (Besós),2.11072370495595,41.3909736513673,3354.4,3936.6,40.3,gt_2km_control,gt_2km_control,"2017,2018,2019,2020,2022,2023,2024,2025",undirected_osm_highway_utm31n,control_gt2km,other,False,False,5465.571428571428,7,5220.083333333333,24,-245.4880952380954,-0.04595531165033684
1026,AV. ESPLUGUES - MIRET I SANS (Llobregat),2.11068650735979,41.3910102929535,3358.6,3936.6,40.2,gt_2km_control,gt_2km_control,"2017,2018,2020,2021,2022,2023,2024,2025",undirected_osm_highway_utm31n,control_gt2km,other,False,False,6056.8,5,5337.791666666667,24,-719.0083333333332,-0.12636958593644643
7003,AV. MERIDIANA - CARDENAL TEDESCHINI (Sortida),2.18566528121516,41.4265046221932,3369.4,3714.8,7.3,gt_2km_control,gt_2km_control,"2017,2018,2020,2021,2022,2023,2024,2025",undirected_osm_highway_utm31n,control_gt2km,other,False,False,21708.833333333332,6,20431.714285714286,14,-1277.119047619046,-0.06063092824439842
7001,ESCÒCIA - MALGRAT,2.18042256762778,41.4286703635269,3515.5,4156.1,29.6,gt_2km_control,gt_2km_control,"2017,2018,2019,2020,2021,2022,2023,2024,2025",undirected_osm_highway_utm31n,control_gt2km,other,False,False,9652.285714285714,7,8080.25,20,-1572.0357142857138,-0.1777719362392176
13008,ARNAU D'OMS - ESCÒCIA,2.17729717804244,41.4289867755557,3524.7,4129.1,23.1,gt_2km_control,gt_2km_control,"2017,2018,2019,2020,2021,2022,2023,2024,2025",undirected_osm_highway_utm31n,control_gt2km,other,False,False,12415.6,5,10835.727272727272,22,-1579.8727272727283,-0.13610499115076102
10009,GUIPÚSCOA - MARESME (Llobregat),2.20302142326192,41.4209259389645,3533.3,3651.7,24.5,gt_2km_control,gt_2km_control,"2017,2018,2019,2020,2021,2022,2023,2024,2025",undirected_osm_highway_utm31n,control_gt2km,other,False,False,6250.571428571428,7,8358.958333333334,24,2108.3869047619055,0.29066092991690695
10010,GUIPÚSCOA - PUIGCERDÀ (Besós),2.20324041643966,41.4207915403937,3534.5,3651.7,7.8,gt_2km_control,gt_2km_control,"2017,2018,2019,2020,2021,2022,2023,2024,2025",undirected_osm_highway_utm31n,control_gt2km,other,False,False,9772.142857142857,7,10770.272727272728,22,998.129870129871,0.09725404139746274
13012,AVINGUDA DELS QUINZE - JOAN ALCOVER,2.17437672893632,41.4293044872273,3553.4,4209.7,42.9,gt_2km_control,gt_2km_control,"2017,2018,2019,2020,2021,2022,2023,2024,2025",undirected_osm_highway_utm31n,control_gt2km,other,False,False,11147.714285714286,7,11273.809523809523,21,126.09523809523671,0.01124781424827681
13003,TAJO - BAIXADA MERCAT (Sentit Pg. Maragall),2.16096420627312,41.4295602825903,3577.3,,,outside_graph_control,gt_2km_control,"2017,2018,2019,2020,2021,2022,2023,2024,2025",undirected_osm_highway_utm31n,control_gt2km,other,False,False,5529.0,7,5465.695652173913,23,-63.304347826086996,-0.011515561573203215
7036,DUBLÍN - CONCEPCIÓ ARENAL  (sentit Besòs),2.18526032658421,41.4286530385063,3591.1,3925.8,74.8,gt_2km_control,gt_2km_control,"2017,2018,2019,2020,2021,2022,2023,2024,2025",undirected_osm_highway_utm31n,control_gt2km,other,False,False,4723.142857142857,7,4683.666666666667,24,-39.47619047618991,-0.008393158619412588
11027,GENERAL VIVES - MAJOR DE SARRIÀ (Besòs),2.1169058220238,41.4037701460838,3594.1,3766.9,59.4,gt_2km_control,gt_2km_control,"2017,2018,2019,2020,2021,2022,2023,2024,2025",undirected_osm_highway_utm31n,control_gt2km,other,False,False,13860.166666666666,6,12865.09090909091,22,-995.0757575757561,-0.07450150660401889
13004,TAJO - BAIXADA MERCAT (Sentit Av. Estatut),2.1603666115488,41.4296796464981,3598.2,,,outside_graph_control,gt_2km_control,"2017,2018,2019,2020,2021,2022,2023,2024,2025",undirected_osm_highway_utm31n,control_gt2km,other,False,False,7558.857142857143,7,7282.086956521739,23,-276.7701863354041,-0.03730251620559244
11028,GENERAL VIVES - MAJOR DE SARRIÀ (Llobregat),2.11637707646396,41.4034530847319,3604.5,,,outside_graph_control,gt_2km_control,"2017,2018,2019,2020,2021,2022,2023,2024,2025",undirected_osm_highway_utm31n,control_gt2km,other,False,False,12675.857142857143,7,12692.916666666666,24,17.059523809522943,0.0013449232122209054
11014,AV. VALLVIDRERA (Entrada),2.11692952257796,41.4043311996354,3634.0,,,outside_graph_control,gt_2km_control,"2017,2018,2019,2020,2021,2022,2023,2024,2025",undirected_osm_highway_utm31n,control_gt2km,other,False,False,5931.714285714285,7,5683.375,24,-248.33928571428532,-0.04276801178620282
13014,PG. FABRA I PUIG - DAS (Sentit Sant Andreu),2.17130443156633,41.4303195871099,3636.3,,,outside_graph_control,gt_2km_control,"2017,2018,2019,2020,2021,2022,2023,2024,2025",undirected_osm_highway_utm31n,control_gt2km,other,False,False,2699.5714285714284,7,2541.2083333333335,24,-158.36309523809496,-0.06045334055710061
11015,AV. VALLVIDRERA (Sortida),2.11693965961916,41.4043781660851,3636.9,,,outside_graph_control,gt_2km_control,"2017,2018,2019,2020,2021,2022,2023,2024,2025",undirected_osm_highway_utm31n,control_gt2km,other,False,False,5582.857142857143,7,5353.083333333333,24,-229.7738095238101,-0.04202795923470326
13013,PG. FABRA I PUIG - AMÍLCAR (Sentit Horta),2.17121495096827,41.4304004361056,3644.6,,,outside_graph_control,gt_2km_control,"2017,2018,2019,2020,2021,2022,2023,2024,2025",undirected_osm_highway_utm31n,control_gt2km,other,False,False,5110.714285714285,7,4810.916666666667,24,-299.79761904761835,-0.06045153523610125
17007,JOSEP PLÀ - PG. TAULAT (sentit muntanya),2.21594447419887,41.4087451861361,3674.4,,,outside_graph_control,gt_2km_control,"2017,2018,2019,2020,2021,2022,2023,2024,2025",undirected_osm_highway_utm31n,control_gt2km,other,False,False,9654.0,7,8172.782608695652,23,-1481.217391304348,-0.16656289777387379
11013,AV. ESPLUGUES - GONZÁLEZ TABLAS (Sortida),2.10555371036138,41.3866612935988,3679.4,,,outside_graph_control,gt_2km_control,"2017,2018,2019,2020,2021,2022,2023,2024,2025",undirected_osm_highway_utm31n,control_gt2km,other,False,False,4168.0,7,4305.0,24,137.0,0.03234083342862881
7020,PG. FABRA I PUIG - VÈLIA  (sentit muntanya),2.18044874195065,41.4302232004653,3686.7,,,outside_graph_control,gt_2km_control,"2017,2018,2019,2020,2021,2022,2023,2024,2025",undirected_osm_highway_utm31n,control_gt2km,other,False,False,10257.285714285714,7,12039.52380952381,21,1782.2380952380954,0.16020663391604373
11012,AV. ESPLUGUES - JARDINS CERVANTES (Entrada),2.10533737568672,41.3860691651983,3689.5,,,outside_graph_control,gt_2km_control,"2017,2018,2019,2020,2021,2022,2023,2024,2025",undirected_osm_highway_utm31n,control_gt2km,other,False,False,6834.571428571428,7,7391.5,24,556.9285714285716,0.07833692562572381
10011,RBLA. PRIM - CONCILI DE TRENTO (Baixada),2.20629082616235,41.4209026395824,3720.1,,,outside_graph_control,gt_2km_control,"2017,2018,2019,2020,2021,2022,2023,2024,2025",undirected_osm_highway_utm31n,control_gt2km,other,False,False,3027.0,7,3161.5,24,134.5,0.04347456847694886
7026,PG. FABRA I PUIG - CONCEPCIÓ ARENAL (sentit muntanya),2.18422824208619,41.4301803551681,3736.4,,,outside_graph_control,gt_2km_control,"2017,2018,2019,2020,2021,2022,2023,2024,2025",undirected_osm_highway_utm31n,control_gt2km,other,False,False,9668.142857142857,7,9626.708333333334,24,-41.43452380952294,-0.004294885417087002
17006,"SORTIDA 24, RONDA LITORAL (sentit Besòs)",2.21819681075447,41.4055540069911,3749.8,4712.8,56.5,gt_2km_control,gt_2km_control,"2017,2018,2019,2020,2021,2022,2023,2024,2025",undirected_osm_highway_utm31n,control_gt2km,other,False,False,6217.0,7,6110.416666666667,24,-106.58333333333303,-0.017292510211685652
17004,AV. LITORAL - SELVA DE MAR (sentit Besòs),2.21826567709246,41.4054905072671,3753.6,4712.8,64.0,gt_2km_control,gt_2km_control,"2017,2018,2019,2020,2021,2022,2023,2024,2025",undirected_osm_highway_utm31n,control_gt2km,other,False,False,3979.1428571428573,7,4162.869565217391,23,183.7267080745337,0.04513820222648057
17003,PG. GARCIA FARIA - JOSEP PLÀ (sentit Llobregat),2.21790107855386,41.4065939942215,3755.8,,,outside_graph_control,gt_2km_control,"2017,2018,2019,2020,2021,2022,2023,2024,2025",undirected_osm_highway_utm31n,control_gt2km,other,False,False,16801.714285714286,7,17628.875,24,827.1607142857138,0.04805726066936877
10012,RBLA. PRIM - CONCILI DE TRENTO (Pujada),2.20582046709715,41.4217910120223,3762.9,,,outside_graph_control,gt_2km_control,"2017,2018,2019,2020,2021,2022,2023,2024,2025",undirected_osm_highway_utm31n,control_gt2km,other,False,False,5842.142857142857,7,5185.35,20,-656.7928571428565,-0.11926031531751846
13016,DOCTOR PI I MOLIST - ALLOZA (carril Bus),2.17413983149495,41.4314529739963,3789.1,,,outside_graph_control,gt_2km_control,"2017,2018,2019,2020,2021,2022,2023,2024,2025",undirected_osm_highway_utm31n,control_gt2km,other,False,False,1907.4285714285713,7,1819.6666666666667,24,-87.76190476190459,-0.04710270317270915
11001,AV. ESTATUT- LISBOA (Pujada),2.15522900634285,41.4306514538133,3796.1,,,outside_graph_control,gt_2km_control,"2017,2018,2019,2020,2021,2022,2023,2024,2025",undirected_osm_highway_utm31n,control_gt2km,other,False,False,15694.42857142857,7,12794.652173913044,23,-2899.7763975155267,-0.2042784966015727
13015,DOCTOR PI I MOLIST - ESCULTOR ORDOÑEZ (sentit mar),2.17408378594873,41.4316867290554,3814.1,,,outside_graph_control,gt_2km_control,"2017,2018,2019,2020,2021,2022,2023,2024,2025",undirected_osm_highway_utm31n,control_gt2km,other,False,False,6547.714285714285,7,5826.304347826087,23,-721.4099378881983,-0.11673312797349489
10013,RBLA. PRIM - CRISTÓBAL DE MOURA (Baixada),2.21346256192603,41.415434528203,3814.7,,,outside_graph_control,gt_2km_control,"2017,2018,2019,2020,2021,2022,2023,2024,2025",undirected_osm_highway_utm31n,control_gt2km,other,False,False,3910.1428571428573,7,3769.6666666666665,18,-140.47619047619082,-0.03658732946242971
17001,AV. DIAGONAL - LLULL (Baixada),2.21689026434743,41.4107128902073,3828.2,,,outside_graph_control,gt_2km_control,"2017,2018,2019,2020,2021,2022,2023,2024,2025",undirected_osm_highway_utm31n,control_gt2km,other,False,False,3304.1428571428573,7,3182.05,20,-122.09285714285716,-0.03765144917810126
17002,AV. DIAGONAL - RAMBLA PRIM (Pujada),2.21680346713813,41.4108925544173,3829.3,,,outside_graph_control,gt_2km_control,"2017,2019,2020,2021,2022,2023,2024,2025",undirected_osm_highway_utm31n,control_gt2km,other,False,False,2303.1428571428573,7,2575.8333333333335,24,272.69047619047615,0.11189845654992947
11003,AV. ESTATUT - PL. CIUTADELLA (Pujada),2.15449840389739,41.4315644473508,3910.2,,,outside_graph_control,gt_2km_control,"2017,2018,2019,2020,2021,2022,2023,2024,2025",undirected_osm_highway_utm31n,control_gt2km,other,False,False,16291.57142857143,7,14833.375,24,-1458.1964285714294,-0.09376817431484241
11002,AV. ESTATUT - CAN TRAVI NOU (Baixada),2.15416783936624,41.431797826656,3942.7,,,outside_graph_control,gt_2km_control,"2017,2018,2019,2020,2021,2022,2023,2024,2025",undirected_osm_highway_utm31n,control_gt2km,other,False,False,19618.571428571428,7,15417.291666666666,24,-4201.2797619047615,-0.24098692447775782
7031,FABRA I PUIG - CANIGÓ (Besòs),2.16351120837962,41.4341815807777,4063.0,,,outside_graph_control,gt_2km_control,"2017,2018,2019,2020,2021,2022,2023,2024,2025",undirected_osm_highway_utm31n,control_gt2km,other,False,False,5574.666666666667,6,5377.875,24,-196.79166666666697,-0.035939210090861096
7032,FABRA I PUIG - CANIGÓ (Llobregat),2.16342285344408,41.4341947880258,4065.1,,,outside_graph_control,gt_2km_control,"2017,2018,2019,2020,2021,2022,2023,2024,2025",undirected_osm_highway_utm31n,control_gt2km,other,False,False,6956.166666666667,6,7153.666666666667,24,197.5,0.02799648943589439
10017,RBLA. GUIPÚSCOA - EXTREMADURA (Entrada),2.20842324538341,41.4249817109825,4170.1,,,outside_graph_control,gt_2km_control,"2017,2018,2019,2020,2021,2022,2023,2024,2025",undirected_osm_highway_utm31n,control_gt2km,other,False,False,6226.857142857143,7,6457.375,24,230.51785714285688,0.036351154404746566
10018,RBLA. GUIPÚSCOA - CAMÍ DE LA VERNEDA (Sortida),2.20866893012187,41.4248191757687,4170.8,,,outside_graph_control,gt_2km_control,"2017,2019,2020,2021,2022,2023,2024,2025",undirected_osm_highway_utm31n,control_gt2km,other,False,False,6590.142857142857,7,5776.375,24,-813.7678571428569,-0.13179870284057138
13009,AV. RIO DE JANEIRO - PINTOR ALSAMORA (sentit Besòs),2.1799243098505,41.4353182023915,4243.5,,,outside_graph_control,gt_2km_control,"2017,2018,2019,2020,2021,2022,2023,2024,2025",undirected_osm_highway_utm31n,control_gt2km,other,False,False,12870.333333333334,6,16031.041666666666,24,3160.708333333332,0.21960202553647434
11004,AV. ESTATUT - PG. VALLDAURA (Baixada),2.15343747453683,41.4359420769539,4402.1,,,outside_graph_control,gt_2km_control,"2017,2018,2019,2020,2021,2022,2023,2024,2025",undirected_osm_highway_utm31n,control_gt2km,other,False,False,12876.142857142857,7,10763.95652173913,23,-2112.186335403727,-0.17917301458618518
7011,AV. MERIDIANA  - ROSSELLÓ I PORCEL (Sortida),2.18435802147206,41.436297355113,4404.2,,,outside_graph_control,gt_2km_control,"2017,2018,2019,2020,2021,2022,2023,2024,2025",undirected_osm_highway_utm31n,control_gt2km,other,False,False,19757.428571428572,7,18041.636363636364,22,-1715.7922077922085,-0.09084733278737112
7039,AV. MERIDIANA - ROSSELLÓ I PORCEL (sentit Llobregat),2.184249,41.436573,4432.7,,,outside_graph_control,gt_2km_control,"2019,2020,2021,2022,2023,2024,2025",undirected_osm_highway_utm31n,control_gt2km,other,False,False,42508.28571428572,7,38821.73684210526,19,-3686.5488721804577,-0.0907186972622469
11010,CTRA. D'HORTA A CERDANYOLA - RONDA DE DALT (Entrada),2.15342694147954,41.4371872086848,4535.8,,,outside_graph_control,gt_2km_control,"2017,2018,2019,2020,2021,2022,2023,2024,2025",undirected_osm_highway_utm31n,control_gt2km,other,False,False,2620.5714285714284,7,2615.9565217391305,23,-4.614906832297947,-0.0017625831737557718
11011,CTRA. D'HORTA A CERDANYOLA - AV. ESTATUT (Sortida),2.15350250879794,41.4372114000455,4536.8,,,outside_graph_control,gt_2km_control,"2017,2018,2019,2020,2021,2022,2023,2024,2025",undirected_osm_highway_utm31n,control_gt2km,other,False,False,1564.5714285714287,7,1728.2380952380952,21,163.66666666666652,0.09949050855544783
13018,PG. VALLDAURA - GASELA (Baixada),2.16985328571021,41.4388404413877,4572.4,,,outside_graph_control,gt_2km_control,"2017,2018,2019,2020,2021,2022,2023,2024,2025",undirected_osm_highway_utm31n,control_gt2km,other,False,False,7584.857142857143,7,5712.0526315789475,19,-1872.8045112781956,-0.2835753392511222
13017,PG. VALLDAURA - ISARD (Pujada),2.17000178264723,41.438915647615,4581.3,,,outside_graph_control,gt_2km_control,"2017,2018,2019,2020,2021,2022,2023,2024,2025",undirected_osm_highway_utm31n,control_gt2km,other,False,False,8212.285714285714,7,7832.083333333333,24,-380.20238095238074,-0.04740274556091961
16004,SANT ADRIÀ - PG. L'HAVANA (Sentit Torras i Bages),2.19543659774195,41.4355378293433,4585.4,,,outside_graph_control,gt_2km_control,"2017,2018,2019,2020,2021,2022,2023,2024,2025",undirected_osm_highway_utm31n,control_gt2km,other,False,False,11203.57142857143,7,10553.952380952382,21,-649.6190476190477,-0.059732181991245525
7025,PG. VALLDAURA - ESCULTOR ORDOÑEZ (Baixada),2.17976824691788,41.4389892706886,4647.9,,,outside_graph_control,gt_2km_control,"2017,2018,2019,2020,2021,2022,2023,2024,2025",undirected_osm_highway_utm31n,control_gt2km,other,False,False,4412.571428571428,7,4266.6875,16,-145.88392857142844,-0.03361984484858027
7024,PG. VALLDAURA - SANT FRANCESC XAVIER (Pujada),2.179324,41.439067,4653.2,,,outside_graph_control,gt_2km_control,"2017,2018,2019,2020,2021,2022,2023,2024,2025",undirected_osm_highway_utm31n,control_gt2km,other,False,False,8364.57142857143,7,8098.5,14,-266.07142857142935,-0.03232623989929806
7014,AV. RIO JANEIRO - ARGULLÓS (Llobregat),2.18285449286069,41.4402352832474,4815.3,,,outside_graph_control,gt_2km_control,"2017,2018,2019,2020,2021,2022,2023,2024,2025",undirected_osm_highway_utm31n,control_gt2km,other,False,False,5305.714285714285,7,5451.458333333333,24,145.7440476190477,0.027098750109527003
7028,PG. TORRAS I BAGES - RESIDÈNCIA (Llobregat),2.19091250206101,41.4403054581178,4963.2,,,outside_graph_control,gt_2km_control,"2017,2018,2019,2020,2021,2022,2023,2024,2025",undirected_osm_highway_utm31n,control_gt2km,other,False,False,8786.42857142857,7,8795.666666666666,24,9.238095238095411,0.0010508526956680697
7027,PG. TORRAS I BAGES - RESIDÈNCIA (Besòs),2.19101844747515,41.4403222023756,4967.4,,,outside_graph_control,gt_2km_control,"2017,2018,2019,2020,2021,2022,2023,2024,2025",undirected_osm_highway_utm31n,control_gt2km,other,False,False,6427.714285714285,7,5981.541666666667,24,-446.17261904761835,-0.07194065996472787
7015,AV. RIO JANEIRO - JOAQUIM VALLS (Besós),2.1844969664331,41.4414843505667,4973.4,,,outside_graph_control,gt_2km_control,"2017,2018,2019,2020,2021,2022,2023,2024,2025",undirected_osm_highway_utm31n,control_gt2km,other,False,False,8579.142857142857,7,7903.521739130435,23,-675.6211180124219,-0.08202555850803606
7029,VIA JÚLIA - FRANCESC XAVIER  (sentit muntanya),2.17837466735042,41.4427399703874,5054.3,,,outside_graph_control,gt_2km_control,"2017,2018,2019,2020,2021,2022,2023,2024,2025",undirected_osm_highway_utm31n,control_gt2km,other,False,False,4250.0,7,3812.782608695652,23,-437.217391304348,-0.10855971687906596
7022,AV. MERIDIANA - RIO DE JANEIRO (Entrada),2.18606065513342,41.4420708545338,5060.5,,,outside_graph_control,gt_2km_control,"2017,2018,2019,2020,2021,2022,2023,2024,2025",undirected_osm_highway_utm31n,control_gt2km,other,False,False,34069.28571428572,7,33513.041666666664,24,-556.2440476190532,-0.016461599658800452
7030,VIA JÚLIA - BATLLORI  (sentit mar),2.1780638682536,41.4429273415817,5073.5,,,outside_graph_control,gt_2km_control,"2017,2018,2019,2020,2021,2022,2023,2024,2025",undirected_osm_highway_utm31n,control_gt2km,other,False,False,4300.857142857143,7,4241.869565217391,23,-58.98757763975209,-0.013810231129706807
16003,FERRAN JUNOY - SAO PAULO,2.19660020974202,41.4420396242204,5293.6,,,outside_graph_control,gt_2km_control,"2017,2018,2019,2020,2021,2022,2023,2024,2025",undirected_osm_highway_utm31n,control_gt2km,other,False,False,6505.142857142857,7,6170.875,24,-334.2678571428569,-0.05275242975465311
16002,POTOSÍ - FERRAN JUNOY (Sentit Santa Coloma),2.19764185172385,41.4425552099912,5377.8,,,outside_graph_control,gt_2km_control,"2017,2018,2019,2020,2021,2022,2023,2024,2025",undirected_osm_highway_utm31n,control_gt2km,other,False,False,15645.142857142857,7,16963.095238095237,21,1317.9523809523798,0.08087960771002756
16001,POTOSÍ - CIUTAT D'ASUNCIÓN (Sentit Torras i Bages),2.19762242636993,41.4427067719695,5392.9,,,outside_graph_control,gt_2km_control,"2017,2018,2019,2020,2021,2022,2023,2024,2025",undirected_osm_highway_utm31n,control_gt2km,other,False,False,3228.0,7,3133.65,20,-94.34999999999991,-0.029664291076672455
7023,AV. MERIDIANA - PG. SANTA COLOMA (Sortida),2.18719181690707,41.4450823605518,5406.7,,,outside_graph_control,gt_2km_control,"2017,2018,2019,2020,2021,2022,2023,2024,2025",undirected_osm_highway_utm31n,control_gt2km,other,False,False,31197.428571428572,7,33856.958333333336,24,2659.5297619047633,0.0818088681581397
7019,PG. SANTA COLOMA - CTRA. DE RIBES (Besòs),2.18968658758166,41.4449161583602,5432.9,,,outside_graph_control,gt_2km_control,"2017,2018,2019,2020,2021,2022,2023,2024,2025",undirected_osm_highway_utm31n,control_gt2km,other,False,False,10122.42857142857,7,10500.041666666666,24,377.6130952380954,0.03662561292633626
7018,PG. SANTA COLOMA - PG. TORRAS I BAGES (Llobregat) ,2.18962140461431,41.4449541900293,5435.7,,,outside_graph_control,gt_2km_control,"2017,2018,2019,2020,2021,2022,2023,2024,2025",undirected_osm_highway_utm31n,control_gt2km,other,False,False,6977.142857142857,7,7076.5,24,99.35714285714312,0.01413993500456634
16006,PG. SANTA COLOMA - C. TIANA (Sentit Llobregat) ,2.19806376689669,41.4479426516473,5951.9,,,outside_graph_control,gt_2km_control,"2017,2018,2019,2020,2021,2022,2023,2024,2025",undirected_osm_highway_utm31n,control_gt2km,other,False,False,5588.142857142857,7,4763.066666666667,15,-825.0761904761903,-0.15975528755262047
